{
"type": "FeatureCollection",
"name": "Ward1",
"crs": { "type": "name", "properties": { "name": "urn:ogc:def:crs:OGC:1.3:CRS84" } },
"features": [
{ "type": "Feature", "properties": { "gid": 227, "pop2009": 5195.0, "county": "MARSABIT", "subcounty": "MOYALE", "ward": "OBBU", "uid": "fBMKIsnV2ZV", "scuid": "sZjPgbWI5ra", "cuid": "Eey8fT4Im3y" }, "geometry": { "type": "MultiPolygon", "coordinates": [ [ [ [ 38.90442137322124, 3.512610869476688 ], [ 38.91579465730576, 3.512538884123685 ], [ 38.923410690944479, 3.51276590955066 ], [ 38.923319768924536, 3.512560888257039 ], [ 38.923224464818396, 3.512358235763938 ], [ 38.923124777626214, 3.512157951071442 ], [ 38.923020709347973, 3.511960035179372 ], [ 38.922900626729572, 3.511743006944973 ], [ 38.922783774191593, 3.511542671272889 ], [ 38.922668156690698, 3.511355612458444 ], [ 38.92255273120427, 3.511180156646598 ], [ 38.922476093563027, 3.51107415382894 ], [ 38.922333576524366, 3.510891577654303 ], [ 38.922281035402236, 3.510822203665939 ], [ 38.922230976328933, 3.510751632778239 ], [ 38.92218874841825, 3.510686233438751 ], [ 38.922150810594736, 3.510621729018354 ], [ 38.922113353777256, 3.510553213942276 ], [ 38.922076053958747, 3.510480100261305 ], [ 38.92203834212664, 3.510401271071968 ], [ 38.921963795469935, 3.51023245765148 ], [ 38.92185076494124, 3.509958347317425 ], [ 38.921819971249839, 3.50988092700065 ], [ 38.921789825567942, 3.509799672012932 ], [ 38.921760076889868, 3.509713910412117 ], [ 38.921730299206018, 3.509622419303972 ], [ 38.921670427816409, 3.509422507543041 ], [ 38.921554566099502, 3.509005398503612 ], [ 38.921502588888622, 3.508826996886568 ], [ 38.921442827513957, 3.508640896938481 ], [ 38.92141303483632, 3.508556571214514 ], [ 38.921382786153622, 3.508476577118644 ], [ 38.921226759637058, 3.508069721235468 ], [ 38.921161331166687, 3.507903732564034 ], [ 38.921089600564088, 3.507731981393855 ], [ 38.921021034043726, 3.507580382488499 ], [ 38.920945664386466, 3.507428992571519 ], [ 38.920907540553678, 3.507358432672065 ], [ 38.920868905713498, 3.50729088751393 ], [ 38.920829587861903, 3.507226063122514 ], [ 38.920789525997847, 3.50716386350621 ], [ 38.920748627119139, 3.507104144677464 ], [ 38.920706818224282, 3.507046799645445 ], [ 38.92066241127818, 3.506990676510902 ], [ 38.920610874185165, 3.506930953692266 ], [ 38.920550759914342, 3.506865756352236 ], [ 38.920367915054761, 3.506673792022592 ], [ 38.920312288876559, 3.506610978473443 ], [ 38.920264839867365, 3.506552877511762 ], [ 38.920227549070624, 3.506503232813687 ], [ 38.920188360230135, 3.506447553636126 ], [ 38.92001217943384, 3.506178183954131 ], [ 38.919968104487559, 3.506114545465254 ], [ 38.919926855605574, 3.506058954282063 ], [ 38.919864932287823, 3.505982297928712 ], [ 38.919797052849582, 3.505905127625105 ], [ 38.919722560277016, 3.505826688436677 ], [ 38.919640139542182, 3.505745595483754 ], [ 38.919562210905696, 3.505672966798987 ], [ 38.91947382705267, 3.505593941673833 ], [ 38.919150713288751, 3.505316255842846 ], [ 38.919022036592082, 3.505202385750247 ], [ 38.918893223885746, 3.505080959307331 ], [ 38.918836118682584, 3.505023454303387 ], [ 38.918782910559067, 3.504967124194763 ], [ 38.918703209871552, 3.504877829944312 ], [ 38.918622511158091, 3.504782156243271 ], [ 38.918539955400483, 3.504679092179075 ], [ 38.918453891563516, 3.504566580930425 ], [ 38.918300947289723, 3.50435641413811 ], [ 38.917955470879768, 3.503865362669472 ], [ 38.917867679000651, 3.503744894106407 ], [ 38.91778647826618, 3.503637256434277 ], [ 38.917708209598118, 3.503537648069269 ], [ 38.917632145981038, 3.503445201086586 ], [ 38.917557265393143, 3.503358675593837 ], [ 38.917482972822029, 3.5032773876503 ], [ 38.917287066679201, 3.503063325232856 ], [ 38.917198469809705, 3.502971008250543 ], [ 38.917150514800824, 3.502924396301846 ], [ 38.91710445783449, 3.502882390955332 ], [ 38.91705943589249, 3.502844206279474 ], [ 38.917014995965317, 3.50280946130732 ], [ 38.916955891736833, 3.502768138914127 ], [ 38.916887308316149, 3.502725664628891 ], [ 38.916819865922399, 3.502687393981055 ], [ 38.916655357526196, 3.502597829832421 ], [ 38.916573016823001, 3.50254950206296 ], [ 38.916497626259975, 3.502501184286219 ], [ 38.916420173651318, 3.502448490887521 ], [ 38.916339851980361, 3.502390876914418 ], [ 38.916255098214585, 3.502327224464625 ], [ 38.916100906996761, 3.502205626060189 ], [ 38.915737505404472, 3.501909640840183 ], [ 38.91564008237183, 3.501833286493954 ], [ 38.915551065516979, 3.501766256338381 ], [ 38.915457412568927, 3.501699268183578 ], [ 38.915367720706762, 3.501639073441063 ], [ 38.915280543900636, 3.501584701195646 ], [ 38.915195084134034, 3.501535660490406 ], [ 38.915104045256889, 3.501488658615043 ], [ 38.915006497250694, 3.501443938549552 ], [ 38.914901413094213, 3.501401021336013 ], [ 38.914786700744727, 3.501359051049957 ], [ 38.914685804681135, 3.501325345040669 ], [ 38.914572170359484, 3.501289974186308 ], [ 38.914200453771535, 3.501181917818804 ], [ 38.914068349073673, 3.501142112362711 ], [ 38.913943416519594, 3.501101651956329 ], [ 38.913831915236955, 3.501062073461621 ], [ 38.913726744080179, 3.501020684116851 ], [ 38.913629363078989, 3.50097786288786 ], [ 38.91353841720575, 3.500933012827518 ], [ 38.913453168444946, 3.500885762968013 ], [ 38.91335333237614, 3.500823072449487 ], [ 38.913247003165552, 3.500748407966293 ], [ 38.913130427735368, 3.500659405724994 ], [ 38.912890708729634, 3.500466995487105 ], [ 38.912786102547621, 3.500385656575994 ], [ 38.912673392201988, 3.500303916706988 ], [ 38.912569212040744, 3.500235864653311 ], [ 38.912391666366382, 3.500129504960566 ], [ 38.912233764103753, 3.500040659744066 ], [ 38.912085902054429, 3.499963940475813 ], [ 38.911945242160073, 3.499897918281413 ], [ 38.911833635869868, 3.499852445293573 ], [ 38.911707019278595, 3.499808431194212 ], [ 38.911579609675904, 3.499769381668851 ], [ 38.911245061847531, 3.499673131251982 ], [ 38.911147756858739, 3.499642234997879 ], [ 38.911061285088863, 3.499611962680099 ], [ 38.910776996266378, 3.499508430842876 ], [ 38.910625422158702, 3.49944964703618 ], [ 38.910551792646871, 3.499418720762794 ], [ 38.910483586244695, 3.499388118456577 ], [ 38.910419629927972, 3.499357312163956 ], [ 38.910359319684176, 3.499326007910735 ], [ 38.910247732377307, 3.499261920523055 ], [ 38.910128105897165, 3.499185553198598 ], [ 38.909999154217616, 3.499096545969206 ], [ 38.909813345350891, 3.49896206470161 ], [ 38.909697016928646, 3.498876249186366 ], [ 38.909589365684894, 3.498794518311869 ], [ 38.909488479579878, 3.498715422204579 ], [ 38.909393431594253, 3.498638227928477 ], [ 38.909303177706136, 3.498562073558554 ], [ 38.909217636913787, 3.498486871102528 ], [ 38.909136451209875, 3.498412307587435 ], [ 38.909059382589277, 3.498338163032563 ], [ 38.908976606843119, 3.498252489474015 ], [ 38.90889441810176, 3.498159187570889 ], [ 38.908811990347942, 3.498057328403551 ], [ 38.908727812549166, 3.497945049133566 ], [ 38.908654514977236, 3.497841091138256 ], [ 38.90857537227506, 3.497723435325857 ], [ 38.908305145446057, 3.497303198702225 ], [ 38.908195695090072, 3.497138254983207 ], [ 38.908136018809138, 3.497052408418379 ], [ 38.908078710582139, 3.496973341268496 ], [ 38.908022704386241, 3.496899583661047 ], [ 38.907967434209418, 3.49683039765984 ], [ 38.907840458514656, 3.496681248599271 ], [ 38.907693442404323, 3.496519162669284 ], [ 38.907550777392146, 3.496368537749981 ], [ 38.907219111395776, 3.496025292564571 ], [ 38.90706554715193, 3.495861483788857 ], [ 38.906936849427176, 3.495717431291638 ], [ 38.906823490019924, 3.495582592988287 ], [ 38.90673272608641, 3.495468049919316 ], [ 38.906640711121256, 3.49534638946334 ], [ 38.906546537105015, 3.495216414724174 ], [ 38.906609836380611, 3.495216629647347 ], [ 38.906676031712102, 3.495214203794838 ], [ 38.906745809113382, 3.495209116167908 ], [ 38.906820516611418, 3.495201268773727 ], [ 38.906959553395104, 3.495181821317336 ], [ 38.907299425192328, 3.495126386769735 ], [ 38.907392603058369, 3.495113971751188 ], [ 38.907476603743021, 3.495105384411994 ], [ 38.907654131308647, 3.495093001312929 ], [ 38.907839755041529, 3.495085187813479 ], [ 38.908035356979561, 3.495081858919299 ], [ 38.908244606196561, 3.495082947632754 ], [ 38.908431410964234, 3.495087185096199 ], [ 38.908639276159093, 3.495094624264964 ], [ 38.90935498661073, 3.495129042646006 ], [ 38.909633183226006, 3.495140179431969 ], [ 38.909915462919201, 3.495146596619971 ], [ 38.910169355034228, 3.495146176422024 ], [ 38.910654444799725, 3.495137483722015 ], [ 38.910827984291366, 3.495132299007739 ], [ 38.910985340455809, 3.495125778423212 ], [ 38.911200519780692, 3.495114401202851 ], [ 38.911407900946934, 3.495101300137919 ], [ 38.911608633977572, 3.495086404233542 ], [ 38.911803487888015, 3.495069654493812 ], [ 38.911993306695344, 3.495050973924833 ], [ 38.912178359404841, 3.495030334528581 ], [ 38.912359056024606, 3.495007687308978 ], [ 38.912535712561215, 3.494982995268908 ], [ 38.912679575441679, 3.4949634358178 ], [ 38.913099156847551, 3.494911521894029 ], [ 38.913229749460861, 3.494892055447177 ], [ 38.91334580578026, 3.494871499107519 ], [ 38.913472968317208, 3.4948441243437 ], [ 38.913589872644138, 3.49481313590008 ], [ 38.913698686804189, 3.494777954824382 ], [ 38.913800489818875, 3.494738224146277 ], [ 38.913861490023024, 3.494711102421746 ], [ 38.913923894252989, 3.494681245931079 ], [ 38.914053995811578, 3.494612804695257 ], [ 38.914193274543415, 3.494531659543108 ], [ 38.914351279635866, 3.494432261943027 ], [ 38.914462652812688, 3.494358999138994 ], [ 38.914560065714355, 3.494292320781764 ], [ 38.914648729442419, 3.494228655173576 ], [ 38.914730222027735, 3.494166852411916 ], [ 38.914806476507827, 3.494105386626148 ], [ 38.914877251877968, 3.494044392804724 ], [ 38.914943020147305, 3.493983459982774 ], [ 38.915004068321338, 3.493922324182615 ], [ 38.915049372189152, 3.493873173366589 ], [ 38.915094868057132, 3.49382004389239 ], [ 38.915140993933754, 3.493762428803338 ], [ 38.915188563834484, 3.493699313185858 ], [ 38.915279838554731, 3.493569496262729 ], [ 38.915452858803754, 3.493310399379129 ], [ 38.915630279142377, 3.493052424395132 ], [ 38.915719039806454, 3.492916491000354 ], [ 38.915760815585237, 3.492847703875892 ], [ 38.915797999274581, 3.492782312463733 ], [ 38.915831238886561, 3.492719172861623 ], [ 38.91586085142702, 3.492657680121228 ], [ 38.915964919317041, 3.492431552467032 ], [ 38.915995271861227, 3.49235783677684 ], [ 38.916019359285656, 3.492291276477378 ], [ 38.916039414628585, 3.4922244152074 ], [ 38.91605357585663, 3.492161708585734 ], [ 38.916062033972835, 3.492102302685371 ], [ 38.916064846977839, 3.492045755544573 ], [ 38.916061829861484, 3.491984886780711 ], [ 38.916052769620457, 3.491920883291856 ], [ 38.916037629253893, 3.491853485100551 ], [ 38.916016303759179, 3.491782209248377 ], [ 38.915989265146735, 3.491708077646944 ], [ 38.915955590395377, 3.491628141550652 ], [ 38.915914759493162, 3.49154094708504 ], [ 38.915860850309272, 3.491433832344319 ], [ 38.915840026854681, 3.491395451663332 ], [ 38.91581657934649, 3.491356221057944 ], [ 38.915760557142008, 3.491273172249905 ], [ 38.915702780907885, 3.491196334909505 ], [ 38.915560677880627, 3.491016283520869 ], [ 38.915493656446095, 3.490923895525984 ], [ 38.915441967333287, 3.490845636302223 ], [ 38.915389942209231, 3.490762498498273 ], [ 38.91533703206219, 3.490673610189535 ], [ 38.915282190869341, 3.490577213528143 ], [ 38.915185045748373, 3.49039776704624 ], [ 38.914963871906707, 3.489975088591503 ], [ 38.914905816639532, 3.489868208834493 ], [ 38.914851888465812, 3.489772519111527 ], [ 38.914797028275572, 3.489679389169371 ], [ 38.914743374115631, 3.489592821661795 ], [ 38.914690138968993, 3.489511547698783 ], [ 38.914636870825809, 3.489434881339673 ], [ 38.914582705667435, 3.489361253720014 ], [ 38.914524370423266, 3.489285765264312 ], [ 38.914461302081428, 3.489207683035859 ], [ 38.914392395618322, 3.489125639153527 ], [ 38.914254570698255, 3.488968545787376 ], [ 38.913987978059275, 3.488674814288129 ], [ 38.913880876792071, 3.488554791706412 ], [ 38.913772400491553, 3.488428665650694 ], [ 38.913678086485959, 3.488313020680844 ], [ 38.913487481421832, 3.488067356978844 ], [ 38.913292828262954, 3.487807288519134 ], [ 38.913092313970701, 3.48753040251092 ], [ 38.912882499471465, 3.487231955365206 ], [ 38.91264824745263, 3.486903776798482 ], [ 38.91255730750008, 3.486771717237034 ], [ 38.912509653473343, 3.486698565570675 ], [ 38.912466849547812, 3.486629291566501 ], [ 38.912428067705612, 3.486562549340882 ], [ 38.912392907938091, 3.486497646953715 ], [ 38.912337463718735, 3.486385483648961 ], [ 38.912281380474667, 3.486260284465579 ], [ 38.912223357177531, 3.486119642611963 ], [ 38.912148111485479, 3.485926518286699 ], [ 38.912085405071196, 3.48576097157876 ], [ 38.91203795399467, 3.485628774989322 ], [ 38.911997970079199, 3.485508212392589 ], [ 38.911964514303044, 3.485396184056136 ], [ 38.911935417615361, 3.485284872653925 ], [ 38.911907264935806, 3.485161520286274 ], [ 38.911879536252648, 3.485024886060351 ], [ 38.911842116316549, 3.484825055277176 ], [ 38.911816798664553, 3.484669269695845 ], [ 38.911768233362089, 3.484313709313653 ], [ 38.911754465007256, 3.484228707635264 ], [ 38.911740117648314, 3.484151939249524 ], [ 38.911716740087911, 3.484053780711273 ], [ 38.911663453845108, 3.4838680907271 ], [ 38.911643625376634, 3.48379240625323 ], [ 38.911627172973184, 3.483713428059384 ], [ 38.911617718717743, 3.483642002209804 ], [ 38.911615023625785, 3.483600712762594 ], [ 38.911614127568292, 3.483557413486564 ], [ 38.911615806544248, 3.483493915945065 ], [ 38.911620922582912, 3.483423136026447 ], [ 38.911650009939585, 3.483171438642565 ], [ 38.911658518019486, 3.483070873282151 ], [ 38.911668743034326, 3.482861030316655 ], [ 38.911675960980361, 3.48264213213267 ], [ 38.911680242857187, 3.482412158903837 ], [ 38.911681659662797, 3.482167311956512 ], [ 38.911680494420658, 3.481927181606186 ], [ 38.91167694310554, 3.481659696610294 ], [ 38.911658515939308, 3.480786356725833 ], [ 38.91165391570523, 3.480631038086053 ], [ 38.911645915386423, 3.480457906981084 ], [ 38.911611236174565, 3.479894052499648 ], [ 38.911600395771373, 3.479690991971151 ], [ 38.911593289450302, 3.479495441793447 ], [ 38.911590955242431, 3.479318682995446 ], [ 38.91159254015043, 3.479182416711891 ], [ 38.911597315128446, 3.479052570873318 ], [ 38.911605025162437, 3.478919180336864 ], [ 38.911614873237376, 3.478783427001729 ], [ 38.911617651264272, 3.478751422751345 ], [ 38.911626869353306, 3.478645187878378 ], [ 38.91164102751042, 3.478504304980377 ], [ 38.911657356708766, 3.478360661317855 ], [ 38.911675888948729, 3.478213971915269 ], [ 38.911719711555335, 3.477910312987967 ], [ 38.911771387291104, 3.477574548814477 ], [ 38.911801295726832, 3.47739108856361 ], [ 38.911832599199514, 3.477217340476402 ], [ 38.91186433469732, 3.477061598840345 ], [ 38.911900190279937, 3.476907940021424 ], [ 38.911938693925556, 3.476764841292058 ], [ 38.911980414643757, 3.476630198832462 ], [ 38.912025705440506, 3.476502886739309 ], [ 38.912125770212292, 3.476234345741088 ], [ 38.912157531781247, 3.476156244428434 ], [ 38.912188088334489, 3.476087668297748 ], [ 38.912222189959209, 3.476019145159263 ], [ 38.912257161607606, 3.47595728944654 ], [ 38.912293558289832, 3.475901125243089 ], [ 38.912331699011879, 3.475850167590371 ], [ 38.912373771815211, 3.475801316752867 ], [ 38.912420904720612, 3.475752822879968 ], [ 38.91247332273268, 3.475704453991489 ], [ 38.91253144385945, 3.47565582212038 ], [ 38.912594568087243, 3.475607382228191 ], [ 38.912665013460874, 3.475557235476118 ], [ 38.912744259009258, 3.475504273957986 ], [ 38.912841689915737, 3.475442218205316 ], [ 38.912987293091092, 3.474607971815673 ], [ 38.913203240068604, 3.473096493604839 ], [ 38.913203239153525, 3.472088841264622 ], [ 38.91320323797737, 3.470793287686293 ], [ 38.913131253286153, 3.469425759366259 ], [ 38.913059269856483, 3.468346132287006 ], [ 38.912987286427295, 3.4672665042093 ], [ 38.912915301867827, 3.466042926514143 ], [ 38.912843317787093, 3.464243547346646 ], [ 38.912699350257, 3.462444168249101 ], [ 38.91219546993284, 3.461148616146758 ], [ 38.912068121452599, 3.460137999193011 ], [ 38.911908079574168, 3.458309370635146 ], [ 38.9119080769701, 3.455428669437668 ], [ 38.911812039740049, 3.451779782423514 ], [ 38.911896843153237, 3.44923589719618 ], [ 38.911908071075608, 3.448899081162818 ], [ 38.91152393270162, 3.444866100487254 ], [ 38.911523929330016, 3.441121189697006 ], [ 38.911523927429712, 3.439008675464343 ], [ 38.911715991278321, 3.435647858477376 ], [ 38.911715989467261, 3.433631367996658 ], [ 38.911715987398793, 3.431326807310975 ], [ 38.911619951019723, 3.427485872936673 ], [ 38.91200408157593, 3.423933008354925 ], [ 38.912580280262226, 3.420668213822949 ], [ 38.912676310334241, 3.416347162654148 ], [ 38.912676308533371, 3.414330672224036 ], [ 38.912388205158628, 3.41144997244922 ], [ 38.912484235781513, 3.408857341541228 ], [ 38.912772333505586, 3.405400499867049 ], [ 38.91296439661491, 3.40117547243026 ], [ 38.912868361716754, 3.39896693566005 ], [ 38.912868359669226, 3.396662375077616 ], [ 38.912772321899311, 3.392341324214612 ], [ 38.912772319174941, 3.389268576798792 ], [ 38.912868350132534, 3.385907760115676 ], [ 38.913060415131945, 3.383795245861973 ], [ 38.913060413518131, 3.381970801977489 ], [ 38.913060411905192, 3.380146359097089 ], [ 38.913156443888475, 3.377937821214867 ], [ 38.913252474788244, 3.375633260609027 ], [ 38.9134445406239, 3.373328700924534 ], [ 38.913444538676508, 3.371120163147381 ], [ 38.913540569326543, 3.368527533374932 ], [ 38.913732633828388, 3.365838878797334 ], [ 38.913924699416548, 3.363246247957486 ], [ 38.914116763331478, 3.359885431302732 ], [ 38.914404861605277, 3.357004730215436 ], [ 38.914596925104661, 3.353163795952706 ], [ 38.914781414850765, 3.352056969149283 ], [ 38.914940177037437, 3.352044011125355 ], [ 38.914940175157092, 3.349897993022365 ], [ 38.914940173719998, 3.348256920418186 ], [ 38.914813922519535, 3.34636337568289 ], [ 38.914813921304791, 3.344974776331472 ], [ 38.914687670106062, 3.343081231603928 ], [ 38.914687668782207, 3.341566396135988 ], [ 38.914687667458956, 3.34005155967115 ], [ 38.914650237075932, 3.338185740487682 ], [ 38.914829281385664, 3.337845591642192 ], [ 38.914954612753988, 3.337666565959365 ], [ 38.915079943127495, 3.337493507762302 ], [ 38.915151561382622, 3.337278677212447 ], [ 38.915169465633987, 3.337153358996007 ], [ 38.91524108289952, 3.33695046341767 ], [ 38.915288828705123, 3.336771437803405 ], [ 38.915378350362531, 3.336604347123902 ], [ 38.915438031465833, 3.336490963842385 ], [ 38.915575299012168, 3.336240327320581 ], [ 38.915676757821572, 3.335971789373126 ], [ 38.915718534444544, 3.335721152935569 ], [ 38.915819993253969, 3.335452614988405 ], [ 38.915879674289549, 3.335261653392636 ], [ 38.915963228764404, 3.335022952889946 ], [ 38.91602290979489, 3.334826024808433 ], [ 38.916160177382928, 3.334623129173108 ], [ 38.91629147682989, 3.33439636260018 ], [ 38.916428743407607, 3.334181531993454 ], [ 38.916548106624553, 3.33396670140255 ], [ 38.91666746990402, 3.333823480640408 ], [ 38.916774896880632, 3.333608650060128 ], [ 38.916876354690238, 3.333340111113812 ], [ 38.917001686032691, 3.333131248003703 ], [ 38.917162826013225, 3.332826904090795 ], [ 38.917317997920328, 3.332576267554746 ], [ 38.917467201691672, 3.332307729566779 ], [ 38.91763430982364, 3.332039190563269 ], [ 38.917753672025206, 3.331806457516007 ], [ 38.917902875848576, 3.331597593385413 ], [ 38.918064015886287, 3.331358892815927 ], [ 38.918302742414113, 3.331036646378608 ], [ 38.918416136552551, 3.330869555679514 ], [ 38.918630990693089, 3.330654725005891 ], [ 38.918839875697827, 3.330421990880463 ], [ 38.918983111400941, 3.330213127755594 ], [ 38.919114410931286, 3.330081841955147 ], [ 38.919329264071798, 3.329867011281822 ], [ 38.919556053385101, 3.329574602284189 ], [ 38.919699289114305, 3.329395576588001 ], [ 38.91992011026597, 3.329055427710465 ], [ 38.920081250350492, 3.328870434512978 ], [ 38.920337881259748, 3.328572058003983 ], [ 38.92043934018907, 3.328440772230121 ], [ 38.920648225256073, 3.328279648933685 ], [ 38.920952601225622, 3.328094655610646 ], [ 38.921179390637704, 3.327915629841534 ], [ 38.921346498847669, 3.327736604124893 ], [ 38.921513607000605, 3.327491936065996 ], [ 38.921615065857232, 3.327277104493216 ], [ 38.921782173958178, 3.326972761577853 ], [ 38.92195525021053, 3.326704222571452 ], [ 38.922062676156088, 3.326453587079736 ], [ 38.922217848032318, 3.326167145632344 ], [ 38.922426732990303, 3.325880704137933 ], [ 38.922558032505073, 3.325731515881551 ], [ 38.92273707692955, 3.325522652726787 ], [ 38.92292805763595, 3.325361529446821 ], [ 38.923208561088359, 3.325134763746256 ], [ 38.923387605564706, 3.324985575448176 ], [ 38.923548745675291, 3.324830419680246 ], [ 38.923769567935985, 3.324615588003645 ], [ 38.923853121447571, 3.324418659904444 ], [ 38.924097816147679, 3.324156089321849 ], [ 38.924384286704644, 3.323911420159858 ], [ 38.924557363071102, 3.323774166838526 ], [ 38.924718503166119, 3.323601108613984 ], [ 38.924849802686076, 3.323457888843791 ], [ 38.92508852833334, 3.323272894580117 ], [ 38.925327254907913, 3.32300435651771 ], [ 38.925506299306456, 3.322765654936027 ], [ 38.925679375610748, 3.322556791787574 ], [ 38.925989719560363, 3.322210675349743 ], [ 38.926132955263697, 3.322001812227742 ], [ 38.926240381224986, 3.32176907819482 ], [ 38.926377648756343, 3.321500540222039 ], [ 38.926526852605768, 3.321321514523066 ], [ 38.926670088350498, 3.32116039128617 ], [ 38.926765579113088, 3.320975398148727 ], [ 38.926902845675457, 3.32074266409011 ], [ 38.926956559622496, 3.320587508417391 ], [ 38.927069953766264, 3.320426385206845 ], [ 38.927213189485116, 3.320235424542209 ], [ 38.92744594798112, 3.320014626371217 ], [ 38.927708546083167, 3.319799795659724 ], [ 38.927959208944813, 3.31958496395886 ], [ 38.928209870816893, 3.319382068229192 ], [ 38.928335202211443, 3.319232879979709 ], [ 38.928561991649346, 3.319083691641382 ], [ 38.928758941455143, 3.318898698415689 ], [ 38.929015571452524, 3.318701770166687 ], [ 38.929188647803478, 3.318546614389932 ], [ 38.929302042999069, 3.318445166035827 ], [ 38.929427374398891, 3.318301946272051 ], [ 38.929588514504267, 3.318140823020411 ], [ 38.929827240089296, 3.317884218931626 ], [ 38.930065965736375, 3.31769922566975 ], [ 38.930316628629129, 3.317520199883108 ], [ 38.930519545601705, 3.31738891402287 ], [ 38.930794080985414, 3.317221823186589 ], [ 38.930996998020106, 3.317162148153156 ], [ 38.931182010689071, 3.317096504649967 ], [ 38.931468482401215, 3.317030862057958 ], [ 38.931748985972476, 3.316941348528894 ], [ 38.932095138839927, 3.316821998514475 ], [ 38.932274183419672, 3.316792159929994 ], [ 38.932453228014936, 3.316780224802095 ], [ 38.932656145065081, 3.316738452225492 ], [ 38.932829221509124, 3.316690712189496 ], [ 38.933073915385016, 3.316631036119666 ], [ 38.933479750511125, 3.316577328394297 ], [ 38.933790094760809, 3.316577328122591 ], [ 38.934160120212283, 3.316577327798631 ], [ 38.934369005418716, 3.316577327615751 ], [ 38.93493001277826, 3.316648937951272 ], [ 38.935120993639664, 3.31666684024071 ], [ 38.935461178464223, 3.316637002515082 ], [ 38.935789427017312, 3.316571358886526 ], [ 38.935986375900534, 3.316475878945174 ], [ 38.936248975105691, 3.316380397946543 ], [ 38.936457860203383, 3.316255079567028 ], [ 38.936809981123254, 3.31605815123563 ], [ 38.937090484652636, 3.315920897822394 ], [ 38.937436637483358, 3.31575977440969 ], [ 38.937687299411813, 3.315622521022668 ], [ 38.938057324681729, 3.31541365770477 ], [ 38.938481063997123, 3.315163021941157 ], [ 38.938743663129671, 3.314983996145079 ], [ 38.938952548201293, 3.314828840338342 ], [ 38.939179337643935, 3.314685619486981 ], [ 38.939477745461332, 3.314464820261168 ], [ 38.939692598673766, 3.314333535391352 ], [ 38.93985970690413, 3.314178379621367 ], [ 38.940146178439747, 3.313909840521923 ], [ 38.940331190994485, 3.313712912337696 ], [ 38.940540076024668, 3.313510016647075 ], [ 38.94090413405015, 3.313157932682758 ], [ 38.941262222872723, 3.312710367955556 ], [ 38.941500948457296, 3.312453763869706 ], [ 38.941715801607614, 3.312250868174319 ], [ 38.941888877942674, 3.31207780994309 ], [ 38.942079859576197, 3.311833141870134 ], [ 38.942372194267051, 3.311607503068009 ], [ 38.942420044198492, 3.311570570210318 ], [ 38.942748292590842, 3.311319934532097 ], [ 38.942921368951666, 3.311176713728671 ], [ 38.943100413401766, 3.310997688007184 ], [ 38.94325558537107, 3.310818662306446 ], [ 38.943351075149053, 3.310651571629035 ], [ 38.943482374648092, 3.310484480920277 ], [ 38.943619642251768, 3.310299486750059 ], [ 38.943792718591986, 3.310132396004888 ], [ 38.943965794937284, 3.309971272745399 ], [ 38.944114998817476, 3.309828052963098 ], [ 38.944222424897916, 3.309732572101413 ], [ 38.944341788187536, 3.30960128631633 ], [ 38.944455183372526, 3.309487903992939 ], [ 38.944598419111919, 3.309320813274175 ], [ 38.944759559196292, 3.309135819083375 ], [ 38.944956507965443, 3.30890905346287 ], [ 38.945105711804302, 3.308718092797188 ], [ 38.945266851914596, 3.308562937033886 ], [ 38.945511545577951, 3.308258593060718 ], [ 38.945630908795273, 3.30804376247929 ], [ 38.945750272043668, 3.307864736810822 ], [ 38.945792048745368, 3.307703613666567 ], [ 38.945857697912267, 3.307524588045105 ], [ 38.945971092968158, 3.307262016585402 ], [ 38.946108360535824, 3.307035251017807 ], [ 38.946299341159069, 3.30677864697607 ], [ 38.946490321823624, 3.30656978381803 ], [ 38.946723079313834, 3.306343018167319 ], [ 38.946979710248506, 3.306074479097636 ], [ 38.947331831069825, 3.305764167546525 ], [ 38.947630238928284, 3.305591109207855 ], [ 38.947833155915745, 3.305477725807198 ], [ 38.948209149315574, 3.305280797459083 ], [ 38.948429971658406, 3.305161447557375 ], [ 38.948626920535936, 3.305059999132944 ], [ 38.948943232790995, 3.304928713176955 ], [ 38.949217767240938, 3.304839200655689 ], [ 38.949575857368032, 3.304743719576113 ], [ 38.94976683818215, 3.304707914496734 ], [ 38.950071214237987, 3.304624368434973 ], [ 38.950393494576836, 3.30445131007592 ], [ 38.95068593335624, 3.304325992626461 ], [ 38.950847073481839, 3.304188739320803 ], [ 38.951014181712161, 3.304033583553684 ], [ 38.951175321775743, 3.303824720422787 ], [ 38.951300653113385, 3.303609888837895 ], [ 38.951396143845024, 3.303389090793626 ], [ 38.95152147413615, 3.303120551839994 ], [ 38.951634869181824, 3.302846046411403 ], [ 38.951730359830975, 3.302529767600648 ], [ 38.951754232100186, 3.302285098677558 ], [ 38.951837785534828, 3.301998658304469 ], [ 38.951927307950506, 3.30155109382013 ], [ 38.951963116403284, 3.301240782547361 ], [ 38.952034733618383, 3.30097821112677 ], [ 38.952142160502845, 3.300655964820979 ], [ 38.952291364264475, 3.300375491876784 ], [ 38.952482344892957, 3.300124855323313 ], [ 38.952709134257773, 3.29989212219493 ], [ 38.953013510184689, 3.299659387999117 ], [ 38.953234332475773, 3.29948036224474 ], [ 38.953467089981388, 3.299271499052956 ], [ 38.953586453229903, 3.29909247338711 ], [ 38.953711784619138, 3.298937317657631 ], [ 38.953968414559, 3.298674747076791 ], [ 38.954236981734056, 3.29840620800032 ], [ 38.954380217437446, 3.298197344887007 ], [ 38.954636847325816, 3.29787509845267 ], [ 38.954792019248835, 3.297642364387669 ], [ 38.955090426947365, 3.297284313005016 ], [ 38.955347056820308, 3.296944164115064 ], [ 38.955496260612954, 3.296699496084764 ], [ 38.955633528139565, 3.296424989638095 ], [ 38.955752891280014, 3.296120645780375 ], [ 38.955854349090956, 3.295852107850453 ], [ 38.956110979943375, 3.295488088019878 ], [ 38.956295992410588, 3.295189712590692 ], [ 38.956445196213586, 3.294956978531884 ], [ 38.956648112979572, 3.294586992263083 ], [ 38.956827157290689, 3.294246843442117 ], [ 38.957095724409221, 3.293912662028846 ], [ 38.957328481858269, 3.29363815550029 ], [ 38.957543335982955, 3.293405422384868 ], [ 38.9576567301268, 3.293244299181924 ], [ 38.957799965814878, 3.293017533614256 ], [ 38.958080469158318, 3.292665448735295 ], [ 38.958211768559757, 3.292384975810248 ], [ 38.958289353946824, 3.292182080241352 ], [ 38.958384844678996, 3.291961281201051 ], [ 38.958581793345502, 3.291615164880542 ], [ 38.958641474305288, 3.2913346910182 ], [ 38.958725028771404, 3.291084055561843 ], [ 38.958760837225014, 3.290773744293844 ], [ 38.958808581898303, 3.290439563074283 ], [ 38.958820517881755, 3.290141186797951 ], [ 38.958808581425551, 3.289890551424989 ], [ 38.958839416786326, 3.289588528446929 ], [ 38.958839416557986, 3.289323305321974 ], [ 38.958892466406674, 3.289068691235905 ], [ 38.958966736618727, 3.288739813536627 ], [ 38.959168327403006, 3.288421545811875 ], [ 38.959316868128397, 3.288113887218227 ], [ 38.959613948734564, 3.287678920476216 ], [ 38.959921640554256, 3.287243954725123 ], [ 38.959953469975915, 3.286989340658249 ], [ 38.959953469711245, 3.28668168119432 ], [ 38.959964079359068, 3.286023927917816 ], [ 38.959985299266201, 3.285419219057429 ], [ 38.959932248842591, 3.285005470790736 ], [ 38.959911028068845, 3.284602331581631 ], [ 38.959836757154235, 3.284114321739172 ], [ 38.959741266921974, 3.283753617934603 ], [ 38.959666996198941, 3.283488394876087 ], [ 38.959624555025549, 3.283117081940789 ], [ 38.959560894352059, 3.28266089834481 ], [ 38.959560643345256, 3.2826588885184 ], [ 38.95951845420602, 3.282321412664694 ], [ 38.959380522973817, 3.281790966539243 ], [ 38.959327472459407, 3.281271129425408 ], [ 38.959263811849901, 3.280889208424624 ], [ 38.959221370439963, 3.280242063283748 ], [ 38.959178930175845, 3.27976466250117 ], [ 38.95917892983892, 3.279372131361178 ], [ 38.959178929429207, 3.278894730542265 ], [ 38.959189539369667, 3.278576461987498 ], [ 38.959168318514699, 3.278077843017794 ], [ 38.959221368264025, 3.277706530002348 ], [ 38.95926380872703, 3.277250346317508 ], [ 38.959263808299383, 3.276751727330366 ], [ 38.959242587526525, 3.276348588125269 ], [ 38.959231976976383, 3.275956056996164 ], [ 38.959231976694426, 3.275627180366809 ], [ 38.959231976521629, 3.275425610755382 ], [ 38.959178926226407, 3.275160387681108 ], [ 38.959104655376585, 3.274746640437828 ], [ 38.959019774477049, 3.274523852730482 ], [ 38.958839403573378, 3.274205585342468 ], [ 38.958648422483414, 3.273919144218209 ], [ 38.958574151733785, 3.27362209390834 ], [ 38.958457441111619, 3.273303826465568 ], [ 38.958340729298719, 3.272762771242596 ], [ 38.958202798131445, 3.27230658771646 ], [ 38.958054257777825, 3.271882230454038 ], [ 38.957810225474688, 3.271426047020025 ], [ 38.957534363494645, 3.270927428274697 ], [ 38.957343382368556, 3.270598550812354 ], [ 38.957152401242411, 3.270269674350117 ], [ 38.956940199680119, 3.269930188821502 ], [ 38.956727999126954, 3.269601312377708 ], [ 38.956483966887575, 3.269219391537853 ], [ 38.95623993563008, 3.268816252528716 ], [ 38.956038344308695, 3.268508594245507 ], [ 38.95585797343265, 3.268222153113646 ], [ 38.9556882117611, 3.267925102888004 ], [ 38.955454790771817, 3.267585617378529 ], [ 38.955125877841958, 3.267224914781916 ], [ 38.954775746521321, 3.266906647542716 ], [ 38.954457443814135, 3.266556553021989 ], [ 38.954234633219848, 3.266429246197772 ], [ 38.953810230603324, 3.26634437488627 ], [ 38.953449488304813, 3.266301939858567 ], [ 38.952982645879267, 3.266270113007234 ], [ 38.952526413567519, 3.266121588214884 ], [ 38.952218722237042, 3.265962455209722 ], [ 38.952006520810905, 3.265782102952848 ], [ 38.951773099875929, 3.265506271951774 ], [ 38.951571508627126, 3.265283484347028 ], [ 38.951231986574243, 3.265028870607153 ], [ 38.950871244021748, 3.264689385208007 ], [ 38.950446841124069, 3.264275637271 ], [ 38.950086099426535, 3.263766409517067 ], [ 38.949820847751155, 3.263373878612675 ], [ 38.94952376541687, 3.262960131566379 ], [ 38.94934339453193, 3.262663081351103 ], [ 38.949120582783536, 3.262355423087656 ], [ 38.948940211916742, 3.262079591041819 ], [ 38.948526419142226, 3.261559753250113 ], [ 38.948112626485432, 3.261177832558864 ], [ 38.947539683524965, 3.260679214073724 ], [ 38.947231991140121, 3.260456426561076 ], [ 38.946871249714334, 3.260265466348065 ], [ 38.946430097554774, 3.259939888819398 ], [ 38.946425626461924, 3.25993659010786 ], [ 38.946149764708821, 3.259703193483276 ], [ 38.945693532306137, 3.259448579844659 ], [ 38.945322180540003, 3.259109094455971 ], [ 38.945025098314431, 3.258822653426646 ], [ 38.944876558206154, 3.258684737454351 ], [ 38.944664356689564, 3.258398297351995 ], [ 38.944430934763759, 3.258133074437246 ], [ 38.944261174065488, 3.257804197960141 ], [ 38.944165682871642, 3.257485929503849 ], [ 38.944155072432004, 3.257220706397682 ], [ 38.944133852878224, 3.257072181231397 ], [ 38.944102021875729, 3.256647824874582 ], [ 38.94408080114119, 3.256287121016473 ], [ 38.94410202127019, 3.255937026206606 ], [ 38.944186901662988, 3.255565714172957 ], [ 38.944409711841779, 3.255205010105593 ], [ 38.944621912987685, 3.255056485738975 ], [ 38.944834114160678, 3.254939786626322 ], [ 38.945025094933641, 3.254854915785503 ], [ 38.945152415388627, 3.254727608661213 ], [ 38.945598038107676, 3.254430557910334 ], [ 38.945861133240449, 3.254237641330743 ], [ 38.946075490422345, 3.254080462709414 ], [ 38.946446841627925, 3.25376219485349 ], [ 38.946690872297246, 3.253475753360895 ], [ 38.946977343766818, 3.253125658324667 ], [ 38.947221374472178, 3.252881653170456 ], [ 38.947550286760162, 3.252489122759992 ], [ 38.947720046907122, 3.252170855078191 ], [ 38.947921637568541, 3.251704062185836 ], [ 38.947964077079973, 3.251300922937502 ], [ 38.948006517636671, 3.250950828112005 ], [ 38.948017127534456, 3.250579515145025 ], [ 38.948038346582806, 3.250133940577581 ], [ 38.94802773608955, 3.249805063967099 ], [ 38.94800651622932, 3.249295835929434 ], [ 38.947942855650119, 3.248945741195969 ], [ 38.947794314271782, 3.248489557690437 ], [ 38.947624552448275, 3.248012156034513 ], [ 38.947965003602611, 3.244833464062227 ], [ 38.948279968805622, 3.242313993230932 ], [ 38.948279967336617, 3.240581857724455 ], [ 38.948712290051759, 3.240595366188636 ], [ 38.949708741212433, 3.238353582821519 ], [ 38.950538591513215, 3.236694055348048 ], [ 38.951921676717859, 3.234757938279969 ], [ 38.952855295688863, 3.231419791623434 ], [ 38.953141767222704, 3.231143959188711 ], [ 38.953449458165672, 3.230846908567695 ], [ 38.953693489854082, 3.230581685253846 ], [ 38.953916301043492, 3.230231590284378 ], [ 38.954149721509246, 3.2299557588954 ], [ 38.954510463394683, 3.229510183050784 ], [ 38.954775714429651, 3.229149479961552 ], [ 38.954966694996301, 3.228820602188475 ], [ 38.955019744884915, 3.228608424459244 ], [ 38.955274385652487, 3.228184066874403 ], [ 38.955433536506717, 3.2277703184555 ], [ 38.955518416866049, 3.227356570100066 ], [ 38.955624516715169, 3.227017084315997 ], [ 38.95569878692352, 3.226677598559306 ], [ 38.955762446855722, 3.226263851222491 ], [ 38.955868546525821, 3.225712186755857 ], [ 38.95593220644917, 3.225287829335629 ], [ 38.956038307217909, 3.224852863795199 ], [ 38.956048917136059, 3.224502769009527 ], [ 38.956070136115642, 3.2239723227847 ], [ 38.956133795976534, 3.223473702776485 ], [ 38.956165626116253, 3.222879603038688 ], [ 38.956165625812069, 3.222518900178758 ], [ 38.956176235596246, 3.222009671132648 ], [ 38.956229285270567, 3.221542878386961 ], [ 38.956367215698393, 3.221129129989955 ], [ 38.956611246279806, 3.220736599671059 ], [ 38.956749176814988, 3.2204501582834 ], [ 38.956918937955123, 3.220121281532582 ], [ 38.957152358305173, 3.219707534055058 ], [ 38.957194799025459, 3.219548399758013 ], [ 38.957332728426536, 3.21910282510993 ], [ 38.957513099646292, 3.218614814089829 ], [ 38.957799570957263, 3.218073758559683 ], [ 38.958011770898089, 3.217681228269688 ], [ 38.958149701442366, 3.217405395967449 ], [ 38.958446783092043, 3.21701286560573 ], [ 38.958669594371628, 3.216768859483753 ], [ 38.958796914639777, 3.216418765602667 ], [ 38.958924234783026, 3.215920145545689 ], [ 38.958987894850218, 3.215665531475247 ], [ 38.959136435572354, 3.215347263828815 ], [ 38.959200095577089, 3.215018387170552 ], [ 38.959391076091123, 3.214625855900481 ], [ 38.959592666818736, 3.214233325621461 ], [ 38.959783647350669, 3.213862013519693 ], [ 38.959783646993777, 3.213437656160377 ], [ 38.959773036459062, 3.213055735146273 ], [ 38.959773036102263, 3.212631377787386 ], [ 38.959773035763348, 3.212228238596605 ], [ 38.95978364568262, 3.211878144816878 ], [ 38.9599109658175, 3.211368915679012 ], [ 38.959932185950422, 3.211018820890677 ], [ 38.959932185647325, 3.210658118036493 ], [ 38.95992157520201, 3.210382285863046 ], [ 38.959910964738903, 3.21008523552187 ], [ 38.9599321849254, 3.209798795237637 ], [ 38.959921574328668, 3.209342610637798 ], [ 38.959815472845513, 3.208928863454653 ], [ 38.959635101902961, 3.208557550670472 ], [ 38.959529001411092, 3.208133193403881 ], [ 38.959444120453057, 3.207836144126353 ], [ 38.959306189365009, 3.207464831306724 ], [ 38.959210698157946, 3.207125346702734 ], [ 38.959136428431457, 3.206849514584283 ], [ 38.959040937242243, 3.206531246148518 ], [ 38.95891361649241, 3.206308459494583 ], [ 38.958818125338937, 3.206032627394527 ], [ 38.958712025025157, 3.205820448806675 ], [ 38.95840433243113, 3.2053430472927 ], [ 38.958308842188664, 3.204961126354087 ], [ 38.958075420134236, 3.204536769196934 ], [ 38.957979930042974, 3.204335199684345 ], [ 38.957810168421204, 3.204091194899132 ], [ 38.957608576998659, 3.203656228631652 ], [ 38.957513086880837, 3.203422832867576 ], [ 38.957290275111269, 3.203083347372849 ], [ 38.957120514436198, 3.202775688084986 ], [ 38.956950752752256, 3.202457420713221 ], [ 38.956791602273036, 3.202128544248855 ], [ 38.956643061105254, 3.201916365697801 ], [ 38.956324759280179, 3.201417747026761 ], [ 38.956165607925506, 3.201237394736308 ], [ 38.955932186022366, 3.200993390005604 ], [ 38.955741204982495, 3.200759994322953 ], [ 38.955454733860506, 3.200335637212323 ], [ 38.955115211572888, 3.199794582224762 ], [ 38.954934839648914, 3.199444487611587 ], [ 38.954722638084263, 3.199094393025336 ], [ 38.954552877231841, 3.198574556062531 ], [ 38.954478606239576, 3.19798045643283 ], [ 38.954372505766472, 3.197577317338605 ], [ 38.954234574750302, 3.197290876193011 ], [ 38.953969323117782, 3.196940782652226 ], [ 38.953778341980566, 3.196590688048929 ], [ 38.953693461014581, 3.196283028691334 ], [ 38.95366163005437, 3.195901107702626 ], [ 38.953597969533334, 3.195614666494746 ], [ 38.953481258829143, 3.195190310242964 ], [ 38.953396377792316, 3.194797780215785 ], [ 38.953311497711212, 3.194352204770094 ], [ 38.953173566606608, 3.193959674788045 ], [ 38.953035635555139, 3.193630798308506 ], [ 38.952897704477202, 3.19327009457796 ], [ 38.952897704246752, 3.192994263400944 ], [ 38.952865873278014, 3.192601732330005 ], [ 38.952908313742505, 3.192134939610621 ], [ 38.952940143055386, 3.191742409486437 ], [ 38.952993192680388, 3.191211963256384 ], [ 38.953003802645945, 3.190914913903797 ], [ 38.953003802256241, 3.190448121221199 ], [ 38.952954731034886, 3.19016831043018 ], [ 38.953002475776806, 3.189905739068769 ], [ 38.953105923480763, 3.189452208154191 ], [ 38.95324915914496, 3.189189636712516 ], [ 38.953519715305838, 3.188847499036194 ], [ 38.953822101167241, 3.188576971148011 ], [ 38.954060827826716, 3.188401923066567 ], [ 38.954299553532721, 3.18828257317436 ], [ 38.954514406731604, 3.188131395051296 ], [ 38.954689473096366, 3.187940434398077 ], [ 38.954816793519889, 3.18777334372337 ], [ 38.955007774151909, 3.187518729554947 ], [ 38.955206711990591, 3.187319812569028 ], [ 38.95535790582835, 3.18707315474709 ], [ 38.95556480173429, 3.186762843376512 ], [ 38.955795570001392, 3.186309311357046 ], [ 38.95593084749229, 3.186030827297912 ], [ 38.955970635041147, 3.185728472381237 ], [ 38.955978591975864, 3.185457944742244 ], [ 38.955978591770268, 3.185211288048118 ], [ 38.956010422304864, 3.185083980018001 ], [ 38.956105913054628, 3.184877106807198 ], [ 38.956352595701993, 3.184495184589932 ], [ 38.956408298604465, 3.184232614223915 ], [ 38.956432170879424, 3.183985956510117 ], [ 38.956448086020877, 3.183771126053977 ], [ 38.956511746050374, 3.183468771118061 ], [ 38.956575406093229, 3.183182329807702 ], [ 38.956639066129391, 3.182887932184698 ], [ 38.956639066089629, 3.182840192308604 ], [ 38.956734556720221, 3.182490097470244 ], [ 38.956766386016454, 3.182076349184195 ], [ 38.956766385705087, 3.181702384488393 ], [ 38.956838003755855, 3.181232939980505 ], [ 38.956885748518275, 3.180994239560363 ], [ 38.957100601392767, 3.180453184118712 ], [ 38.957196091930854, 3.179991695904298 ], [ 38.957235879387397, 3.179577947612843 ], [ 38.957259751589916, 3.179243766461452 ], [ 38.957291581032102, 3.179005065055407 ], [ 38.957402986890706, 3.178543576828528 ], [ 38.957514391875073, 3.178233265542057 ], [ 38.957609882525894, 3.177907041643766 ], [ 38.95772128745736, 3.177533076856589 ], [ 38.957769032140604, 3.177198895686077 ], [ 38.957848607438095, 3.176832887238582 ], [ 38.958007758317457, 3.176443009786526 ], [ 38.958182823543801, 3.17608495757199 ], [ 38.95840563470464, 3.175695080066964 ], [ 38.958517039689184, 3.175384768781677 ], [ 38.958596614967, 3.174994890397367 ], [ 38.958715977992746, 3.174541358478989 ], [ 38.958835340051756, 3.174127611123868 ], [ 38.958978575611006, 3.173737732686774 ], [ 38.959113854082851, 3.173435377695084 ], [ 38.959432155086731, 3.172950019360626 ], [ 38.95956743260485, 3.172703361557308 ], [ 38.959726583537375, 3.172377137608242 ], [ 38.959933479470699, 3.172098652494824 ], [ 38.96007671513577, 3.171836082059976 ], [ 38.960211992673734, 3.171613294194724 ], [ 38.96041093144688, 3.171334810088319 ], [ 38.960522336497739, 3.171104065930701 ], [ 38.960689444649965, 3.170849451788797 ], [ 38.960864509955805, 3.170586880327884 ], [ 38.960967957839983, 3.170348179864574 ], [ 38.961103236437417, 3.170197001812891 ], [ 38.961294217129598, 3.170013998464308 ], [ 38.96142153750084, 3.169783254293747 ], [ 38.961564773133077, 3.169480899297223 ], [ 38.961652305749759, 3.16930585234799 ], [ 38.961700051506163, 3.169059194619343 ], [ 38.961843286184617, 3.168812536810847 ], [ 38.961954692156418, 3.168486311903774 ], [ 38.962026309320784, 3.168152130717554 ], [ 38.962089969278914, 3.167762253350428 ], [ 38.962169544491339, 3.167292807845174 ], [ 38.962249119783145, 3.166918843090262 ], [ 38.962280949258911, 3.166719926250706 ], [ 38.962368482836077, 3.166497138427216 ], [ 38.962471929727016, 3.166266394277909 ], [ 38.962559463323984, 3.166067477391942 ], [ 38.962583335699001, 3.165940169372002 ], [ 38.962702698705975, 3.165462768521991 ], [ 38.962686783122017, 3.165144500035391 ], [ 38.962654952204502, 3.164810318937273 ], [ 38.962599249694605, 3.164340874546792 ], [ 38.962567418665252, 3.163871429136707 ], [ 38.962559461169086, 3.163465638206724 ], [ 38.962543545427231, 3.162956409221469 ], [ 38.962535587983929, 3.162614271791749 ], [ 38.962511714226849, 3.162280090688007 ], [ 38.962495799676084, 3.162001606764883 ], [ 38.962495799267906, 3.161508291392229 ], [ 38.962479883578887, 3.161062716907798 ], [ 38.962456010762793, 3.160656924992602 ], [ 38.962400307404735, 3.160370484790822 ], [ 38.962360519307715, 3.160012432763992 ], [ 38.962304815897078, 3.159662339062848 ], [ 38.962233198153015, 3.159296330750286 ], [ 38.962209325383064, 3.158946236022959 ], [ 38.962169537345453, 3.158659795808468 ], [ 38.962145664529643, 3.158254003894442 ], [ 38.962137706119549, 3.157951650028817 ], [ 38.962161579310767, 3.157601555262326 ], [ 38.962177493308907, 3.157211676940447 ], [ 38.962145663379061, 3.156861583220564 ], [ 38.962082002953117, 3.156686535400578 ], [ 38.962010384189604, 3.156296657152216 ], [ 38.961819403036735, 3.15592269362814 ], [ 38.961660252531267, 3.155556685390226 ], [ 38.961493143832776, 3.155150894596999 ], [ 38.961397652654597, 3.154840583493059 ], [ 38.961310119629992, 3.154522315070214 ], [ 38.961254416213301, 3.154164264059013 ], [ 38.961246458777282, 3.153830082945289 ], [ 38.961246458488354, 3.153479989200345 ], [ 38.961246458251985, 3.153193547954538 ], [ 38.961246458048464, 3.15294689027081 ], [ 38.961238499658577, 3.15266840634418 ], [ 38.961214626817046, 3.152230788183559 ], [ 38.961190754001819, 3.151824996272653 ], [ 38.961158924105284, 3.151514685116895 ], [ 38.96111117784249, 3.151148677788017 ], [ 38.961047517226554, 3.150742885910671 ], [ 38.960959984221972, 3.15044848842643 ], [ 38.960856535916861, 3.150177960892525 ], [ 38.960753087578894, 3.149867649796958 ], [ 38.960649639240941, 3.149557339701405 ], [ 38.960570063508214, 3.149398205520719 ], [ 38.960458658016755, 3.149095851744351 ], [ 38.960299506551152, 3.148777583383239 ], [ 38.960148313226021, 3.148435446078391 ], [ 38.959965289234162, 3.148061481550874 ], [ 38.959830011249167, 3.147743214170149 ], [ 38.959639030097158, 3.147369249649505 ], [ 38.959463963298248, 3.147035068677469 ], [ 38.95937643026781, 3.146708843945083 ], [ 38.959225236949493, 3.146374662953338 ], [ 38.95901834049684, 3.146024568383404 ], [ 38.958898976937093, 3.145833607987073 ], [ 38.958739826537311, 3.145594907749903 ], [ 38.958548845319903, 3.145141376107071 ], [ 38.958389693893949, 3.144870848620912 ], [ 38.958262373003826, 3.144473014111597 ], [ 38.958143009372222, 3.144194530280203 ], [ 38.957959985413339, 3.143860349315729 ], [ 38.957769004307451, 3.14354208098269 ], [ 38.957585980381417, 3.143247683579866 ], [ 38.957379085000987, 3.142985113446103 ], [ 38.957180145800365, 3.142746412242678 ], [ 38.957036909825725, 3.142635018989581 ], [ 38.956814098190371, 3.142452014992065 ], [ 38.956615160055286, 3.142292881911458 ], [ 38.956408263674938, 3.142030310777883 ], [ 38.956169537581914, 3.141680216235754 ], [ 38.955970598348614, 3.141401732471201 ], [ 38.955803489854191, 3.141242598364387 ], [ 38.955628424134183, 3.141003898141482 ], [ 38.955373781727381, 3.140661759925202 ], [ 38.955214631229751, 3.140303709005146 ], [ 38.955087310346563, 3.139913831809761 ], [ 38.954928158855424, 3.139563737202397 ], [ 38.954776965648705, 3.139364819521341 ], [ 38.954593941742402, 3.139094292056405 ], [ 38.954410917842736, 3.138831721903768 ], [ 38.954243809263424, 3.138569150737995 ], [ 38.954084658752798, 3.138195186194309 ], [ 38.953981210363516, 3.137821221604513 ], [ 38.953861846699468, 3.13750295421379 ], [ 38.953790229133809, 3.137351777340577 ], [ 38.953678822636611, 3.137041466255633 ], [ 38.95356741716558, 3.13676298241965 ], [ 38.953400308521012, 3.13642084413219 ], [ 38.953177496781407, 3.136110533139821 ], [ 38.953050176016205, 3.135863876566197 ], [ 38.952946727770659, 3.135664958846266 ], [ 38.952747789407248, 3.135227340838836 ], [ 38.952588637922986, 3.134885203545125 ], [ 38.952477232438959, 3.134590806085441 ], [ 38.952421529076283, 3.134296408579651 ], [ 38.952365825746234, 3.134041793635086 ], [ 38.952230547833985, 3.133811049693024 ], [ 38.952095268784745, 3.133413215194667 ], [ 38.95201569388292, 3.133047207899291 ], [ 38.951952033255893, 3.132625503405388 ], [ 38.951904286936127, 3.13218788527427 ], [ 38.951840626276599, 3.131726396220034 ], [ 38.951816753437498, 3.131288778069639 ], [ 38.951800837680473, 3.130755680166717 ], [ 38.951784922910406, 3.130206668639748 ], [ 38.951745134842355, 3.12988044387369 ], [ 38.951593940466651, 3.129474653078099 ], [ 38.951514365662909, 3.129227995466815 ], [ 38.951442747025879, 3.128989294161161 ], [ 38.951339298695991, 3.128686940384577 ], [ 38.951235850379234, 3.128400499232452 ], [ 38.951076699895587, 3.128058361941315 ], [ 38.950965293425149, 3.12777987710808 ], [ 38.950869803262087, 3.127485479637435 ], [ 38.950806142791819, 3.127254735637782 ], [ 38.950726566975156, 3.126992165402745 ], [ 38.950631075805639, 3.126689810620318 ], [ 38.950519670374362, 3.126459066660288 ], [ 38.950408264949608, 3.126236279012428 ], [ 38.950233198308418, 3.126093059538421 ], [ 38.950058132608703, 3.12587822825548 ], [ 38.949875108696773, 3.125599744481891 ], [ 38.949723915490651, 3.125400826803464 ], [ 38.949493146571989, 3.125066645884642 ], [ 38.94920667457766, 3.124788162196621 ], [ 38.948904288315028, 3.12457333201888 ], [ 38.948633731667087, 3.12432667456631 ], [ 38.948426835326664, 3.124111844309748 ], [ 38.948235854280611, 3.123865186791696 ], [ 38.948116490721638, 3.123674226399381 ], [ 38.947997127143339, 3.123459395070812 ], [ 38.947758401103641, 3.123172955031638 ], [ 38.947567420090117, 3.122966081074324 ], [ 38.947385722278973, 3.122778214466086 ], [ 38.947032053974624, 3.122551891324458 ], [ 38.94670667818199, 3.122254841274134 ], [ 38.946395449651057, 3.121929501658133 ], [ 38.946055927562078, 3.121618306842563 ], [ 38.945744698996499, 3.121250530895447 ], [ 38.945532497389834, 3.120840319535677 ], [ 38.945362736683705, 3.120486688249422 ], [ 38.945150535134829, 3.120147202775179 ], [ 38.944938333620598, 3.119850153632144 ], [ 38.944754425687364, 3.11956724924288 ], [ 38.944542225207812, 3.119312635431072 ], [ 38.944386609775123, 3.118944859356597 ], [ 38.944230995330777, 3.11856293750527 ], [ 38.944004647474145, 3.118195162489231 ], [ 38.943877326657159, 3.117883967499857 ], [ 38.943764152078948, 3.117516191390884 ], [ 38.943537804095534, 3.116992817828371 ], [ 38.943410483244136, 3.116639187508343 ], [ 38.943212428957182, 3.116271411469791 ], [ 38.943056814582327, 3.115974361281344 ], [ 38.942759732232759, 3.115521714662513 ], [ 38.942490943510379, 3.1151397929056 ], [ 38.942208008526364, 3.114786162714301 ], [ 38.941896779903587, 3.114347660884581 ], [ 38.941557257780339, 3.11399402974004 ], [ 38.941274322934518, 3.11381014187244 ], [ 38.94097724176941, 3.113583818685577 ], [ 38.940595278953033, 3.113428221453232 ], [ 38.940298197845493, 3.113272624151108 ], [ 38.939972822191294, 3.113145317426057 ], [ 38.939707128782942, 3.113072380950985 ], [ 38.939524106026965, 3.112984857669055 ], [ 38.939229676066979, 3.112945074350918 ], [ 38.938903417492114, 3.112937118307063 ], [ 38.938632861019215, 3.112905291281303 ], [ 38.938457794468754, 3.11287346517706 ], [ 38.938354347366612, 3.112849595325963 ], [ 38.938155408303203, 3.112777984681285 ], [ 38.937884851765475, 3.112666591535151 ], [ 38.93763021058701, 3.112602938248255 ], [ 38.937587711704865, 3.112570325103035 ], [ 38.937547676871027, 3.112536186087774 ], [ 38.937510104085561, 3.11250052120239 ], [ 38.937474994348456, 3.112463332446792 ], [ 38.937442346659616, 3.112424616821156 ], [ 38.937412162019235, 3.112384376325308 ], [ 38.937384440427053, 3.112342610959335 ], [ 38.937359181883323, 3.112299319723238 ], [ 38.937336132378697, 3.112249518048335 ], [ 38.937298331532823, 3.112145208098551 ], [ 38.937280425137452, 3.112102449810381 ], [ 38.937261661729963, 3.112065866988935 ], [ 38.937239646256643, 3.112028956198491 ], [ 38.93721414771268, 3.111991324473277 ], [ 38.937184658087105, 3.111952218878837 ], [ 38.937126459859087, 3.111883056906735 ], [ 38.936986945924637, 3.111728685369196 ], [ 38.936926604649358, 3.111654447837753 ], [ 38.936902725141564, 3.111621153736168 ], [ 38.936881697691859, 3.11158872055787 ], [ 38.936863257294569, 3.11155673933823 ], [ 38.936847264946735, 3.11152496509879 ], [ 38.936810098130586, 3.111441622335657 ], [ 38.936781120487346, 3.111368082718091 ], [ 38.936758610978735, 3.111299968626097 ], [ 38.93674225659759, 3.111236223151408 ], [ 38.936728729264757, 3.111161846593552 ], [ 38.936719914025538, 3.11108598316045 ], [ 38.936715948883787, 3.11100983774773 ], [ 38.936716887841364, 3.110934474263353 ], [ 38.93672269889867, 3.110861052607062 ], [ 38.93673331205467, 3.110790181726398 ], [ 38.936748623307942, 3.110722563560544 ], [ 38.936768507656311, 3.110658738062958 ], [ 38.936785732967884, 3.110615418794552 ], [ 38.936807668371486, 3.110568635821665 ], [ 38.936834571871586, 3.11051755421648 ], [ 38.936873515599594, 3.110448744134295 ], [ 38.936895162006614, 3.110413314180045 ], [ 38.936920803492093, 3.11037552042689 ], [ 38.937045270864004, 3.110210803567266 ], [ 38.937073300395703, 3.110170696012216 ], [ 38.937096658835991, 3.11013375218753 ], [ 38.937154226913215, 3.110033224832653 ], [ 38.937205389863948, 3.109935732220627 ], [ 38.937250386692661, 3.109840816390818 ], [ 38.937289318401227, 3.109748259362147 ], [ 38.9373222879914, 3.109657798156979 ], [ 38.93734928346305, 3.109569439775075 ], [ 38.937370327816495, 3.109483112222367 ], [ 38.937385431051993, 3.109398771502824 ], [ 38.937395043177325, 3.109314931744434 ], [ 38.937400389211497, 3.109224584552238 ], [ 38.937401547155211, 3.109126682016881 ], [ 38.937398557006787, 3.109018156403338 ], [ 38.937392646803211, 3.108914061409197 ], [ 38.937384565569737, 3.108827063938521 ], [ 38.937373508283279, 3.108748589733201 ], [ 38.937359178936589, 3.108676914942663 ], [ 38.937341172519538, 3.108609918750534 ], [ 38.937317067975322, 3.108537391041712 ], [ 38.937286674298946, 3.108458124920877 ], [ 38.937241044291369, 3.108348799411607 ], [ 38.937215837738677, 3.108293124246533 ], [ 38.937185435077716, 3.10823293347617 ], [ 38.93704738709841, 3.107986944860202 ], [ 38.937017010439767, 3.107929064889947 ], [ 38.936991648886334, 3.107876311472352 ], [ 38.936951792009211, 3.107784444448877 ], [ 38.936910620095816, 3.107680527468347 ], [ 38.936781631210103, 3.107325076310409 ], [ 38.936568694463382, 3.106759394400369 ], [ 38.936514685255645, 3.106611273252967 ], [ 38.936467973207058, 3.106478120805225 ], [ 38.936420332131632, 3.106335040216749 ], [ 38.936378410178207, 3.106200256906184 ], [ 38.936341450329323, 3.106071330085094 ], [ 38.936309092576849, 3.105946987863833 ], [ 38.936265977543336, 3.105743262515895 ], [ 38.936243462020983, 3.105658245885973 ], [ 38.936217253430549, 3.105581007586495 ], [ 38.936186579749368, 3.105502613390543 ], [ 38.936151521979056, 3.105423269280521 ], [ 38.936112201122448, 3.105343254231876 ], [ 38.936090041643929, 3.105303328702521 ], [ 38.936062926062796, 3.105260004471112 ], [ 38.935943474516641, 3.105086123605223 ], [ 38.935921048035389, 3.1050494857918 ], [ 38.935902183627732, 3.105015137777464 ], [ 38.935877514090308, 3.104964947137879 ], [ 38.935853746568704, 3.104911897744705 ], [ 38.935830764060363, 3.104855732620331 ], [ 38.935808388561483, 3.10479601580265 ], [ 38.935765028582168, 3.104665078160895 ], [ 38.935718418512359, 3.104503276190814 ], [ 38.935694345950132, 3.104407780468474 ], [ 38.935673744455642, 3.104309609974646 ], [ 38.935656596028558, 3.104208687715817 ], [ 38.935642884668191, 3.104104910701164 ], [ 38.935632598374518, 3.103998204936917 ], [ 38.935625716146781, 3.103888384439337 ], [ 38.935622227984716, 3.103775278223028 ], [ 38.935622125888081, 3.103658651308479 ], [ 38.935625341856458, 3.103539906574281 ], [ 38.93563186088803, 3.103417090189599 ], [ 38.93564170698285, 3.103289747193545 ], [ 38.935654936141709, 3.103157153648883 ], [ 38.93567149536333, 3.103019483540452 ], [ 38.935691670651522, 3.102874099096264 ], [ 38.935715751010413, 3.102718848502076 ], [ 38.935744669453761, 3.1025477032784 ], [ 38.935764941779468, 3.102446107047449 ], [ 38.935817098644321, 3.102217721754815 ], [ 38.935836550952217, 3.102114589657449 ], [ 38.935843789054573, 3.10206116627145 ], [ 38.935848823110376, 3.102004941129584 ], [ 38.935851707120065, 3.10194533928139 ], [ 38.935852496083918, 3.101881224825225 ], [ 38.935849311922304, 3.10176101122362 ], [ 38.935833956374694, 3.101466953665584 ], [ 38.935832445279317, 3.10138691258866 ], [ 38.935833610244671, 3.10131525878422 ], [ 38.935838372278582, 3.101238915382357 ], [ 38.935846916393118, 3.10116803950459 ], [ 38.935859393590334, 3.101101403256968 ], [ 38.935875928872072, 3.101038367694679 ], [ 38.93589941529104, 3.100971829429588 ], [ 38.935959552383565, 3.100826028989013 ], [ 38.935980936762682, 3.100762750443771 ], [ 38.935997584044195, 3.100696538156143 ], [ 38.936011909271755, 3.100621557628588 ], [ 38.936022709431036, 3.100549714832661 ], [ 38.936046566764759, 3.100369010440389 ], [ 38.936068380072186, 3.100206475478452 ], [ 38.936087192313451, 3.100036941124354 ], [ 38.936103157490656, 3.09985905149512 ], [ 38.936116493606328, 3.099670364801896 ], [ 38.936126967660968, 3.099477752450585 ], [ 38.936135663663919, 3.099265387808935 ], [ 38.936151573506606, 3.098675929772968 ], [ 38.93616042152015, 3.098472888325092 ], [ 38.936185086723, 3.098110361657004 ], [ 38.93619308877286, 3.097972992530474 ], [ 38.936198191764873, 3.097836357342838 ], [ 38.936199178685506, 3.09771375694483 ], [ 38.93619447947399, 3.097569593416418 ], [ 38.936189576320359, 3.097501744288208 ], [ 38.936182940133769, 3.097436235958998 ], [ 38.936174530912936, 3.097372717459142 ], [ 38.936164329657672, 3.09731108379773 ], [ 38.936152310367142, 3.097251167989295 ], [ 38.936138446040786, 3.097192844044745 ], [ 38.936108655354836, 3.097086416273341 ], [ 38.936072716541084, 3.096975106929105 ], [ 38.936030364593599, 3.096858080084657 ], [ 38.935980933497497, 3.096733480900892 ], [ 38.935956223953795, 3.096676405857248 ], [ 38.93592686531214, 3.09661386728982 ], [ 38.935814485869443, 3.096391454616873 ], [ 38.93577091591861, 3.096300367530118 ], [ 38.935736065150827, 3.09621874361781 ], [ 38.935700965369257, 3.09612629564182 ], [ 38.935668681644039, 3.096033260714339 ], [ 38.93558781281871, 3.095789714843495 ], [ 38.935538663721019, 3.095656187431769 ], [ 38.935509506077544, 3.095586380492866 ], [ 38.935479766426973, 3.095522441047036 ], [ 38.93544887475705, 3.095463147200315 ], [ 38.935416512060748, 3.095407892005491 ], [ 38.935330892225998, 3.095270780933617 ], [ 38.935272238976268, 3.095185671342375 ], [ 38.93524264034933, 3.095147404676025 ], [ 38.93521331173099, 3.095112907683481 ], [ 38.935183839112305, 3.09508169640689 ], [ 38.935153990488573, 3.095053526867616 ], [ 38.935107583524648, 3.095016964067699 ], [ 38.93500971950116, 3.094951285827896 ], [ 38.934970225682569, 3.094922280368731 ], [ 38.934936248975539, 3.094893867853826 ], [ 38.934902350267727, 3.094862629583101 ], [ 38.934868223552868, 3.094828286581266 ], [ 38.934833323819433, 3.094790292895674 ], [ 38.93476521138232, 3.094708948986467 ], [ 38.934635025625511, 3.094541229598239 ], [ 38.934579009441869, 3.094472120620957 ], [ 38.93451738214501, 3.094402854661917 ], [ 38.934458308908702, 3.094344795731486 ], [ 38.934370547079439, 3.094267750466588 ], [ 38.934277776150076, 3.094191698119904 ], [ 38.934180100122873, 3.094116723684005 ], [ 38.934077653000593, 3.094042929149881 ], [ 38.93400735354772, 3.093996616212755 ], [ 38.933850548312719, 3.093900253674961 ], [ 38.933788880037945, 3.093859184277368 ], [ 38.933714147487578, 3.093802726221247 ], [ 38.933636098862166, 3.093735925062414 ], [ 38.933549038042869, 3.093653791237086 ], [ 38.933368896269904, 3.093473196003383 ], [ 38.933289149602167, 3.093396390711243 ], [ 38.933201797781152, 3.09331929745011 ], [ 38.93316027091803, 3.093285941368991 ], [ 38.933119451071505, 3.093255450039411 ], [ 38.933072505100775, 3.093223849810739 ], [ 38.9329479525301, 3.093145994646003 ], [ 38.932913088808355, 3.093121559787809 ], [ 38.93288318218714, 3.093097954853768 ], [ 38.932846340419083, 3.09306535670316 ], [ 38.932810066660359, 3.093030227771027 ], [ 38.932774406911868, 3.092992616053007 ], [ 38.932739419175093, 3.092952581544139 ], [ 38.932705148450793, 3.092910173239969 ], [ 38.932671686740946, 3.092865501130834 ], [ 38.932639115047337, 3.092818675207343 ], [ 38.932607534371975, 3.092769838456879 ], [ 38.932580044779918, 3.092722084609507 ], [ 38.932515652384104, 3.092599218288521 ], [ 38.932462953250955, 3.092510064042429 ], [ 38.932404466999749, 3.092419018964446 ], [ 38.932339577617384, 3.092325118138717 ], [ 38.932266989076091, 3.092226478729256 ], [ 38.932137521335981, 3.092061419110671 ], [ 38.931858891452428, 3.091722910615326 ], [ 38.931741213963889, 3.091575496461168 ], [ 38.931492759703879, 3.091256842224186 ], [ 38.931302617681148, 3.091016228189986 ], [ 38.931128707005179, 3.090800407998175 ], [ 38.930966776586274, 3.090604272094158 ], [ 38.930717747332487, 3.090307431971121 ], [ 38.930548743770622, 3.090110578135073 ], [ 38.930391527462646, 3.089934192519043 ], [ 38.930244842382606, 3.089777419198179 ], [ 38.930158155567163, 3.089690665772308 ], [ 38.930058290480879, 3.089597143942573 ], [ 38.929960405439303, 3.089509617592723 ], [ 38.929721638463015, 3.089300638862277 ], [ 38.92960132695211, 3.089191086435759 ], [ 38.929488607593726, 3.089081002049112 ], [ 38.929438443541201, 3.089028467633821 ], [ 38.929391648557321, 3.088976816139404 ], [ 38.929271316020412, 3.088835585452888 ], [ 38.929142253292035, 3.088674949451904 ], [ 38.929071239787767, 3.088582778481804 ], [ 38.928999616268058, 3.088486670852728 ], [ 38.928853480159738, 3.088281210742684 ], [ 38.928702964950418, 3.088059864010345 ], [ 38.928575134218399, 3.087863840069184 ], [ 38.928461785788109, 3.0876805400158 ], [ 38.928360703612171, 3.087506305168317 ], [ 38.928269205632709, 3.087336291947902 ], [ 38.928187746859109, 3.087171083303809 ], [ 38.928115721278431, 3.087009451342722 ], [ 38.928083136558058, 3.086929729264738 ], [ 38.928052788883136, 3.086850624131624 ], [ 38.928016464069223, 3.086748372005509 ], [ 38.927979691238207, 3.086636136743141 ], [ 38.927941477367916, 3.086511110588399 ], [ 38.927895276309179, 3.08635188739788 ], [ 38.927847887215286, 3.08617875041201 ], [ 38.927801894141702, 3.085995922263183 ], [ 38.927756778076329, 3.085801365128277 ], [ 38.927711510994868, 3.085590657390401 ], [ 38.927670856006699, 3.085380430607257 ], [ 38.927634107089425, 3.085160609650847 ], [ 38.927600961235562, 3.084929403676268 ], [ 38.927570950433008, 3.084683560965261 ], [ 38.927544915706896, 3.084433229639324 ], [ 38.927520216986366, 3.084156414603173 ], [ 38.927496764272036, 3.083856135595692 ], [ 38.927462114184493, 3.083372591449478 ], [ 38.927452518865927, 3.083217071909497 ], [ 38.927445508593642, 3.083054339991326 ], [ 38.927441006364624, 3.082882695842017 ], [ 38.927438921174407, 3.082698780752166 ], [ 38.927440523932717, 3.08235890415001 ], [ 38.927453037531762, 3.081548538236567 ], [ 38.927453623370916, 3.081334308767045 ], [ 38.927451640175306, 3.081141039486638 ], [ 38.927446337908208, 3.0809420007081 ], [ 38.927437654582718, 3.080754971893407 ], [ 38.927425448193546, 3.080576979300012 ], [ 38.927409607737346, 3.080406419066598 ], [ 38.927397909401343, 3.080281793856531 ], [ 38.927371843616115, 3.079958461846688 ], [ 38.927362397350507, 3.079864792956949 ], [ 38.92735212907634, 3.079781017212122 ], [ 38.927337533705277, 3.079685229509963 ], [ 38.927320570292423, 3.079596658185387 ], [ 38.927300909829668, 3.079513597386438 ], [ 38.927278346312306, 3.079435195186812 ], [ 38.927260552913353, 3.079384728566711 ], [ 38.927237386402368, 3.079329371374159 ], [ 38.927151611531798, 3.079151118863324 ], [ 38.927122507893301, 3.079086022518076 ], [ 38.927098339355105, 3.079021919082926 ], [ 38.927081454967499, 3.078962708218592 ], [ 38.927071309720795, 3.07890993979149 ], [ 38.927064163529032, 3.078850540935496 ], [ 38.92705992739468, 3.078789588211606 ], [ 38.927052296107441, 3.07862363957307 ], [ 38.927047950979897, 3.078573880880902 ], [ 38.927042076826019, 3.07852959371668 ], [ 38.927022802358522, 3.078431032258349 ], [ 38.926970143126354, 3.078217374783467 ], [ 38.926950193648452, 3.078122729986879 ], [ 38.92693128317493, 3.07800741597751 ], [ 38.926914492736572, 3.077882875764493 ], [ 38.926899388322418, 3.077746163603032 ], [ 38.926884562893946, 3.07758461958953 ], [ 38.926875962613416, 3.077451187139125 ], [ 38.926865412167331, 3.077160752272009 ], [ 38.926858310921915, 3.07703338429581 ], [ 38.92684012138411, 3.076820211751364 ], [ 38.926815270699223, 3.07659073262299 ], [ 38.926783202851155, 3.076339116415495 ], [ 38.926740175740946, 3.076035910679834 ], [ 38.926715074111186, 3.075881343071452 ], [ 38.926682545318236, 3.075709776939732 ], [ 38.926648380498662, 3.07554602213348 ], [ 38.926562845460197, 3.075152698228575 ], [ 38.92652229848192, 3.074951349679871 ], [ 38.926488523645062, 3.074756355575997 ], [ 38.926475379307846, 3.074666007402565 ], [ 38.926464527019448, 3.074579073931897 ], [ 38.92644413645678, 3.074389856317468 ], [ 38.9264291980246, 3.074226476463453 ], [ 38.926439483235669, 3.074231356033026 ], [ 38.926411079346863, 3.07383699417215 ], [ 38.926415190242324, 3.073604039321747 ], [ 38.926412022086687, 3.073489728213446 ], [ 38.926404558869123, 3.073405866474401 ], [ 38.926391901539851, 3.073313340489121 ], [ 38.926375794140178, 3.073219567614505 ], [ 38.926328081976017, 3.072966243568477 ], [ 38.926315858668197, 3.072889483219051 ], [ 38.926307013434545, 3.072820370205233 ], [ 38.926295085086537, 3.072686152826303 ], [ 38.92628733481061, 3.072536951740094 ], [ 38.926283499611742, 3.07238547284796 ], [ 38.926278264178343, 3.071977095181701 ], [ 38.926274022994299, 3.071854255812211 ], [ 38.926267633777222, 3.071744149343004 ], [ 38.926249724162517, 3.071427813724497 ], [ 38.926239889861485, 3.071299418840321 ], [ 38.926232510657492, 3.071230397817584 ], [ 38.926223837431387, 3.071166298370084 ], [ 38.926213704178807, 3.071105886604601 ], [ 38.92620200289717, 3.071048542575158 ], [ 38.926187904566575, 3.070990373618961 ], [ 38.926171140180656, 3.070930082848496 ], [ 38.926151554735718, 3.070867103312981 ], [ 38.926128814224235, 3.070800360105591 ], [ 38.926078204097081, 3.070665587806301 ], [ 38.925978859898422, 3.070418559258211 ], [ 38.925936722969809, 3.070318594940673 ], [ 38.925885633852971, 3.070208841477379 ], [ 38.925833982729522, 3.070104881513189 ], [ 38.925706737967744, 3.069856142135899 ], [ 38.925644618614143, 3.069728015271064 ], [ 38.925589543404534, 3.069602513173495 ], [ 38.925545699428717, 3.06948670922781 ], [ 38.925514863727855, 3.069386998879257 ], [ 38.92545157426467, 3.069151669290216 ], [ 38.925433185847226, 3.069092861392839 ], [ 38.925414438427751, 3.069040470940633 ], [ 38.925389508878318, 3.068981337076825 ], [ 38.925357982191734, 3.068916829683257 ], [ 38.925248815835189, 3.068719295861492 ], [ 38.925214337088256, 3.068653620571367 ], [ 38.925187032492076, 3.068595731601814 ], [ 38.925165043005954, 3.068541734291325 ], [ 38.9251355503459, 3.068459140460833 ], [ 38.925110735784642, 3.068382340125452 ], [ 38.925090011308882, 3.068309509443296 ], [ 38.925073159913744, 3.068239867482132 ], [ 38.925061127623323, 3.068179864683119 ], [ 38.925050613360717, 3.068116494174142 ], [ 38.925041540124269, 3.068049306994427 ], [ 38.925033781910251, 3.067977374224099 ], [ 38.925026708693878, 3.067885129210582 ], [ 38.925023067546007, 3.067792220251684 ], [ 38.925022874467459, 3.067699038313597 ], [ 38.925026129458367, 3.067605971362881 ], [ 38.925032818518766, 3.067513417365058 ], [ 38.925042914648564, 3.067421732289204 ], [ 38.925056378847088, 3.067331279104065 ], [ 38.925073159113751, 3.067242393780649 ], [ 38.925098184530313, 3.067133445186423 ], [ 38.925126130011499, 3.067031802957613 ], [ 38.925157141559772, 3.066936948139128 ], [ 38.925191293176702, 3.06684865475053 ], [ 38.925221060724915, 3.066784869245096 ], [ 38.925259025434194, 3.066716040169243 ], [ 38.925299083188428, 3.066650838777964 ], [ 38.925402643144828, 3.066490132598238 ], [ 38.925453814104813, 3.066402416145876 ], [ 38.925524028411829, 3.066269197615051 ], [ 38.925589130619059, 3.066139972742748 ], [ 38.925649502733684, 3.066013982594433 ], [ 38.925705375759925, 3.065890744211752 ], [ 38.925756989702172, 3.065769711641699 ], [ 38.925804399561436, 3.065650742896499 ], [ 38.925847704339425, 3.065533589997508 ], [ 38.925886973037571, 3.065418066960834 ], [ 38.925940509974616, 3.06524223313064 ], [ 38.925991981857415, 3.065050575671344 ], [ 38.926030272510737, 3.064903768342269 ], [ 38.926047562801109, 3.064831666566578 ], [ 38.926061663028051, 3.064760554707819 ], [ 38.926070737159243, 3.064696210267634 ], [ 38.926074055191478, 3.064653164989269 ], [ 38.926075138174902, 3.0646052591333 ], [ 38.926069483912627, 3.064420015165474 ], [ 38.926070736875317, 3.064341844927795 ], [ 38.926074514914902, 3.064296347861274 ], [ 38.926080769002859, 3.064248977954726 ], [ 38.926089564140135, 3.064199243250716 ], [ 38.926101068329231, 3.064146174833036 ], [ 38.926126476762576, 3.064048532260708 ], [ 38.926193440925644, 3.063817224219765 ], [ 38.92620901719031, 3.063756147491675 ], [ 38.926221174390868, 3.06370088526322 ], [ 38.926231226547586, 3.063643814193005 ], [ 38.926237887638486, 3.063589940848948 ], [ 38.926241261665147, 3.063538405305207 ], [ 38.926241375627683, 3.06348874260204 ], [ 38.926236313467207, 3.063415600934538 ], [ 38.926215122888898, 3.063226249334974 ], [ 38.926209027674091, 3.063111321283825 ], [ 38.926207652550218, 3.062991135683786 ], [ 38.926210975515666, 3.062864416645253 ], [ 38.926219059569661, 3.062728625387813 ], [ 38.926229080677338, 3.062611085549736 ], [ 38.926242725847139, 3.062480032877879 ], [ 38.926294048542175, 3.062057446400378 ], [ 38.926310897761788, 3.061907913325017 ], [ 38.926324266917639, 3.061766392559275 ], [ 38.926333255996035, 3.061638165646793 ], [ 38.926376022268002, 3.060902085301952 ], [ 38.92638680531099, 3.060684482121611 ], [ 38.926394640312623, 3.060489327001353 ], [ 38.926400304265783, 3.060288339387525 ], [ 38.926401431222558, 3.060205821526627 ], [ 38.926402880166776, 3.060099701707683 ], [ 38.926402409013754, 3.059920222237873 ], [ 38.926398884805174, 3.059748216123916 ], [ 38.926397170628427, 3.059570482504089 ], [ 38.926402460470989, 3.059240481054164 ], [ 38.926403046378759, 3.059110353313373 ], [ 38.926400357219151, 3.058978541720987 ], [ 38.926393763992515, 3.058861054892306 ], [ 38.926387524811958, 3.058792455833037 ], [ 38.926379599600033, 3.058727030500601 ], [ 38.926369934355385, 3.058664334933421 ], [ 38.926358484076601, 3.058604084156079 ], [ 38.926345184762397, 3.058545961196114 ], [ 38.926330009411984, 3.058489875061414 ], [ 38.926312918024514, 3.058435675765065 ], [ 38.926293875599129, 3.058383252316603 ], [ 38.92625852682005, 3.058298915642664 ], [ 38.926215581883014, 3.058208534498011 ], [ 38.926164120768135, 3.058109977067585 ], [ 38.926096984320012, 3.057989512545483 ], [ 38.926032849942942, 3.057882250878561 ], [ 38.925957812340002, 3.057767078904983 ], [ 38.925871274497965, 3.057642534751607 ], [ 38.925742580764449, 3.057464527258467 ], [ 38.925596721668711, 3.057265746576685 ], [ 38.925477573143681, 3.057108127311698 ], [ 38.925366857802032, 3.056967508568757 ], [ 38.925261731583753, 3.056840414651154 ], [ 38.925157131382228, 3.056720976070639 ], [ 38.925054280223243, 3.056610858682214 ], [ 38.924952121084893, 3.056508932584405 ], [ 38.924850007953317, 3.056414554833402 ], [ 38.924802254959722, 3.056374352350653 ], [ 38.924677479368249, 3.056275383015233 ], [ 38.924643159653463, 3.056245658615037 ], [ 38.924613739038783, 3.056217686059267 ], [ 38.924574338211144, 3.056174735807681 ], [ 38.924536951420095, 3.056126940973546 ], [ 38.924501201657804, 3.056073824598576 ], [ 38.924466431910297, 3.056014419767068 ], [ 38.924437335279805, 3.055958568623332 ], [ 38.92440706961947, 3.055894854161117 ], [ 38.92430665141255, 3.055663247283483 ], [ 38.924264332487397, 3.05557183722749 ], [ 38.924216332448523, 3.055481187110392 ], [ 38.924192149929567, 3.055441145594656 ], [ 38.924167452402656, 3.055403957832542 ], [ 38.924101371998439, 3.055311798860569 ], [ 38.924033243554739, 3.055221810702411 ], [ 38.923963312076836, 3.055134312330294 ], [ 38.923891804569294, 3.05504959171905 ], [ 38.923847836645486, 3.055001380926316 ], [ 38.923796445569423, 3.054949674442039 ], [ 38.923625554001468, 3.054790686337501 ], [ 38.923567523788314, 3.05473462623531 ], [ 38.923515938706608, 3.054680758938179 ], [ 38.923471770776409, 3.054629603400461 ], [ 38.923445792226545, 3.054596104320161 ], [ 38.923418271641609, 3.054557497683101 ], [ 38.923305103227072, 3.054387433490486 ], [ 38.923276332616624, 3.054348520880982 ], [ 38.923248628031722, 3.054314611837526 ], [ 38.923199526001206, 3.054262208411768 ], [ 38.923140906777412, 3.054207842163551 ], [ 38.923079737504857, 3.05415652165373 ], [ 38.922915774098584, 3.054025266143968 ], [ 38.922869023124967, 3.053984919672927 ], [ 38.922828594280766, 3.053947121976269 ], [ 38.922762092887631, 3.053879369892789 ], [ 38.922579199049444, 3.053684628891847 ], [ 38.922470073765382, 3.053576023377938 ], [ 38.922355313366879, 3.05346612498035 ], [ 38.922234354842139, 3.053354392746481 ], [ 38.922106306172537, 3.053240002748279 ], [ 38.921971409362925, 3.053123114971808 ], [ 38.921826382345166, 3.053000832670318 ], [ 38.921668521062671, 3.052870859044731 ], [ 38.921489735347528, 3.052726530678254 ], [ 38.921420990920517, 3.052672948370386 ], [ 38.921236538095108, 3.052533475588181 ], [ 38.921135331991316, 3.052450912814386 ], [ 38.921044108090037, 3.052370217870808 ], [ 38.920962516386489, 3.052294250510407 ], [ 38.920888226831998, 3.052220837922994 ], [ 38.92082030640713, 3.05214904619024 ], [ 38.920791335797091, 3.052115711098236 ], [ 38.920760542146283, 3.052077143460513 ], [ 38.920628903354881, 3.051900727832733 ], [ 38.920592683591238, 3.051857695585721 ], [ 38.920557784859142, 3.051820929795449 ], [ 38.920517923027298, 3.051784372991021 ], [ 38.920471189056087, 3.051746502305805 ], [ 38.920422276042238, 3.05171029747815 ], [ 38.920289046284211, 3.051615826760646 ], [ 38.920216507777724, 3.051558437785234 ], [ 38.920161395626153, 3.051505935372974 ], [ 38.920061326524547, 3.051397400845701 ], [ 38.920019244643129, 3.051354740571266 ], [ 38.91997280367562, 3.051314203116643 ], [ 38.919927733743044, 3.051282819868704 ], [ 38.919903885252332, 3.051269695023664 ], [ 38.919876578692559, 3.051257186128158 ], [ 38.919738085863621, 3.051206792600559 ], [ 38.919705818202566, 3.051192634851685 ], [ 38.919678338637361, 3.05117782315558 ], [ 38.919651165076019, 3.051159993720302 ], [ 38.919624215516862, 3.051139330530186 ], [ 38.919597208954137, 3.051115623603435 ], [ 38.91956962837709, 3.051088416979975 ], [ 38.91952075934946, 3.051033827743293 ], [ 38.919403899883349, 3.050892160096805 ], [ 38.919369578162517, 3.050854889349748 ], [ 38.919337061482651, 3.050823457095945 ], [ 38.919261984920709, 3.050760550600146 ], [ 38.919175095120366, 3.050696982171087 ], [ 38.919071944989376, 3.050629390103337 ], [ 38.918849608403988, 3.05049360003314 ], [ 38.918754762445822, 3.050432962356853 ], [ 38.91865804644398, 3.050364858328279 ], [ 38.918615378558343, 3.050331666234981 ], [ 38.918575749733805, 3.050298472139408 ], [ 38.918480436745192, 3.050211498742558 ], [ 38.918326354523515, 3.050062228783991 ], [ 38.918160984064869, 3.049900889879006 ], [ 38.918002733752694, 3.049743488627433 ], [ 38.917850813570588, 3.049589236098384 ], [ 38.917704697507396, 3.049437599338269 ], [ 38.91756381455118, 3.049287980399327 ], [ 38.917427987698289, 3.049140184298651 ], [ 38.917296942942869, 3.048993916061961 ], [ 38.917170475280578, 3.048848942709477 ], [ 38.91704801069956, 3.048704591299928 ], [ 38.916929831205486, 3.048561168806549 ], [ 38.91681580979575, 3.048418524242673 ], [ 38.916705846468226, 3.048276532618918 ], [ 38.91659983622079, 3.048135055947394 ], [ 38.916497724052164, 3.047994020234712 ], [ 38.916399443961048, 3.047853332488793 ], [ 38.916304939946137, 3.047712917716254 ], [ 38.916257037921767, 3.047637850251101 ], [ 38.916209231895337, 3.047557887209486 ], [ 38.916161032856515, 3.04747221566227 ], [ 38.916111528785549, 3.047379214750407 ], [ 38.916095784443449, 3.047347738486995 ], [ 38.916022861858885, 3.04720194416271 ], [ 38.915809283203025, 3.046756335897566 ], [ 38.915746704844842, 3.046633162607411 ], [ 38.915687839572527, 3.046523983103166 ], [ 38.915619964112715, 3.046407226262009 ], [ 38.915552143662154, 3.046300700535366 ], [ 38.915483171195021, 3.046202513088122 ], [ 38.915412367696923, 3.046111710003295 ], [ 38.915381857054875, 3.046076911039336 ], [ 38.915289217110718, 3.045978182657903 ], [ 38.915262788552511, 3.045945590499691 ], [ 38.915241729103968, 3.045914840177831 ], [ 38.91522644777492, 3.045888069506896 ], [ 38.915212280466562, 3.045859014032785 ], [ 38.915199083175601, 3.045827383780774 ], [ 38.915186601896579, 3.045792575803109 ], [ 38.915166890447075, 3.045726575530688 ], [ 38.915123594443045, 3.045560474940165 ], [ 38.915089020646604, 3.045434720851041 ], [ 38.915057732915102, 3.045307177913958 ], [ 38.915029843250913, 3.045178311088802 ], [ 38.915005458656665, 3.045048613332779 ], [ 38.914996241421399, 3.044986285734172 ], [ 38.914989704237513, 3.044920640420533 ], [ 38.914985778103045, 3.044851004450187 ], [ 38.914984384015298, 3.044776044938533 ], [ 38.914987466965698, 3.044635702081766 ], [ 38.915004155029798, 3.044293979642107 ], [ 38.915005505983629, 3.044201629633315 ], [ 38.915003744882334, 3.04411895178997 ], [ 38.914997771692512, 3.044031493363708 ], [ 38.914987429419575, 3.043950291399579 ], [ 38.914972539059008, 3.04387396001764 ], [ 38.914952953607155, 3.043801771280854 ], [ 38.91493442618971, 3.043745940127594 ], [ 38.914912164692993, 3.043685144406935 ], [ 38.914847945273316, 3.043526154218292 ], [ 38.91481399852951, 3.043450540789443 ], [ 38.914771898616095, 3.043367953970698 ], [ 38.914728784685913, 3.04329005974669 ], [ 38.914622498398344, 3.043104958851523 ], [ 38.914571493295732, 3.043009991111417 ], [ 38.914527382333397, 3.042916902203247 ], [ 38.914493541583298, 3.042830547704032 ], [ 38.914475758180807, 3.042774803542707 ], [ 38.914459980816204, 3.042715820659981 ], [ 38.914446053485811, 3.042653036104921 ], [ 38.914433736183923, 3.042585368971086 ], [ 38.914415143702158, 3.042450409666166 ], [ 38.914387973946454, 3.042188022396449 ], [ 38.914374949598809, 3.042080650699494 ], [ 38.914357258154659, 3.041970182274319 ], [ 38.914336027649448, 3.041872448749827 ], [ 38.914313443128115, 3.041788759011002 ], [ 38.914255416804394, 3.041593522954593 ], [ 38.914231019242699, 3.041504957639255 ], [ 38.914188723251037, 3.041328985902917 ], [ 38.914149078302792, 3.041140392256987 ], [ 38.914111326379867, 3.040935715001574 ], [ 38.914073505434352, 3.0407043540556 ], [ 38.914063535177512, 3.040633731175868 ], [ 38.914054992946618, 3.040559647594493 ], [ 38.914041788551678, 3.040397304655515 ], [ 38.914034069271679, 3.040240577226178 ], [ 38.914020899703218, 3.039858929267834 ], [ 38.914015374509567, 3.039755232247153 ], [ 38.914008584298841, 3.03966203631862 ], [ 38.913998872024685, 3.039563138885875 ], [ 38.913986891710032, 3.039470757890887 ], [ 38.913972437349457, 3.039383325469739 ], [ 38.913955369939586, 3.039300016693781 ], [ 38.913932465402205, 3.039204096014002 ], [ 38.913905720782623, 3.039102088864123 ], [ 38.91387461506875, 3.038991954421208 ], [ 38.913837235216612, 3.038866903274295 ], [ 38.913801813417223, 3.038758405693245 ], [ 38.913758753456172, 3.038640159961939 ], [ 38.913709151357111, 3.038514025918599 ], [ 38.913561805102788, 3.038152495327415 ], [ 38.913518646143025, 3.038038368239777 ], [ 38.91348283133982, 3.037935053210476 ], [ 38.91346241487642, 3.037869243922764 ], [ 38.913441854403743, 3.037795398330681 ], [ 38.913375105846399, 3.037526906622388 ], [ 38.913345881172226, 3.037419034982309 ], [ 38.913310701376659, 3.037309249512683 ], [ 38.913292210965047, 3.037259822805376 ], [ 38.913272813537404, 3.037213197856445 ], [ 38.913248473006242, 3.037161517348983 ], [ 38.913219059369908, 3.037105998177872 ], [ 38.913183012594445, 3.037043633604527 ], [ 38.913070540181408, 3.03685703384528 ], [ 38.91303736246509, 3.036796305128021 ], [ 38.913010292875825, 3.03674070996162 ], [ 38.912976506131564, 3.036660283949765 ], [ 38.912943320390788, 3.036568942882143 ], [ 38.912913937727318, 3.036478437739199 ], [ 38.912843050116599, 3.036247599775653 ], [ 38.912800275157025, 3.036123851520676 ], [ 38.912729061575256, 3.035937774683231 ], [ 38.912662466101416, 3.035770473217092 ], [ 38.91259788167779, 3.035615405690428 ], [ 38.91253428228184, 3.035470136315031 ], [ 38.9124703618848, 3.035331770342347 ], [ 38.912406129487103, 3.035200421762505 ], [ 38.912341178079878, 3.035075261647685 ], [ 38.912275231657034, 3.034955758044019 ], [ 38.912239344885926, 3.034894772351354 ], [ 38.912200303050142, 3.034832332787027 ], [ 38.912111173150763, 3.034700602260303 ], [ 38.912006416927916, 3.034557754708309 ], [ 38.911782435186446, 3.034266551092733 ], [ 38.911688155187704, 3.034140283097395 ], [ 38.911593248168835, 3.034004601917264 ], [ 38.911551911286118, 3.033941157441898 ], [ 38.911513920472153, 3.033879536805788 ], [ 38.911452506149665, 3.033771451210386 ], [ 38.911388644765879, 3.033648111937229 ], [ 38.911330999510554, 3.033529069287211 ], [ 38.911199196633554, 3.033248082713806 ], [ 38.911132021172932, 3.033112133534851 ], [ 38.911066423755237, 3.032990055153949 ], [ 38.911002003372303, 3.032882063552917 ], [ 38.910899524182909, 3.032723606350399 ], [ 38.910804359156337, 3.032584623456514 ], [ 38.910712150199572, 3.03245876442434 ], [ 38.910621347279992, 3.032343953434616 ], [ 38.910509588926118, 3.032213558810677 ], [ 38.910392729472676, 3.03208738182567 ], [ 38.910270768919972, 3.031965422479771 ], [ 38.91014370526787, 3.031847681772803 ], [ 38.910288033037901, 3.031675437566361 ], [ 38.910439225874669, 3.031412867173023 ], [ 38.910550631897578, 3.031134382189083 ], [ 38.910781400191951, 3.030688807573036 ], [ 38.910924635774052, 3.030306886517296 ], [ 38.91112357349671, 3.029948834351241 ], [ 38.911242936717798, 3.029718090229013 ], [ 38.911386172350355, 3.029399822664019 ], [ 38.911545322171143, 3.028914464550089 ], [ 38.911624897376797, 3.028413192877522 ], [ 38.911656727652648, 3.027951704799574 ], [ 38.911648769064229, 3.027410649641449 ], [ 38.911672641022548, 3.026750243789652 ], [ 38.911776088854076, 3.026431976257745 ], [ 38.911982984649256, 3.025962530729968 ], [ 38.912221711186113, 3.025620393156713 ], [ 38.912476351924006, 3.025127077657884 ], [ 38.912595715057265, 3.024784940180349 ], [ 38.912691204741193, 3.02448258627799 ], [ 38.912683247461516, 3.024331408371441 ], [ 38.912699162473857, 3.023941531109533 ], [ 38.912699162121754, 3.023495955682323 ], [ 38.912746906643115, 3.022938987860262 ], [ 38.912898099184943, 3.022302451844391 ], [ 38.913136825665575, 3.021888703472407 ], [ 38.913248230544546, 3.021427215335058 ], [ 38.913256187371843, 3.021005510836333 ], [ 38.913272102296581, 3.020504239219792 ], [ 38.913280059086297, 3.020034794854493 ], [ 38.913272101511573, 3.01950965232424 ], [ 38.913160696042141, 3.019223212211146 ], [ 38.912906054625488, 3.018857204100962 ], [ 38.91261958259927, 3.018530979571825 ], [ 38.912412686244501, 3.018292279402015 ], [ 38.912070512096598, 3.017966054917554 ], [ 38.911799955460019, 3.017727354798535 ], [ 38.911545313219094, 3.017584134400656 ], [ 38.911211096338029, 3.017393174199299 ], [ 38.910996242898364, 3.017249953769754 ], [ 38.910773431216924, 3.017003296301778 ], [ 38.910455129681502, 3.016844163332369 ], [ 38.91015274341629, 3.016621375861152 ], [ 38.909730992728512, 3.016374718551605 ], [ 38.909436563698812, 3.016247411807776 ], [ 38.909142134606384, 3.016040537952599 ], [ 38.908844611499468, 3.015894223856772 ], [ 38.908594877420903, 3.015831797460184 ], [ 38.908335328142812, 3.015766917283906 ], [ 38.907967512702058, 3.015724481250534 ], [ 38.907429936708603, 3.015512303048072 ], [ 38.907019681346227, 3.015384996396282 ], [ 38.906368931017759, 3.015102092407089 ], [ 38.905972821895546, 3.01491820464269 ], [ 38.905548420270314, 3.014819188552829 ], [ 38.905109870326676, 3.014677737148191 ], [ 38.904699614930649, 3.01450799417042 ], [ 38.904345946685297, 3.014352396923039 ], [ 38.903907397763831, 3.014239236068985 ], [ 38.903567875859117, 3.014154364686871 ], [ 38.903058592435023, 3.013942186461811 ], [ 38.902549309955276, 3.013659282360059 ], [ 38.902209787905583, 3.013390522898669 ], [ 38.901813678638277, 3.013022747055066 ], [ 38.901502450158446, 3.012753988571199 ], [ 38.901148781823892, 3.012485229121278 ], [ 38.900597058522592, 3.012244760379341 ], [ 38.900116069712659, 3.012089163233066 ], [ 38.89979069396999, 3.01184869531119 ], [ 38.899422878305892, 3.01152335477131 ], [ 38.899154090669626, 3.011240450478649 ], [ 38.898871155759622, 3.010971690972725 ], [ 38.898503340262408, 3.010858530062366 ], [ 38.898192111838121, 3.010660496455459 ], [ 38.897696975565005, 3.010278575915587 ], [ 38.897286720023772, 3.009924945859088 ], [ 38.896819877353906, 3.009585460622924 ], [ 38.896197420471843, 3.00914695908325 ], [ 38.895758870282876, 3.008694311622562 ], [ 38.895475935361624, 3.008411407341622 ], [ 38.895023239887749, 3.007958759892389 ], [ 38.89475445129591, 3.007732436701451 ], [ 38.894471516330306, 3.007392951319716 ], [ 38.894160287772571, 3.007025175409989 ], [ 38.894018819734214, 3.006784707343004 ], [ 38.893919792517359, 3.006501801916697 ], [ 38.893764177994129, 3.006006718906868 ], [ 38.893707590398989, 3.005426765167297 ], [ 38.893622710222921, 3.004832665675453 ], [ 38.89360963191843, 3.004780360214705 ], [ 38.893523681917287, 3.004436599047993 ], [ 38.89335392115386, 3.003998097151249 ], [ 38.893184160434778, 3.003616176355432 ], [ 38.893028546056179, 3.003304980424595 ], [ 38.892689023862225, 3.002852333887479 ], [ 38.8924768222995, 3.002484557900922 ], [ 38.892165593753212, 3.002130927768039 ], [ 38.89184021781103, 3.001635844894679 ], [ 38.891585576371298, 3.001239778391861 ], [ 38.891231907803913, 3.000673969665606 ], [ 38.891019706263506, 3.000334484229989 ], [ 38.890821650908244, 2.999867691807067 ], [ 38.890567009402147, 2.999386753654028 ], [ 38.890524569070742, 2.998778509357233 ], [ 38.890453835158503, 2.998156119308174 ], [ 38.890453834748669, 2.997632745629287 ], [ 38.890383099980639, 2.99719424365727 ], [ 38.890142605715482, 2.996656724394012 ], [ 38.889887963265195, 2.996246513117971 ], [ 38.889647469166178, 2.995921173481228 ], [ 38.889279653391938, 2.995454381194548 ], [ 38.888968424757579, 2.994987588863347 ], [ 38.888643048816213, 2.994492505993381 ], [ 38.888331820082357, 2.993898406687119 ], [ 38.888204499174734, 2.993459904761472 ], [ 38.888133765230094, 2.992795078390937 ], [ 38.888105471107423, 2.992087816662408 ], [ 38.888133764069394, 2.991309829014834 ], [ 38.888204496698719, 2.990291373159784 ], [ 38.888345963764095, 2.989287061025385 ], [ 38.888331815617917, 2.988183733590121 ], [ 38.888515722715276, 2.987405745823757 ], [ 38.888727923404787, 2.986656047585865 ], [ 38.889039151056096, 2.98586391494581 ], [ 38.889223058120869, 2.985043491857272 ], [ 38.889336231882226, 2.984378665348893 ], [ 38.889477698401109, 2.983954308991487 ], [ 38.889760632571125, 2.983275337575602 ], [ 38.889944539834744, 2.982709527437096 ], [ 38.890227473762558, 2.981719361976257 ], [ 38.890284060439797, 2.981125261389433 ], [ 38.890298207416308, 2.980729195683673 ], [ 38.890512765281194, 2.980142168360729 ], [ 38.890795699583869, 2.979632939246031 ], [ 38.891135221070499, 2.979180292186149 ], [ 38.89183312654098, 2.978425878983594 ], [ 38.892398995528175, 2.977897790281578 ], [ 38.893210075380914, 2.977275399555959 ], [ 38.89411546629448, 2.976860471786344 ], [ 38.894587023601794, 2.9766152876542 ], [ 38.895247204737551, 2.976407824106763 ], [ 38.89630349479264, 2.97612491778338 ], [ 38.897152298653907, 2.975823152256801 ], [ 38.898019965880131, 2.975502526349443 ], [ 38.898963081537801, 2.975068739185629 ], [ 38.899755298244223, 2.974748113338073 ], [ 38.900396616969864, 2.974502929073937 ], [ 38.901339732612477, 2.974050280545064 ], [ 38.901811290977584, 2.97388053787929 ], [ 38.902263986036139, 2.97380509605937 ], [ 38.903037341347371, 2.973465609861472 ], [ 38.903527760960323, 2.973126123885681 ], [ 38.904055905186432, 2.972598035218983 ], [ 38.90426339096954, 2.972088806170474 ], [ 38.904093628950307, 2.971315534292164 ], [ 38.903659795759545, 2.97073086428264 ], [ 38.903188236794321, 2.97012733493691 ], [ 38.903088062689804, 2.970015152733911 ], [ 38.902716678887693, 2.969599247055735 ], [ 38.902263982521944, 2.96927862218694 ], [ 38.901792424893294, 2.969108880261521 ], [ 38.9015283515457, 2.969071159736197 ], [ 38.900849308650464, 2.968788255776774 ], [ 38.900434337102872, 2.968543071342873 ], [ 38.89962325641671, 2.968090425192142 ], [ 38.898868763987004, 2.967788660925764 ], [ 38.89788792289616, 2.967354874274243 ], [ 38.897397501887191, 2.967185132363516 ], [ 38.897039118566774, 2.967053110081642 ], [ 38.896548697499256, 2.966807926706668 ], [ 38.896096002147608, 2.966506162204158 ], [ 38.895322646191438, 2.966015794292025 ], [ 38.894568152834218, 2.965808331855853 ], [ 38.893493001003613, 2.965582009304376 ], [ 38.892625334293555, 2.965280245126281 ], [ 38.891795391226246, 2.964827597990544 ], [ 38.891191796717997, 2.964374951677792 ], [ 38.890852274776996, 2.964242929381105 ], [ 38.890569339961225, 2.96409204667411 ], [ 38.889890296035389, 2.96377142198271 ], [ 38.889531911626719, 2.963526238504488 ], [ 38.88904149151476, 2.963224474031668 ], [ 38.888664244609465, 2.962828407640378 ], [ 38.888381309603808, 2.96243234217543 ], [ 38.888230410301631, 2.962092856705475 ], [ 38.888117236715551, 2.961696790108271 ], [ 38.888136098818286, 2.96133844414006 ], [ 38.88832472123854, 2.960848076477682 ], [ 38.888475620103051, 2.960621751968478 ], [ 38.888720829750653, 2.960244546457992 ], [ 38.888947177018302, 2.959867339962629 ], [ 38.889305560785182, 2.959282670339176 ], [ 38.889663944581265, 2.958735720448232 ], [ 38.890192088709362, 2.958075609229905 ], [ 38.89058819729452, 2.957566381042146 ], [ 38.891097479042777, 2.956906269839789 ], [ 38.891663348989091, 2.956321600057364 ], [ 38.892134906064896, 2.955774651080604 ], [ 38.892512152284716, 2.95528428227541 ], [ 38.89290826091365, 2.954831635187412 ], [ 38.893323231082633, 2.954586450108752 ], [ 38.893813651640222, 2.954171523679371 ], [ 38.894153173362163, 2.954020640488626 ], [ 38.894549281136548, 2.953756596059258 ], [ 38.895209462142397, 2.953379389229875 ], [ 38.895888505411563, 2.952851300460106 ], [ 38.896416650670616, 2.952360931539904 ], [ 38.896925932535119, 2.951851703268976 ], [ 38.897265454126064, 2.951531077787712 ], [ 38.897586113264438, 2.951116150492917 ], [ 38.898340605951176, 2.950456039106858 ], [ 38.898623540213507, 2.949890229916923 ], [ 38.898925336754019, 2.949192398153277 ], [ 38.899434618473279, 2.948494567228867 ], [ 38.900000487346823, 2.947815595626875 ], [ 38.900490907875131, 2.947362947471393 ], [ 38.901113364018975, 2.94685371911687 ], [ 38.901999892379443, 2.946212467998643 ], [ 38.902924145557499, 2.945646658314024 ], [ 38.903848398822475, 2.945194009823255 ], [ 38.904546304630493, 2.9448733840673 ], [ 38.905432833208053, 2.944515037434051 ], [ 38.905904391559282, 2.944326434412708 ], [ 38.906526847847637, 2.944005808716006 ], [ 38.907205891304436, 2.943722903706515 ], [ 38.908149007020953, 2.943364557030213 ], [ 38.908884636645965, 2.94311937270811 ], [ 38.909563680073383, 2.942798746968271 ], [ 38.910299310437324, 2.942214076069001 ], [ 38.910940629075881, 2.941855730628252 ], [ 38.911732845781962, 2.941535104801527 ], [ 38.912826860564969, 2.941214478740816 ], [ 38.913619077314088, 2.940950433010681 ], [ 38.914411295019775, 2.940629807184687 ], [ 38.9152035117107, 2.940290320993637 ], [ 38.916372975794644, 2.939686790395414 ], [ 38.917127467595229, 2.939177561946384 ], [ 38.917787648496805, 2.938668333571004 ], [ 38.91848555412885, 2.938121383436467 ], [ 38.919032560737165, 2.937593294784615 ], [ 38.919730466340255, 2.937008624920566 ], [ 38.920466096572483, 2.936254211740857 ], [ 38.920805618046629, 2.93578270434711 ], [ 38.921126277112123, 2.935273475238096 ], [ 38.9213337619857, 2.934877409408132 ], [ 38.921522384508499, 2.934519063323377 ], [ 38.922107116688359, 2.933745789898507 ], [ 38.922503223969336, 2.932840495064484 ], [ 38.92278615792852, 2.93187861922392 ], [ 38.922880469234812, 2.931105346181612 ], [ 38.922974780613494, 2.930426375965267 ], [ 38.923182265299772, 2.929785125392312 ], [ 38.923370888693064, 2.929257036024832 ], [ 38.923408611990432, 2.928653506314143 ], [ 38.923502923384063, 2.927993395465144 ], [ 38.923597234806465, 2.927371005346728 ], [ 38.923597234431291, 2.926880637856612 ], [ 38.923804719089247, 2.926201666556679 ], [ 38.923917893007214, 2.925730158344906 ], [ 38.924163102496884, 2.92514548884183 ], [ 38.924181964501791, 2.92465512133847 ], [ 38.924314000799654, 2.924183613113121 ], [ 38.924483760655271, 2.92344806175002 ], [ 38.928911880334667, 2.922835041479096 ], [ 38.931124819884147, 2.922835039771603 ], [ 38.935274079199502, 2.922558448549557 ], [ 38.937487018111312, 2.921728683782069 ], [ 38.941359660006817, 2.920345741697905 ], [ 38.945508918677419, 2.919239387423787 ], [ 38.95021141347803, 2.918133032726889 ], [ 38.954886090311128, 2.917810162119321 ], [ 38.962935810491793, 2.916750083835925 ], [ 38.967638304693153, 2.916196904180393 ], [ 38.972340798888702, 2.915643725526214 ], [ 38.977873145562825, 2.914813957219528 ], [ 38.983405492440063, 2.914260777929317 ], [ 38.988661221744799, 2.913707597853696 ], [ 38.99474680252316, 2.912877830127607 ], [ 39.000002530336232, 2.910388535973254 ], [ 39.006088107727244, 2.905133363097943 ], [ 39.009937148845381, 2.903439963026685 ], [ 39.013003538483567, 2.902090891694411 ], [ 39.017982651185605, 2.90153771285767 ], [ 39.020748823595994, 2.901261122727596 ], [ 39.024344849269326, 2.900431356948126 ], [ 39.02932395969588, 2.898218650082803 ], [ 39.034303069487166, 2.895176181216844 ], [ 39.039835413185259, 2.891857122944076 ], [ 39.045920992578985, 2.887984890269587 ], [ 39.052283189780745, 2.885772182408246 ], [ 39.055879213798711, 2.884112653668065 ], [ 39.061134941958677, 2.882176534670198 ], [ 39.066936467111887, 2.880283252547649 ], [ 39.067595033183139, 2.88006833369707 ], [ 39.068924665884801, 2.880046843547727 ], [ 39.069239282204386, 2.880043750576249 ], [ 39.069008274684762, 2.876231120642828 ], [ 39.069186630854738, 2.867715253645779 ], [ 39.069454166501387, 2.858753529375609 ], [ 39.06978859101357, 2.853135732832057 ], [ 39.069944653116636, 2.847740864106603 ], [ 39.070279077478773, 2.841900138997066 ], [ 39.070524321252108, 2.837664497613948 ], [ 39.070791860484313, 2.832091286395569 ], [ 39.071126285109933, 2.827922525188671 ], [ 39.071316210280159, 2.823002168391489 ], [ 39.071371528330886, 2.821569063824267 ], [ 39.071639066948769, 2.816486295115122 ], [ 39.071917752080502, 2.809073924804476 ], [ 39.071650204399091, 2.801862190535045 ], [ 39.070940469625853, 2.797076660846538 ], [ 39.070695218620948, 2.792878174830896 ], [ 39.069388650588841, 2.780863337868804 ], [ 39.068862063172666, 2.775598064855132 ], [ 39.0687741527667, 2.774719064315853 ], [ 39.068364487111189, 2.770008454042846 ], [ 39.067687606152759, 2.765380976765094 ], [ 39.06325814344202, 2.735273568571725 ], [ 39.06252484830631, 2.73471364679321 ], [ 39.062449299300887, 2.734033783968576 ], [ 39.058653911224908, 2.731503799725696 ], [ 39.055023766840648, 2.726698261260651 ], [ 39.052719922000605, 2.720333657454593 ], [ 39.051515975913439, 2.714868196690635 ], [ 39.051473437437295, 2.713994853685125 ], [ 39.051293020178626, 2.710290733011665 ], [ 39.051337607352778, 2.706456364523325 ], [ 39.050624157350178, 2.702696306130432 ], [ 39.053782445633288, 2.699611446244297 ], [ 39.046989055397297, 2.698597852280479 ], [ 39.04263033611295, 2.694796926073155 ], [ 39.038400851113579, 2.690553786256929 ], [ 39.036999598975399, 2.687751589065729 ], [ 39.036928989456698, 2.687610385401958 ], [ 39.03690496994016, 2.687562351598433 ], [ 39.036861471957259, 2.687408149046324 ], [ 39.035604099549104, 2.682950681791152 ], [ 39.032292796349061, 2.674909822841606 ], [ 39.028035406495349, 2.664504005450977 ], [ 39.023415833301755, 2.65397682298396 ], [ 39.021402033342362, 2.648969698256966 ], [ 39.019299418450501, 2.64374174284117 ], [ 39.013962367894656, 2.63033035520817 ], [ 39.011974496625641, 2.625529007659847 ], [ 39.009901572409859, 2.620374875913619 ], [ 39.00285543676187, 2.602855317576356 ], [ 39.002752374719705, 2.602899481800599 ], [ 39.00276408021027, 2.603274002171775 ], [ 39.002597036641639, 2.6029660481096 ], [ 39.002575018171306, 2.602925456660297 ], [ 38.999771069266259, 2.59627495387211 ], [ 38.991492815187407, 2.582085205674693 ], [ 38.985816298174257, 2.571915885566123 ], [ 38.985554907669901, 2.571548042794954 ], [ 38.982095145803591, 2.565169800918784 ], [ 38.978219723127623, 2.56258646665801 ], [ 38.959748966361381, 2.557768538997908 ], [ 38.935885465058348, 2.551543962527365 ], [ 38.930233787319601, 2.550040052389761 ], [ 38.915451205114515, 2.546019632688366 ], [ 38.904430115475051, 2.543339122681255 ], [ 38.898700873205996, 2.541945676956263 ], [ 38.897948628939339, 2.541762718404661 ], [ 38.889935305173196, 2.539618543629516 ], [ 38.889552122389631, 2.539516012821309 ], [ 38.889038428950279, 2.540879559340336 ], [ 38.887774519515432, 2.542409393874535 ], [ 38.886510610301613, 2.544271799432605 ], [ 38.885579308918373, 2.546333748385142 ], [ 38.884648007447552, 2.548262668934894 ], [ 38.884182357752806, 2.550790219017676 ], [ 38.88365018685316, 2.553517312767692 ], [ 38.883650190048371, 2.558306354526161 ], [ 38.883783234838376, 2.559969216566981 ], [ 38.883982800324503, 2.562164194209592 ], [ 38.883982801659641, 2.564159628375753 ], [ 38.883650194807906, 2.565423403508488 ], [ 38.882452807745466, 2.568483069788331 ], [ 38.881055856666045, 2.571542736216343 ], [ 38.880831390646186, 2.572288302426335 ], [ 38.880888958898424, 2.572426597341203 ], [ 38.880938062971609, 2.572552188368406 ], [ 38.880985655018911, 2.572684630799812 ], [ 38.881026074917379, 2.572810346822061 ], [ 38.88105998368151, 2.572931396255191 ], [ 38.881087688318324, 2.573048895001884 ], [ 38.88110082362769, 2.573115623180736 ], [ 38.881113535933999, 2.573190546646012 ], [ 38.881160815100756, 2.573510074782017 ], [ 38.881173886412959, 2.573582947425723 ], [ 38.881187674734825, 2.573648751684658 ], [ 38.881214537347624, 2.573755680352618 ], [ 38.881249160123915, 2.573873300084101 ], [ 38.881286612955435, 2.573988350037655 ], [ 38.881387157178857, 2.574283890227139 ], [ 38.881414636790318, 2.574370360676784 ], [ 38.881437642306103, 2.574448559849855 ], [ 38.881488165453611, 2.574642074959983 ], [ 38.881590357799709, 2.575070754552029 ], [ 38.881637616870819, 2.57524836704965 ], [ 38.881768465817977, 2.575712622523838 ], [ 38.881810546758764, 2.575851444403843 ], [ 38.881850850653322, 2.575974818630535 ], [ 38.881895399634359, 2.576099531737761 ], [ 38.881940922628509, 2.576214711674602 ], [ 38.881988167652338, 2.576322240276792 ], [ 38.882037564714928, 2.576423085459633 ], [ 38.882096225968866, 2.576531097012062 ], [ 38.882161242351835, 2.576640695421921 ], [ 38.88223285986912, 2.576752298652674 ], [ 38.882311489529435, 2.576866548648093 ], [ 38.882396995329891, 2.576983338417669 ], [ 38.88249097230424, 2.577104925763678 ], [ 38.882594805481446, 2.577233124527163 ], [ 38.882712475945063, 2.577372857276548 ], [ 38.88275428681856, 2.577419569179624 ], [ 38.882802927831882, 2.577469879764562 ], [ 38.882978828488142, 2.577639192898025 ], [ 38.883045824882807, 2.57770688895626 ], [ 38.883110039224484, 2.5777790386285 ], [ 38.883137533801481, 2.577813607598926 ], [ 38.883162416325561, 2.577847743608801 ], [ 38.883182770756292, 2.577878874883482 ], [ 38.883202347173253, 2.577912613931509 ], [ 38.883221352580748, 2.57794931472212 ], [ 38.883240162986674, 2.577989698191881 ], [ 38.883271699673188, 2.578066090516915 ], [ 38.883340728185914, 2.578248272602262 ], [ 38.883378314000815, 2.578334592058414 ], [ 38.883398230428334, 2.578373802629764 ], [ 38.883418695864528, 2.578409560501356 ], [ 38.883440016315966, 2.578442396626958 ], [ 38.883462376786568, 2.578472592981733 ], [ 38.883497003510804, 2.578512569476259 ], [ 38.883538695378157, 2.578553839853395 ], [ 38.883587130382288, 2.57859656109952 ], [ 38.883733083403378, 2.578718287398236 ], [ 38.883776302301072, 2.578758899831588 ], [ 38.883812331052567, 2.578797515443763 ], [ 38.883847021779211, 2.578839159793038 ], [ 38.883881627506106, 2.578883698890309 ], [ 38.883951574981296, 2.578982765214266 ], [ 38.884023865513832, 2.579096757236734 ], [ 38.884112291395986, 2.579247407055467 ], [ 38.88415840738201, 2.579332599604035 ], [ 38.884202289327078, 2.57942379263165 ], [ 38.884244403241254, 2.579521941054547 ], [ 38.884285583142557, 2.579628982703635 ], [ 38.884318810875428, 2.579723542445218 ], [ 38.884353658648813, 2.579829976151446 ], [ 38.884461660061625, 2.580183298304991 ], [ 38.884502570972231, 2.580312091059837 ], [ 38.884545250915501, 2.580436413202852 ], [ 38.884587228835322, 2.580547095534353 ], [ 38.884659816415521, 2.580722995164887 ], [ 38.884739072133975, 2.580904646290013 ], [ 38.884825703005845, 2.581093680767089 ], [ 38.884921079060831, 2.581293087334859 ], [ 38.885016562113634, 2.581485924474831 ], [ 38.885124666433668, 2.581698421893797 ], [ 38.885543202402225, 2.582499948800741 ], [ 38.885716042110914, 2.58283835720984 ], [ 38.885807173070461, 2.583022888076401 ], [ 38.885890104857388, 2.58319624892146 ], [ 38.885966462506616, 2.583361836448002 ], [ 38.8860370390355, 2.583521381504707 ], [ 38.886205909695711, 2.583906406856904 ], [ 38.886280777321737, 2.584081829528026 ], [ 38.886352398883965, 2.584259711987101 ], [ 38.886411990192926, 2.584421164885342 ], [ 38.886441467845593, 2.584508786234152 ], [ 38.886470139485141, 2.584600989184525 ], [ 38.886498299118145, 2.584698707654916 ], [ 38.886526476756487, 2.584803782484618 ], [ 38.886575513878171, 2.5850027231253 ], [ 38.886691826558412, 2.585503690416475 ], [ 38.886727404370028, 2.585644688112736 ], [ 38.886761945150745, 2.585770841102474 ], [ 38.886839192887045, 2.586038608730007 ], [ 38.886899987249429, 2.586243158874327 ], [ 38.886957068523245, 2.586427343794817 ], [ 38.887011911741183, 2.586595643100437 ], [ 38.887046931514689, 2.586696725273418 ], [ 38.887085592364066, 2.586801671107409 ], [ 38.887128304298372, 2.586911596505039 ], [ 38.88717592033634, 2.587028705273629 ], [ 38.887266624306548, 2.587241549675473 ], [ 38.887479438919129, 2.587725829355267 ], [ 38.887574441984988, 2.587952058588618 ], [ 38.887649076617144, 2.588143292883575 ], [ 38.887711821000217, 2.588320229431807 ], [ 38.887769766292308, 2.588505579250646 ], [ 38.887894420095428, 2.588939238399579 ], [ 38.887928520855397, 2.589047695931206 ], [ 38.887961787591067, 2.589145031431869 ], [ 38.888042817369353, 2.589361841495376 ], [ 38.888136765418764, 2.589594923133008 ], [ 38.888185320469638, 2.589703199670579 ], [ 38.888245160754558, 2.589821325342661 ], [ 38.888308141100289, 2.589936011312142 ], [ 38.888474222641833, 2.590227682798363 ], [ 38.888520103623357, 2.590312823352571 ], [ 38.888559272464278, 2.590390079597948 ], [ 38.8886000383444, 2.590477665942609 ], [ 38.888634493094493, 2.590560871673068 ], [ 38.888663281728547, 2.590641260652824 ], [ 38.888686693252986, 2.5907196538099 ], [ 38.888702655619383, 2.590786029018812 ], [ 38.888717015958719, 2.5908602905419 ], [ 38.888729583265203, 2.590939304652471 ], [ 38.888761663063121, 2.591163926069591 ], [ 38.88877375135332, 2.591233053041508 ], [ 38.888786679655333, 2.591294515680196 ], [ 38.888806571110891, 2.591375884580662 ], [ 38.888830684657279, 2.591465866728177 ], [ 38.888911663476414, 2.59174440741654 ], [ 38.889001670499944, 2.592056403185365 ], [ 38.889054860690237, 2.592232624803104 ], [ 38.889108613884048, 2.592397221432842 ], [ 38.889161631051138, 2.592544215595942 ], [ 38.889209527095304, 2.592662009305394 ], [ 38.889333671784087, 2.59294103992186 ], [ 38.889386601936522, 2.59306908973484 ], [ 38.889468261729668, 2.593288870540034 ], [ 38.889541201343697, 2.593503440804997 ], [ 38.889605600782581, 2.593713329483584 ], [ 38.889661566048737, 2.593918885545183 ], [ 38.889692615765746, 2.59405441272212 ], [ 38.889754689232817, 2.594375028760135 ], [ 38.889786549971781, 2.594518742223685 ], [ 38.889810757521595, 2.594610860185526 ], [ 38.88984001817856, 2.594710847458599 ], [ 38.889877550014454, 2.594829156130507 ], [ 38.889997827683381, 2.595193683305167 ], [ 38.890033160474886, 2.595311817993863 ], [ 38.890061514118173, 2.59541852568244 ], [ 38.890099000981714, 2.595578941687898 ], [ 38.890135463833431, 2.59575232056521 ], [ 38.890171816694533, 2.595942802953358 ], [ 38.890211494646366, 2.596168346286182 ], [ 38.890234431204526, 2.596310368903299 ], [ 38.890255907737703, 2.59645896294931 ], [ 38.890276133251135, 2.596615570298283 ], [ 38.890295466753912, 2.596782956709458 ], [ 38.890329204662116, 2.597120554289097 ], [ 38.890386472254342, 2.597767962875418 ], [ 38.890422634267971, 2.598188833202742 ], [ 38.890461463391709, 2.598692741297811 ], [ 38.890529763416772, 2.599650159883763 ], [ 38.890553190140068, 2.600020793594959 ], [ 38.890572172752989, 2.60036063599059 ], [ 38.890587726290015, 2.600690365269164 ], [ 38.89059937673715, 2.60100325001736 ], [ 38.890607264099536, 2.601303078904955 ], [ 38.890611445379989, 2.60159204574115 ], [ 38.890616037711425, 2.601943810109128 ], [ 38.890614909759705, 2.602048307011114 ], [ 38.890611445753528, 2.602141913863005 ], [ 38.890603102729941, 2.60235443536417 ], [ 38.890595719650946, 2.602456955442639 ], [ 38.890589618563013, 2.602508313975055 ], [ 38.89058195844099, 2.602555747850208 ], [ 38.890572600282702, 2.602600099994784 ], [ 38.890561453086548, 2.602641794372051 ], [ 38.890545235792771, 2.602690044182111 ], [ 38.890524985418608, 2.602739491890475 ], [ 38.890500506960464, 2.602790626455008 ], [ 38.890471353409943, 2.60284438379425 ], [ 38.89040928622871, 2.602945264053242 ], [ 38.890261492403084, 2.603166668876844 ], [ 38.890157107409877, 2.603326674016943 ], [ 38.89006362361954, 2.603462037294984 ], [ 38.889974067898279, 2.603582832838891 ], [ 38.889886543209684, 2.603691542433632 ], [ 38.889803508601346, 2.603785143340895 ], [ 38.88971212482474, 2.603878643262691 ], [ 38.889611544863534, 2.603972922122975 ], [ 38.889500055684245, 2.604069587782969 ], [ 38.889389845525884, 2.6041592330534 ], [ 38.889264065059336, 2.604256556665923 ], [ 38.88881168617749, 2.604591327828678 ], [ 38.888602460070167, 2.604746944423182 ], [ 38.888434967779325, 2.604867418048902 ], [ 38.888281070752072, 2.604972974963988 ], [ 38.888136775909871, 2.605066214944948 ], [ 38.887894396136254, 2.605223780392768 ], [ 38.887783866955914, 2.605290525657416 ], [ 38.887724992791888, 2.605322279933087 ], [ 38.887668973682217, 2.605349346614987 ], [ 38.887614772606369, 2.60537222466034 ], [ 38.887561851553535, 2.60539113705003 ], [ 38.887512415567691, 2.605405330848124 ], [ 38.887456281445964, 2.605417958787294 ], [ 38.887261205540135, 2.605450942049587 ], [ 38.887186902054175, 2.605466119779187 ], [ 38.887124812814555, 2.605481948443686 ], [ 38.88706047253163, 2.605500627861583 ], [ 38.886993201191785, 2.605522353016301 ], [ 38.886921654768116, 2.605547555871097 ], [ 38.886791644184107, 2.605597500611981 ], [ 38.886493927271033, 2.605718340295485 ], [ 38.886352117451302, 2.605771209789827 ], [ 38.886227490968949, 2.605811242389938 ], [ 38.886168895799891, 2.605827339028739 ], [ 38.88611204466438, 2.605841029875875 ], [ 38.886043021283676, 2.605854685734331 ], [ 38.885965217725129, 2.605866716740335 ], [ 38.885711301631815, 2.605896102356319 ], [ 38.885621663835039, 2.605908258359587 ], [ 38.885537300146297, 2.605923257111693 ], [ 38.885462130644633, 2.605941006617944 ], [ 38.88537421289206, 2.605967278391045 ], [ 38.885283710091386, 2.605999301665198 ], [ 38.885189747225041, 2.606037380414389 ], [ 38.885090653259972, 2.606082189581147 ], [ 38.884998866442274, 2.60612724472149 ], [ 38.88489726343218, 2.606180194181297 ], [ 38.884512256822347, 2.606390899100842 ], [ 38.884218452008341, 2.606541708172699 ], [ 38.884091412497263, 2.606611177211714 ], [ 38.884026431215133, 2.606650034873282 ], [ 38.883967237049127, 2.60668833657932 ], [ 38.883912722977428, 2.606726798268139 ], [ 38.883862342989509, 2.606765809906193 ], [ 38.883803671842983, 2.606817331460843 ], [ 38.883742224647534, 2.60687892914017 ], [ 38.883683206503171, 2.606943931521334 ], [ 38.883529390526121, 2.607120949215225 ], [ 38.883481780601969, 2.607171858815617 ], [ 38.883437399738014, 2.607215702028967 ], [ 38.883363423292899, 2.607281267371485 ], [ 38.88327680759545, 2.607350055442121 ], [ 38.883191293916177, 2.60741293002681 ], [ 38.882984371848934, 2.607559687391996 ], [ 38.882882761854987, 2.607636499774312 ], [ 38.882834465909255, 2.607675965371512 ], [ 38.882790406048137, 2.60771443005295 ], [ 38.88274987225779, 2.607752513765191 ], [ 38.882712496530935, 2.607790565478045 ], [ 38.882664064592134, 2.607844130847708 ], [ 38.882615489653354, 2.607902097834443 ], [ 38.882566274705098, 2.607965053387186 ], [ 38.882515476729154, 2.608034199402134 ], [ 38.882424645990127, 2.608166586938577 ], [ 38.882212562939507, 2.608490397892779 ], [ 38.882146602676244, 2.608585902623428 ], [ 38.882071163228822, 2.608691412489402 ], [ 38.881782215676161, 2.609082550635237 ], [ 38.881664137409963, 2.609246626431881 ], [ 38.881602590231054, 2.609335609727271 ], [ 38.881546759163847, 2.609419402470646 ], [ 38.88149558418781, 2.609499593524449 ], [ 38.881448550293342, 2.609576997817887 ], [ 38.881396239302248, 2.609668540884144 ], [ 38.881349082413266, 2.609757637159859 ], [ 38.881306771620565, 2.609844872594191 ], [ 38.881269118920699, 2.609930634153787 ], [ 38.881235940310255, 2.61001536180024 ], [ 38.881207189788384, 2.610099191521842 ], [ 38.881182794353762, 2.610182339299769 ], [ 38.88116270300538, 2.610264973119535 ], [ 38.88114532871991, 2.610359402910488 ], [ 38.881131805520248, 2.610466150626452 ], [ 38.881122582406512, 2.610571779436788 ], [ 38.881103774212441, 2.610842881847887 ], [ 38.88109633311548, 2.610920474097862 ], [ 38.881087713989139, 2.610989799068508 ], [ 38.881068921691359, 2.611108108781595 ], [ 38.881043916277321, 2.611239519358366 ], [ 38.880954024746579, 2.611649620717646 ], [ 38.880925899272931, 2.611785732887383 ], [ 38.88090419491725, 2.611905173504145 ], [ 38.880887740660505, 2.612014553993086 ], [ 38.880869120386691, 2.612162993083234 ], [ 38.880853184164536, 2.612307842484038 ], [ 38.880839899993504, 2.612449398169776 ], [ 38.88082924687339, 2.612587872122021 ], [ 38.880392747723924, 2.613527920585886 ], [ 38.879794053253775, 2.614388452085125 ], [ 38.879382451372976, 2.614987083255847 ], [ 38.878858594129227, 2.615436055532727 ], [ 38.87840957329044, 2.615735371786193 ], [ 38.877602022371391, 2.61624048937181 ], [ 38.877575248809542, 2.616207337276232 ], [ 38.87754045307102, 2.616151988118509 ], [ 38.877507371360572, 2.61608739976375 ], [ 38.877475602670501, 2.616013735198326 ], [ 38.87743190371291, 2.615900204111578 ], [ 38.877418526417479, 2.615862042442892 ], [ 38.877405560126668, 2.615818723222827 ], [ 38.877357169024727, 2.615632070504721 ], [ 38.877343708724709, 2.615589779195522 ], [ 38.87732951541313, 2.61555212048358 ], [ 38.87728218838317, 2.615439637308162 ], [ 38.877245254587372, 2.615363465964539 ], [ 38.877226134179132, 2.615329508933802 ], [ 38.877206641765483, 2.615298661632515 ], [ 38.877186541341409, 2.615270552093456 ], [ 38.877165692904114, 2.61524498733333 ], [ 38.877122859010662, 2.615199893288335 ], [ 38.877076005038525, 2.615158090959743 ], [ 38.877025131987615, 2.615119582347116 ], [ 38.876970239858039, 2.615084365450625 ], [ 38.876943750405594, 2.615203070135301 ], [ 38.876916324927763, 2.615312316644102 ], [ 38.876886808404258, 2.615416319610747 ], [ 38.876855364837809, 2.615514133117559 ], [ 38.876821703222994, 2.615606650086996 ], [ 38.876785633556487, 2.615694397473268 ], [ 38.876743539773223, 2.615788906275139 ], [ 38.876708950126051, 2.615861272999295 ], [ 38.876675319492321, 2.615925178459464 ], [ 38.876641790855871, 2.6159820515317 ], [ 38.87658503877114, 2.616067374143344 ], [ 38.876525931634433, 2.616146057334666 ], [ 38.876464849453086, 2.61621759714923 ], [ 38.876402054232095, 2.616281691613029 ], [ 38.876355340319485, 2.616322941054397 ], [ 38.876300469243539, 2.616365689370954 ], [ 38.876241073076066, 2.616407874739683 ], [ 38.876126355818613, 2.616485447066118 ], [ 38.876074552798691, 2.61651975711514 ], [ 38.876019495713258, 2.616553986173453 ], [ 38.875896951292859, 2.616623835177613 ], [ 38.875772376828259, 2.616688823606252 ], [ 38.87544307630835, 2.616853420505295 ], [ 38.875347588420162, 2.616904508124054 ], [ 38.875263300755556, 2.616952885970839 ], [ 38.875008621730416, 2.617105525859321 ], [ 38.874830934226239, 2.617214630484391 ], [ 38.87467162308694, 2.617316182754315 ], [ 38.874528674273101, 2.617411716536818 ], [ 38.874392258591513, 2.61750811123987 ], [ 38.874266374120829, 2.617602895075938 ], [ 38.874149452830402, 2.617697252942882 ], [ 38.874040639703423, 2.617791877781026 ], [ 38.873949500925882, 2.617876863446065 ], [ 38.873857687138617, 2.61796758561217 ], [ 38.87376476833338, 2.618064466243033 ], [ 38.87367007949711, 2.618168197278764 ], [ 38.873573816633673, 2.61827848674471 ], [ 38.873473539695667, 2.618398051406118 ], [ 38.873367366646796, 2.61852911407072 ], [ 38.873249506375295, 2.618678812121288 ], [ 38.873191718266121, 2.618758908189001 ], [ 38.873082063172653, 2.618927327604267 ], [ 38.873033992251941, 2.618996780591756 ], [ 38.872979611203704, 2.619065730627439 ], [ 38.872952830684575, 2.61909535806692 ], [ 38.872925861159857, 2.619122279742105 ], [ 38.872871381095727, 2.619170895547904 ], [ 38.872812469941373, 2.619217981489898 ], [ 38.872749589705819, 2.619263168599946 ], [ 38.872683322400441, 2.619306036914167 ], [ 38.872614217036002, 2.619346222463832 ], [ 38.872543137629648, 2.619383210293305 ], [ 38.872470912197805, 2.619416572439141 ], [ 38.872398438758097, 2.619445890937157 ], [ 38.872353267858955, 2.619461505609116 ], [ 38.872306351923292, 2.619475049462634 ], [ 38.872257610949411, 2.619486545495587 ], [ 38.872206937935232, 2.619496019705876 ], [ 38.872154262879398, 2.61950348809216 ], [ 38.872099359777394, 2.619508986651464 ], [ 38.872042023624957, 2.619512537382017 ], [ 38.871981939415882, 2.619514160282208 ], [ 38.8718666460924, 2.619512296524098 ], [ 38.87173660746771, 2.619504235315567 ], [ 38.871619420100032, 2.619493386340949 ], [ 38.87128365931293, 2.619457877663738 ], [ 38.871194974519902, 2.619447924591343 ], [ 38.871098185560349, 2.619433219938201 ], [ 38.870985652279614, 2.619412521817588 ], [ 38.870746557430451, 2.61936366723536 ], [ 38.870642311317134, 2.619343779038498 ], [ 38.870531902081112, 2.619325931668326 ], [ 38.870432591072635, 2.619314050771092 ], [ 38.870245614294831, 2.61929688839414 ], [ 38.870103543425849, 2.619285982441562 ], [ 38.869975082833527, 2.61927893314384 ], [ 38.869857426461529, 2.619275701506396 ], [ 38.869743947176147, 2.619276271535194 ], [ 38.869636863022386, 2.619280820213136 ], [ 38.869534996976469, 2.619289398536778 ], [ 38.869437680024987, 2.619302066501365 ], [ 38.869358628441631, 2.619315183414208 ], [ 38.86928200490825, 2.619329698203632 ], [ 38.869207827425015, 2.619345605870151 ], [ 38.869136115992433, 2.61936290341401 ], [ 38.869066889610785, 2.619381585835634 ], [ 38.869000167280646, 2.619401649135266 ], [ 38.868935964002112, 2.619423086313595 ], [ 38.868874296775552, 2.619445893370956 ], [ 38.868762430554682, 2.619493264324805 ], [ 38.868650445336684, 2.619548385604044 ], [ 38.868538879132288, 2.619610993231435 ], [ 38.868428368954028, 2.619680730237496 ], [ 38.868319460812728, 2.619757267650549 ], [ 38.868213075726409, 2.619839972525003 ], [ 38.868110034711229, 2.619928208915596 ], [ 38.868011242784895, 2.620021202889272 ], [ 38.867956498720105, 2.620076628102598 ], [ 38.867903881698652, 2.620132760252983 ], [ 38.867853540723409, 2.620189438354235 ], [ 38.867805595796654, 2.620246528418011 ], [ 38.867760168920924, 2.620303880457184 ], [ 38.867717323097246, 2.620361414478842 ], [ 38.867677131327035, 2.620419033491191 ], [ 38.867639649611462, 2.620476655501502 ], [ 38.867589596661205, 2.620561454154795 ], [ 38.867540098728497, 2.620655379013473 ], [ 38.867490109793302, 2.620760326912952 ], [ 38.867435872785471, 2.620884165171156 ], [ 38.867384920847073, 2.621012614025727 ], [ 38.867336627969209, 2.621151350983029 ], [ 38.867290265138649, 2.621302406866703 ], [ 38.867244083324138, 2.621471460183806 ], [ 38.867215656832578, 2.621589957889059 ], [ 38.867188458374883, 2.621721788433089 ], [ 38.867162320947124, 2.62186600789792 ], [ 38.867124214335988, 2.622094711017499 ], [ 38.867106858070173, 2.622217184369211 ], [ 38.867094427908128, 2.622346211147037 ], [ 38.867086795848046, 2.622483066240293 ], [ 38.867083817888798, 2.622630246431611 ], [ 38.867084827000241, 2.622763400841011 ], [ 38.867089046186919, 2.622911965906887 ], [ 38.867113785038669, 2.623428307947087 ], [ 38.86712077931719, 2.623629399439161 ], [ 38.86712235442122, 2.62373495225079 ], [ 38.867122036482129, 2.62383330569031 ], [ 38.867119817501084, 2.623926289598607 ], [ 38.867115672478242, 2.6240148438937 ], [ 38.867108025394295, 2.624117199989999 ], [ 38.867097439248013, 2.624214969487536 ], [ 38.867083845038394, 2.624308796330271 ], [ 38.867067178764572, 2.624399105481383 ], [ 38.867047348424933, 2.624486362900329 ], [ 38.867024313018661, 2.624570712574526 ], [ 38.866998011544858, 2.62465238248428 ], [ 38.866968387002373, 2.624731541614849 ], [ 38.86691719705501, 2.62485389000133 ], [ 38.866864106065599, 2.624970727868585 ], [ 38.86680922003621, 2.625081818237498 ], [ 38.866752623968189, 2.625186994122354 ], [ 38.866728283505459, 2.62522719564018 ], [ 38.866698557936388, 2.625270627880452 ], [ 38.866584510741504, 2.625419932964205 ], [ 38.866541781922265, 2.625480415729531 ], [ 38.866521130528945, 2.625513509863374 ], [ 38.866503628198075, 2.625545198117467 ], [ 38.866488942923461, 2.625576084439253 ], [ 38.866476925702216, 2.625606489801193 ], [ 38.866459197386391, 2.62566679856436 ], [ 38.86644559616024, 2.625736549502835 ], [ 38.866437279035829, 2.625799453033692 ], [ 38.866416991757774, 2.625990028460554 ], [ 38.866400479512002, 2.626116793438758 ], [ 38.866385437299698, 2.626249134930619 ], [ 38.866371729118924, 2.626388237833027 ], [ 38.866359135966768, 2.626536301954765 ], [ 38.866337668747533, 2.62684734089797 ], [ 38.8663091105212, 2.627356386612626 ], [ 38.8663016254879, 2.627527720705665 ], [ 38.866297468534988, 2.627718494104545 ], [ 38.866296280639006, 2.627905099864152 ], [ 38.866296654970945, 2.628378073698931 ], [ 38.866292834070315, 2.628635084332949 ], [ 38.866288072066858, 2.628769963597166 ], [ 38.866281284016623, 2.628896095624187 ], [ 38.866272345918759, 2.629015794212554 ], [ 38.866261164772034, 2.629130254258431 ], [ 38.866248308583614, 2.629233087317524 ], [ 38.866214402064081, 2.629471254612603 ], [ 38.866201230877273, 2.62958570666062 ], [ 38.866195257809018, 2.629661647055443 ], [ 38.866191467787019, 2.629740779170974 ], [ 38.866189825810928, 2.62982376095003 ], [ 38.866190307881006, 2.629911785288729 ], [ 38.866197238151159, 2.630101970731679 ], [ 38.86622185991704, 2.630495375475898 ], [ 38.866229668190151, 2.630664060789464 ], [ 38.866231683293826, 2.630755850799499 ], [ 38.866231616351143, 2.630841446350032 ], [ 38.866229465363489, 2.63092254629326 ], [ 38.866225205330949, 2.631000006554866 ], [ 38.866215495219649, 2.631122905865511 ], [ 38.866203462063233, 2.631248027984338 ], [ 38.866189092861291, 2.631375500900232 ], [ 38.866172370613739, 2.631505484599294 ], [ 38.866153282320333, 2.631638097071275 ], [ 38.866131783980272, 2.631773641289776 ], [ 38.866107832593165, 2.631912393230746 ], [ 38.866081363157683, 2.632054738860849 ], [ 38.866052173663512, 2.632191187005989 ], [ 38.865978397389355, 2.632499820197074 ], [ 38.865949507905221, 2.632642032840529 ], [ 38.865920235442559, 2.632826900772011 ], [ 38.865895274077566, 2.63302752532915 ], [ 38.865873905799269, 2.63324891007724 ], [ 38.865853613574728, 2.633516981761617 ], [ 38.865848268545541, 2.633631170827639 ], [ 38.865841764614558, 2.633922236501405 ], [ 38.865836889573607, 2.63400560124974 ], [ 38.865829640478957, 2.634080303753668 ], [ 38.865814383238678, 2.634177872273135 ], [ 38.865771219517733, 2.634393950498403 ], [ 38.865757719310359, 2.634487814339145 ], [ 38.865752297251198, 2.634560653003985 ], [ 38.865750525271025, 2.634641486970534 ], [ 38.865751930357497, 2.634725927620949 ], [ 38.865760181685829, 2.634961776090157 ], [ 38.865760185735738, 2.63503422978483 ], [ 38.865757719730631, 2.635099079142992 ], [ 38.865746578596237, 2.635230062751668 ], [ 38.865709772078034, 2.635554532540052 ], [ 38.865694424901932, 2.63574802271218 ], [ 38.865683044811881, 2.63595045110369 ], [ 38.865675508807008, 2.636163922531582 ], [ 38.865671666886875, 2.636392594634147 ], [ 38.865671181015045, 2.636593066188637 ], [ 38.865673017205687, 2.636816413750738 ], [ 38.865686471988589, 2.637560182016006 ], [ 38.865689896248384, 2.637837519878805 ], [ 38.865689937438034, 2.638111823008154 ], [ 38.865685800524986, 2.638359160487185 ], [ 38.865676038533501, 2.638657143562856 ], [ 38.865647601449872, 2.639367446771124 ], [ 38.865637854500065, 2.639725518618184 ], [ 38.865637540601732, 2.639882193984436 ], [ 38.865641911809341, 2.640055750878489 ], [ 38.865650038097009, 2.640235746209602 ], [ 38.865677249988266, 2.640733686860024 ], [ 38.865682870206506, 2.640886054597177 ], [ 38.865685268348813, 2.641022567716274 ], [ 38.865683889429185, 2.641179396070207 ], [ 38.865677611403385, 2.641325429366947 ], [ 38.865666304270782, 2.641463568354135 ], [ 38.865649842029931, 2.641595270905025 ], [ 38.86563506279343, 2.641684031191612 ], [ 38.865594350118755, 2.641894968864529 ], [ 38.865577920853845, 2.641990795537271 ], [ 38.865563261637881, 2.642105792540799 ], [ 38.865553611526764, 2.642226572037532 ], [ 38.865548861519272, 2.642354404917153 ], [ 38.865548914615104, 2.642491835958237 ], [ 38.865552406767783, 2.642611324558183 ], [ 38.865559122995109, 2.642744767941686 ], [ 38.865589265900681, 2.643177423272451 ], [ 38.865598456191996, 2.643331412866474 ], [ 38.865604140407648, 2.643478031104319 ], [ 38.865605524526835, 2.643610356588943 ], [ 38.865602531553513, 2.643736521612629 ], [ 38.865595006483844, 2.643855255286232 ], [ 38.865582842316797, 2.643968204466306 ], [ 38.865565936050842, 2.644076289073122 ], [ 38.865542664658072, 2.644186387509058 ], [ 38.86548110559135, 2.64443758069438 ], [ 38.865468063371281, 2.644499409323515 ], [ 38.865458054208489, 2.64455571243124 ], [ 38.865449004073696, 2.644624480453724 ], [ 38.86544247099539, 2.644701729736458 ], [ 38.86543214495633, 2.644946578438292 ], [ 38.865427137912093, 2.645028589305615 ], [ 38.86541991181673, 2.645101280985514 ], [ 38.865410107664573, 2.645166977275866 ], [ 38.865394579403656, 2.645242073752248 ], [ 38.865354058700511, 2.645405990517453 ], [ 38.865338186430932, 2.645478603210194 ], [ 38.865324023201801, 2.645559993138026 ], [ 38.865312339025472, 2.64564547770792 ], [ 38.865303005899861, 2.645735950841994 ], [ 38.865295839822672, 2.645833183386522 ], [ 38.865288239794133, 2.646013605692725 ], [ 38.865279069908546, 2.646446720012612 ], [ 38.865273742880646, 2.64656170601113 ], [ 38.865266265801488, 2.646665177013136 ], [ 38.865230596358153, 2.647063607369827 ], [ 38.86520153796674, 2.647344384959171 ], [ 38.865169753501625, 2.647597843927587 ], [ 38.865134410948471, 2.647827779945324 ], [ 38.865116199649044, 2.647925339469301 ], [ 38.865094030272587, 2.648026773658881 ], [ 38.865067677815304, 2.64813314042226 ], [ 38.865036627268175, 2.648246520578658 ], [ 38.864973671143872, 2.648454775502322 ], [ 38.864815196292305, 2.648947697723982 ], [ 38.864776265598159, 2.649077909421567 ], [ 38.864743685023299, 2.649195887179169 ], [ 38.864713534500169, 2.649317585611311 ], [ 38.864688916083843, 2.649432691613287 ], [ 38.864669439767788, 2.649543029026555 ], [ 38.864654937549375, 2.649649589765011 ], [ 38.864648140460233, 2.649718749752291 ], [ 38.864643261412077, 2.649791316441755 ], [ 38.864640245404409, 2.649868060766511 ], [ 38.864639030436933, 2.649950512593358 ], [ 38.864640767576745, 2.650102134399847 ], [ 38.864650975026365, 2.650454898699448 ], [ 38.864651215148037, 2.650623804003291 ], [ 38.864648840153315, 2.65070063032046 ], [ 38.864644711120228, 2.650773021024782 ], [ 38.864638769048277, 2.650841983028858 ], [ 38.864630963936648, 2.650908077283608 ], [ 38.864606592576813, 2.651097551815006 ], [ 38.864590908330243, 2.651197771106248 ], [ 38.86457100499473, 2.651292273897797 ], [ 38.864547056569883, 2.651375515671921 ], [ 38.864521483100575, 2.651441883915407 ], [ 38.864462176995865, 2.65157181465199 ], [ 38.864439174570897, 2.651627212848141 ], [ 38.864381045509035, 2.651785012159289 ], [ 38.864341973805772, 2.651906024657787 ], [ 38.864326397531137, 2.651962521753162 ], [ 38.864313512308804, 2.652016441070816 ], [ 38.86430317913662, 2.652068361560702 ], [ 38.864295332013299, 2.652118622193219 ], [ 38.864289362944476, 2.652192870737379 ], [ 38.864288183040138, 2.652365443723421 ], [ 38.864283345995801, 2.652442233045784 ], [ 38.864269240776842, 2.652536291872023 ], [ 38.864246727395276, 2.652640223845155 ], [ 38.864220839941694, 2.652738452316957 ], [ 38.864151490713148, 2.652981585211738 ], [ 38.864103146861446, 2.6531580118957 ], [ 38.864055656019453, 2.653323798504842 ], [ 38.864008331175299, 2.653481341830954 ], [ 38.863960782321712, 2.65363193176236 ], [ 38.863912540450393, 2.653777019173009 ], [ 38.863863521559793, 2.65391682204401 ], [ 38.863813528646219, 2.65405189832691 ], [ 38.863762417707214, 2.654182641987566 ], [ 38.863713989810535, 2.65429651011461 ], [ 38.863597011633047, 2.654554869718487 ], [ 38.863546653703267, 2.654677048123995 ], [ 38.863500387856753, 2.6548004494201 ], [ 38.863462577169201, 2.654907464136127 ], [ 38.863430283587213, 2.655006423549089 ], [ 38.863402812098371, 2.655099539467046 ], [ 38.863385790803044, 2.655168155509243 ], [ 38.863351313219994, 2.655329065533949 ], [ 38.863330890861327, 2.655405172926788 ], [ 38.863307010428862, 2.655475343838579 ], [ 38.863278276899912, 2.655547269601066 ], [ 38.863244416269382, 2.655621642154302 ], [ 38.863204831526055, 2.655699780383892 ], [ 38.863165063775121, 2.655772184112584 ], [ 38.863118457891744, 2.655852142188752 ], [ 38.862935324409882, 2.656151276292118 ], [ 38.862870815182639, 2.656255410277605 ], [ 38.8627269914384, 2.656476289161824 ], [ 38.862665619269734, 2.656573768724171 ], [ 38.862600438033091, 2.65668407817291 ], [ 38.862535564807523, 2.656801250024372 ], [ 38.86247030957977, 2.656926522171539 ], [ 38.862403366325488, 2.657062395397527 ], [ 38.862286619148335, 2.657314430552581 ], [ 38.862027086325668, 2.657899192860993 ], [ 38.861960585085448, 2.658042559434954 ], [ 38.861898290919811, 2.658171269281128 ], [ 38.861837886785501, 2.658290110984488 ], [ 38.861778297662099, 2.658401196362147 ], [ 38.861718732534911, 2.658505994286721 ], [ 38.861658723394939, 2.658605326687188 ], [ 38.861575895813907, 2.658731473770777 ], [ 38.861364844772822, 2.659034984514245 ], [ 38.861309873724601, 2.659120165142398 ], [ 38.861263156837893, 2.659198614350358 ], [ 38.861198457615039, 2.659314554309376 ], [ 38.861147099647681, 2.659411578904568 ], [ 38.861103083823068, 2.659501037152951 ], [ 38.861065374121758, 2.659585149861964 ], [ 38.861009709093899, 2.659719881179906 ], [ 38.860971240391251, 2.659824046144994 ], [ 38.860941987868031, 2.659919271881368 ], [ 38.860921531517263, 2.660007642207849 ], [ 38.860914404405285, 2.660053127255899 ], [ 38.860909293337791, 2.660104199816382 ], [ 38.860900649289938, 2.66028612999547 ], [ 38.860894561217272, 2.66035822072823 ], [ 38.860877791969138, 2.660487365505015 ], [ 38.860858934672237, 2.660606989111675 ], [ 38.860837624321086, 2.660719392348139 ], [ 38.860813649911861, 2.660825659120351 ], [ 38.860789692495914, 2.660921737778828 ], [ 38.860771157169587, 2.660989567891118 ], [ 38.860752310832019, 2.661050137635083 ], [ 38.860732738475342, 2.661104323934888 ], [ 38.860710720066749, 2.661154756563094 ], [ 38.86068245553507, 2.661208979865787 ], [ 38.860650953937764, 2.661262735211517 ], [ 38.860562314251816, 2.661406271786917 ], [ 38.860537461781803, 2.661450413964284 ], [ 38.860516975397168, 2.661490859460137 ], [ 38.860460555348283, 2.661617211508004 ], [ 38.860407474372423, 2.661751724843453 ], [ 38.860357490465034, 2.661894999414692 ], [ 38.860310201618788, 2.662048190121369 ], [ 38.860282753134939, 2.662147773477597 ], [ 38.860257158691219, 2.662251225496047 ], [ 38.860233368286629, 2.66235875415859 ], [ 38.860211310920072, 2.662470681437295 ], [ 38.860201165757907, 2.662531502153465 ], [ 38.860192230624449, 2.662598401339983 ], [ 38.860160737216368, 2.662924271014161 ], [ 38.860150802070862, 2.66300293317822 ], [ 38.860139389889653, 2.663072958094684 ], [ 38.860122376603769, 2.66315476598998 ], [ 38.860100063216166, 2.663243953247143 ], [ 38.860072127721985, 2.663342530691379 ], [ 38.859984876166408, 2.663633421447801 ], [ 38.859960415738158, 2.663726226391857 ], [ 38.859941606417472, 2.663810072111204 ], [ 38.859933275281861, 2.663856403086807 ], [ 38.859925919169761, 2.663908305576897 ], [ 38.85990582289692, 2.664098310062479 ], [ 38.859895580744038, 2.664175154385031 ], [ 38.859880327491311, 2.664253665566072 ], [ 38.859860696143713, 2.664322456595655 ], [ 38.859837819722763, 2.664379900614725 ], [ 38.859770441461663, 2.664518318621109 ], [ 38.859743823970426, 2.664583143000707 ], [ 38.859725253640342, 2.66464636851379 ], [ 38.859691274063721, 2.664801653029624 ], [ 38.859671902721637, 2.66487079702849 ], [ 38.859641351163461, 2.664953273875352 ], [ 38.85960297945168, 2.665041294245418 ], [ 38.859555999571725, 2.665136996953458 ], [ 38.859492100368172, 2.665257332530525 ], [ 38.859452562620199, 2.665327223478509 ], [ 38.859406450744153, 2.665403163904942 ], [ 38.859267346090505, 2.665616900410121 ], [ 38.85920002480303, 2.665715850849933 ], [ 38.859028757519312, 2.66595536913512 ], [ 38.858952691064118, 2.666066360533736 ], [ 38.858904155138703, 2.666141671016704 ], [ 38.858852374153997, 2.666225617750808 ], [ 38.858637984088276, 2.666589815221053 ], [ 38.858539144208201, 2.666749539396632 ], [ 38.858487393219633, 2.666827032692154 ], [ 38.858427467071309, 2.666911711368374 ], [ 38.858210937910897, 2.667201715294281 ], [ 38.858127942319165, 2.667316993325017 ], [ 38.858047805788615, 2.66743760888956 ], [ 38.858013238131683, 2.667494323980454 ], [ 38.857981754535935, 2.667549578196316 ], [ 38.857942371793733, 2.66762323181718 ], [ 38.857903577065478, 2.667699703192592 ], [ 38.857827360642808, 2.667861880139201 ], [ 38.857752201251337, 2.668038001872122 ], [ 38.857676089853577, 2.668232757984792 ], [ 38.857627155963101, 2.668369787099767 ], [ 38.857559218736839, 2.668574347354073 ], [ 38.857526840157234, 2.668678791291914 ], [ 38.857494361584621, 2.668796030116795 ], [ 38.857391092796099, 2.669215300719824 ], [ 38.857346484013256, 2.669381578287839 ], [ 38.857320070542016, 2.669469091694283 ], [ 38.85729308405476, 2.669550104666475 ], [ 38.857265015542239, 2.66962614907165 ], [ 38.85723557299918, 2.669697996842843 ], [ 38.85719458323392, 2.669784925310414 ], [ 38.857090911284686, 2.669984929986495 ], [ 38.857066671832463, 2.670036836488638 ], [ 38.857046780464991, 2.670084532353892 ], [ 38.857017892941229, 2.670168072107738 ], [ 38.856992013485957, 2.670262970871499 ], [ 38.856970716123513, 2.670358686560966 ], [ 38.856920360284875, 2.670610940654914 ], [ 38.85690299498615, 2.670684451273026 ], [ 38.856884957668363, 2.670749732607443 ], [ 38.856838128827413, 2.670896886840751 ], [ 38.856759096395791, 2.671127278856705 ], [ 38.856601409534676, 2.671580232569537 ], [ 38.856539111399492, 2.671752234652646 ], [ 38.856480364325108, 2.671908807075247 ], [ 38.856421247239552, 2.672060063960578 ], [ 38.856363023165677, 2.672202411620295 ], [ 38.856304971090481, 2.672337612901448 ], [ 38.856246658005638, 2.672466669717275 ], [ 38.856098032230605, 2.67278117346667 ], [ 38.856036091069846, 2.67290609564486 ], [ 38.85597712196143, 2.673020242757999 ], [ 38.855918135849066, 2.673129204322214 ], [ 38.855859864746364, 2.673231418472882 ], [ 38.855801683641552, 2.673327981115037 ], [ 38.85574320952739, 2.673419524194034 ], [ 38.855664142016821, 2.673537584981075 ], [ 38.855594603685041, 2.673636739405799 ], [ 38.855528569416592, 2.673725566726417 ], [ 38.855464515182284, 2.673806059770479 ], [ 38.855419716316078, 2.673858115274445 ], [ 38.85536782130972, 2.673914282425693 ], [ 38.855183508726732, 2.674101029312889 ], [ 38.855113899375603, 2.674174616961485 ], [ 38.855023698629743, 2.674276972122572 ], [ 38.854928310788083, 2.674391736208096 ], [ 38.854818298668597, 2.674530583209166 ], [ 38.854586455208313, 2.674832422119839 ], [ 38.854483835232074, 2.674963246813588 ], [ 38.854372440082571, 2.675099009084067 ], [ 38.854268825077675, 2.675217364863097 ], [ 38.854090812629579, 2.675415652742454 ], [ 38.85403416052867, 2.675473585743673 ], [ 38.853981140495009, 2.675522997483567 ], [ 38.853926310421556, 2.675567851620939 ], [ 38.853862408165973, 2.675613441700854 ], [ 38.853793182802377, 2.675657931880188 ], [ 38.853596213917953, 2.675778219557031 ], [ 38.853537465761967, 2.675817749160467 ], [ 38.853486681765283, 2.675855597904343 ], [ 38.853367709436, 2.675952661546239 ], [ 38.853260058333049, 2.676047111407461 ], [ 38.853162108424804, 2.67614037236525 ], [ 38.853073134696992, 2.676233144359297 ], [ 38.853043760128642, 2.676266806452238 ], [ 38.853012412524215, 2.676305698091817 ], [ 38.852883580047617, 2.676476197353736 ], [ 38.852851769433464, 2.67651444304978 ], [ 38.85282141084506, 2.676547766172972 ], [ 38.85276687778331, 2.676600679609495 ], [ 38.852702459523961, 2.676655818859238 ], [ 38.852637640253441, 2.676706598488525 ], [ 38.852473888040237, 2.676829693898029 ], [ 38.852389883395674, 2.676898344986504 ], [ 38.852286011369358, 2.676993456787609 ], [ 38.852057007910588, 2.677215566631796 ], [ 38.852001212822202, 2.677266766218187 ], [ 38.851949365809077, 2.677311848333874 ], [ 38.851850736876472, 2.677389931612367 ], [ 38.851623201409019, 2.677557228222787 ], [ 38.851572051406606, 2.67759749375687 ], [ 38.851526828521983, 2.677635459486867 ], [ 38.851412780296855, 2.677739551514286 ], [ 38.85130003310389, 2.677852134802299 ], [ 38.851188319937869, 2.677973473328164 ], [ 38.851077259791474, 2.67810397905636 ], [ 38.85096676466285, 2.678243705982171 ], [ 38.850855758531253, 2.678393962992548 ], [ 38.850743361379877, 2.678555930985426 ], [ 38.850627813174881, 2.678732142741807 ], [ 38.850580035266631, 2.678809898013096 ], [ 38.850477137317078, 2.678986939688417 ], [ 38.850430030422451, 2.679064742955092 ], [ 38.85036893425508, 2.679155875072484 ], [ 38.850295397842011, 2.679253892599977 ], [ 38.850219391376221, 2.679347719493517 ], [ 38.850021587555617, 2.679583490128369 ], [ 38.849966732498523, 2.679652368176865 ], [ 38.849919321587301, 2.679715357732183 ], [ 38.849869272629135, 2.679787179521262 ], [ 38.849825797801522, 2.679856239545931 ], [ 38.849788089088904, 2.67992382769451 ], [ 38.849755769484503, 2.679990629907665 ], [ 38.849736841134607, 2.680035730998661 ], [ 38.84971788278807, 2.680086386606629 ], [ 38.849646944509395, 2.680301817921021 ], [ 38.849611926869137, 2.680395143829379 ], [ 38.849574067164333, 2.680478144637741 ], [ 38.849479860397103, 2.680665285429015 ], [ 38.849458649002329, 2.680711874392304 ], [ 38.849441113678949, 2.680754711679231 ], [ 38.849417488251696, 2.680824433632374 ], [ 38.84939694889259, 2.680902710839314 ], [ 38.849377823572993, 2.680996713677707 ], [ 38.849343984032963, 2.681199379076376 ], [ 38.849327283757518, 2.681286704493786 ], [ 38.849305090373669, 2.681377188640288 ], [ 38.849279291908907, 2.681455869815903 ], [ 38.849252367411516, 2.681520347227555 ], [ 38.849220039805729, 2.681585511583256 ], [ 38.84918202108615, 2.681651947832389 ], [ 38.849137714241607, 2.681720703884244 ], [ 38.84909111134867, 2.68178656818924 ], [ 38.849036667301824, 2.681858188999106 ], [ 38.848817166067867, 2.682127907697938 ], [ 38.84872790235071, 2.682244251643052 ], [ 38.848682607483298, 2.682308893053514 ], [ 38.84864298072808, 2.682370629712526 ], [ 38.848608250070363, 2.68243066751595 ], [ 38.848578060503336, 2.682489627409823 ], [ 38.848550626994701, 2.682552605952245 ], [ 38.848486227812735, 2.682717791632471 ], [ 38.848464905415462, 2.682764118618648 ], [ 38.848443208006344, 2.682804249144077 ], [ 38.848410455381369, 2.682854097832104 ], [ 38.848369293588675, 2.6829065443002 ], [ 38.848325956749861, 2.682955568067475 ], [ 38.848212621551298, 2.683077069581394 ], [ 38.848181810955495, 2.68311275349988 ], [ 38.848155523448952, 2.683145838641224 ], [ 38.84811791972723, 2.683197188202219 ], [ 38.848077627956236, 2.683255491160466 ], [ 38.847946128447376, 2.683456552768349 ], [ 38.847894808466521, 2.683532374210882 ], [ 38.847827600177858, 2.683626031113678 ], [ 38.847754914780658, 2.683722168804561 ], [ 38.847675996260236, 2.683821794196677 ], [ 38.847589295586893, 2.683926864120755 ], [ 38.847425126412432, 2.684117339672473 ], [ 38.847029936761643, 2.684562775215753 ], [ 38.846928736805111, 2.684680721030499 ], [ 38.846839269077954, 2.684788628709963 ], [ 38.846750692371387, 2.684900178072072 ], [ 38.846670073821905, 2.685007161825583 ], [ 38.846596162405568, 2.685111245826559 ], [ 38.846528306109818, 2.685213354995014 ], [ 38.846467827958747, 2.685309667662303 ], [ 38.846406503794292, 2.685411300867607 ], [ 38.846343766605813, 2.685519189529843 ], [ 38.846278578373457, 2.685635118494683 ], [ 38.846147656905259, 2.685877452513866 ], [ 38.845925966735166, 2.686301047834783 ], [ 38.845830996953914, 2.686489946475407 ], [ 38.845731804104723, 2.686703323990388 ], [ 38.845638849380251, 2.686915177633582 ], [ 38.84540659008173, 2.687459348477579 ], [ 38.845337252793932, 2.687615250969587 ], [ 38.845272732591333, 2.687754267926666 ], [ 38.84519748918278, 2.687907715636449 ], [ 38.845123271786527, 2.688049222383888 ], [ 38.845048698376644, 2.68818141994114 ], [ 38.844973010938624, 2.688305639192943 ], [ 38.844924393010636, 2.688379347817939 ], [ 38.84480055264136, 2.688559045279642 ], [ 38.84473926747463, 2.688656217873276 ], [ 38.844678512326468, 2.68876473448007 ], [ 38.844620501237664, 2.688878814601172 ], [ 38.844565177206839, 2.68899856622715 ], [ 38.844512466232793, 2.689124152343989 ], [ 38.844462334314898, 2.689255633946332 ], [ 38.844414604449774, 2.68939345099617 ], [ 38.844369139635134, 2.689537999459029 ], [ 38.844325720866827, 2.689689975274701 ], [ 38.844309315581825, 2.689754960635453 ], [ 38.844294630333806, 2.689823170714585 ], [ 38.844281540120534, 2.689895177462589 ], [ 38.844269852938965, 2.689972030788039 ], [ 38.844250514665987, 2.690138327341408 ], [ 38.844220614305897, 2.690483752326237 ], [ 38.844205129097396, 2.690631326505023 ], [ 38.844194540940187, 2.690711181568734 ], [ 38.844182782755198, 2.690785305131717 ], [ 38.844169618539041, 2.69085516606636 ], [ 38.84415490828912, 2.690921495309175 ], [ 38.84411491459128, 2.691075311962598 ], [ 38.844064922702479, 2.691244243308873 ], [ 38.844006908659573, 2.691423848732633 ], [ 38.843903184784857, 2.691730523139853 ], [ 38.843796397862143, 2.692056668856396 ], [ 38.843745754944543, 2.692203189151972 ], [ 38.843689856920378, 2.692348693539647 ], [ 38.843661900403127, 2.692414443842372 ], [ 38.843633479874164, 2.692476626455711 ], [ 38.843584597958589, 2.692575385903063 ], [ 38.843529061912577, 2.692679490890347 ], [ 38.843465782715931, 2.69279103223644 ], [ 38.8433907462924, 2.69291709732817 ], [ 38.843333099195647, 2.693009381344851 ], [ 38.84327074000543, 2.693103821177438 ], [ 38.8432031867126, 2.69320115076243 ], [ 38.843129549300031, 2.69330265698867 ], [ 38.843052276815136, 2.693405242123608 ], [ 38.842965641147686, 2.693516754489006 ], [ 38.842725475518542, 2.693816017638397 ], [ 38.842623874555564, 2.693936096269741 ], [ 38.842366948581279, 2.694224729355518 ], [ 38.842298805265621, 2.694306563288403 ], [ 38.84224000713408, 2.694382336741738 ], [ 38.842181325010365, 2.694465907516963 ], [ 38.842052724556972, 2.694662184542137 ], [ 38.841988283320696, 2.694750893874765 ], [ 38.841914060889678, 2.694842709944125 ], [ 38.84183823942341, 2.694930401373282 ], [ 38.841761032926229, 2.695013723183447 ], [ 38.841682617401474, 2.695092483390997 ], [ 38.841613859061177, 2.695156845843612 ], [ 38.841540219622829, 2.695221554269646 ], [ 38.841461419080801, 2.695286855647758 ], [ 38.841376952425392, 2.695353170941827 ], [ 38.841301127936681, 2.695409025139182 ], [ 38.841220242345734, 2.69546435938548 ], [ 38.841133690640511, 2.69551958864493 ], [ 38.841040374799377, 2.695575417856895 ], [ 38.840943117878155, 2.695630372147844 ], [ 38.84083501574073, 2.695688544166728 ], [ 38.840540867918889, 2.695838587329782 ], [ 38.840308810323123, 2.695952979548504 ], [ 38.840120605591544, 2.696039698142346 ], [ 38.840032423841286, 2.696077546914089 ], [ 38.839947694158035, 2.696111884988691 ], [ 38.839865614525898, 2.696143037338495 ], [ 38.839785694935188, 2.69617118894751 ], [ 38.839643354101142, 2.696219897813591 ], [ 38.839563144502591, 2.696245126676964 ], [ 38.839486744977222, 2.696265316975835 ], [ 38.839417098583439, 2.696279058830489 ], [ 38.839384040920223, 2.696283207493249 ], [ 38.839346743170331, 2.696285718301469 ], [ 38.839187927972382, 2.696289085121481 ], [ 38.839152339257382, 2.696292194876461 ], [ 38.839120423617679, 2.696297037478044 ], [ 38.839074923708104, 2.696307347613904 ], [ 38.839028110774542, 2.696321338430713 ], [ 38.838979507807707, 2.696339146916912 ], [ 38.83892819278902, 2.696361111043623 ], [ 38.838834915941945, 2.696407432082466 ], [ 38.838607984455734, 2.696530757521024 ], [ 38.838411905574802, 2.696630873955652 ], [ 38.838283038027086, 2.696700790968241 ], [ 38.838168675770575, 2.696769064113414 ], [ 38.838068575800726, 2.696836390330894 ], [ 38.83799452534771, 2.696892140536284 ], [ 38.837915820806899, 2.696956462999668 ], [ 38.837830773145214, 2.697030540619412 ], [ 38.837717959943923, 2.697133033788261 ], [ 38.83765279867449, 2.69719510043826 ], [ 38.837587236400388, 2.69726217165331 ], [ 38.837520648109667, 2.697334881378883 ], [ 38.837451890780066, 2.697414472507742 ], [ 38.837389315572565, 2.697490435947592 ], [ 38.837321321262579, 2.697576092548539 ], [ 38.837078024583235, 2.697893770101365 ], [ 38.836976616630231, 2.69802254397727 ], [ 38.836867569524543, 2.698152983713933 ], [ 38.83676500353689, 2.698265672989252 ], [ 38.836685426989924, 2.69834608605444 ], [ 38.836486939125578, 2.698538859435204 ], [ 38.836433889094721, 2.698593095757504 ], [ 38.836387417193471, 2.698643219432625 ], [ 38.836314660785597, 2.698726058282133 ], [ 38.836242421390374, 2.698812147848662 ], [ 38.836170757009036, 2.698901421137993 ], [ 38.836099732642765, 2.698993798156936 ], [ 38.836040938514579, 2.699074258203453 ], [ 38.835981962386221, 2.699159683818269 ], [ 38.835922302248107, 2.699250797939042 ], [ 38.835861075083329, 2.699348948449233 ], [ 38.835801217947434, 2.699448995793532 ], [ 38.835736562723213, 2.699560857114132 ], [ 38.835551333224103, 2.699892718393356 ], [ 38.835338337196575, 2.700268914838084 ], [ 38.835282308140044, 2.700371883925755 ], [ 38.835234044232806, 2.700464861876521 ], [ 38.835185720328802, 2.700564035288687 ], [ 38.835143509544437, 2.700658075142938 ], [ 38.835106670865805, 2.700748635295884 ], [ 38.835074856286631, 2.700836584672207 ], [ 38.835035636585737, 2.700963704648288 ], [ 38.834998807944274, 2.701106612250181 ], [ 38.834964307359144, 2.701262990679263 ], [ 38.834913033506673, 2.701519763392181 ], [ 38.834890948149656, 2.701644720544303 ], [ 38.834845136440791, 2.701948911130951 ], [ 38.834830114195739, 2.702030784023773 ], [ 38.834814141925492, 2.702104060664622 ], [ 38.834794206576852, 2.702179362132254 ], [ 38.834768274112704, 2.702262466925782 ], [ 38.834676479444518, 2.702520261578943 ], [ 38.834647579922574, 2.702606041142038 ], [ 38.834624964520067, 2.702681611588267 ], [ 38.834607369214552, 2.702751283543686 ], [ 38.834589795918305, 2.702833356421042 ], [ 38.834573499650155, 2.702918874997867 ], [ 38.834544438193468, 2.70310186211015 ], [ 38.834533569047217, 2.703205143138977 ], [ 38.834528286022525, 2.703321145057914 ], [ 38.83452775508988, 2.703431794438816 ], [ 38.834531357344545, 2.7036901409765 ], [ 38.834529333391664, 2.703814804140215 ], [ 38.834521880320409, 2.703926763412255 ], [ 38.834515950237247, 2.703978367930199 ], [ 38.834508478121485, 2.704027748642566 ], [ 38.834486116756658, 2.704149422080753 ], [ 38.834462698361342, 2.704258062652629 ], [ 38.834437313920198, 2.704357861994607 ], [ 38.834409586426482, 2.704450240983364 ], [ 38.83438756002726, 2.704513523497571 ], [ 38.834362120560492, 2.704578580859886 ], [ 38.834333073022599, 2.704645921026423 ], [ 38.834300025406279, 2.70471645191834 ], [ 38.834264401738579, 2.704787542763467 ], [ 38.834223372966484, 2.704865179043435 ], [ 38.834103921710344, 2.705079485497872 ], [ 38.83401316899451, 2.705239733631411 ], [ 38.833946478730944, 2.705353770765234 ], [ 38.833883974543127, 2.705455589958302 ], [ 38.833824538409587, 2.705546726077836 ], [ 38.833764097252498, 2.705633069614694 ], [ 38.833704040098056, 2.705712265772668 ], [ 38.833643646932437, 2.705785257470287 ], [ 38.833582492747489, 2.705852556663387 ], [ 38.833547317063221, 2.705887420657569 ], [ 38.833506088258503, 2.705924552458931 ], [ 38.833323937694828, 2.70607642538602 ], [ 38.833284081917853, 2.706113623180772 ], [ 38.833249857253236, 2.706149200112284 ], [ 38.833202046329987, 2.706206361177211 ], [ 38.833153093390933, 2.706273611365828 ], [ 38.833108285535978, 2.706341676480722 ], [ 38.832998598448739, 2.706516406369181 ], [ 38.832965930824656, 2.706565025165947 ], [ 38.832935202235504, 2.706607649482398 ], [ 38.832861813822873, 2.706701749354467 ], [ 38.832781714276116, 2.706797317103584 ], [ 38.832694061578863, 2.706895366642472 ], [ 38.832597107697254, 2.706997855802077 ], [ 38.832511005023598, 2.707085004287437 ], [ 38.832413354123204, 2.707180745034197 ], [ 38.831977582634998, 2.707597360128136 ], [ 38.831870317548834, 2.707704408898781 ], [ 38.831775472707214, 2.707803213377295 ], [ 38.831646648209606, 2.707943057312506 ], [ 38.831505541477213, 2.708100741705604 ], [ 38.831033320343217, 2.708642988905075 ], [ 38.830850799810285, 2.708849027124551 ], [ 38.830663340176351, 2.709053063521651 ], [ 38.830489880807278, 2.709232496047615 ], [ 38.830415519359967, 2.709305237777332 ], [ 38.830213719428301, 2.709496849264845 ], [ 38.830154763281719, 2.709555744187286 ], [ 38.830103304282993, 2.709610042504018 ], [ 38.830001641311966, 2.709720238997396 ], [ 38.829944534206845, 2.709785088400979 ], [ 38.829893851229656, 2.709847784987121 ], [ 38.829851580419401, 2.709906685897166 ], [ 38.829795950360683, 2.709995031257169 ], [ 38.829747152439651, 2.710083446606318 ], [ 38.829705669665543, 2.71017105402042 ], [ 38.829671777043345, 2.710257264550606 ], [ 38.829648463627457, 2.710333608930866 ], [ 38.829628778291891, 2.710420204417406 ], [ 38.829612428029918, 2.710515814118035 ], [ 38.829590866704962, 2.710670767663859 ], [ 38.829577640518458, 2.710784064824731 ], [ 38.829567877410277, 2.710909415935361 ], [ 38.829561214373456, 2.711047316952944 ], [ 38.829554906393192, 2.711255065898615 ], [ 38.829553751467053, 2.71139246395609 ], [ 38.829557880656949, 2.71154338883386 ], [ 38.829567248965709, 2.711712954087627 ], [ 38.829592811730592, 2.712066088373022 ], [ 38.829602174026888, 2.71221827213785 ], [ 38.829608276263322, 2.712378733185421 ], [ 38.829608848376608, 2.712522541684527 ], [ 38.829604688551022, 2.712887647950944 ], [ 38.829601665565342, 2.71299412569766 ], [ 38.829597159541976, 2.713089368422087 ], [ 38.829590139469829, 2.713187455900925 ], [ 38.829580855347579, 2.713279088942523 ], [ 38.829569148172993, 2.713365811412656 ], [ 38.829554907944427, 2.713448429241414 ], [ 38.829534065597763, 2.713552216234783 ], [ 38.829514945272095, 2.713636558917172 ], [ 38.829495096925655, 2.71371223135364 ], [ 38.829473996549119, 2.713781029388605 ], [ 38.829453322173244, 2.713838851377322 ], [ 38.829429186728852, 2.713898193236442 ], [ 38.829401401212266, 2.713959525925116 ], [ 38.829369581616419, 2.714023699369721 ], [ 38.829335318971367, 2.714087950809307 ], [ 38.829295674221967, 2.714158168734174 ], [ 38.829177321976985, 2.714356338593389 ], [ 38.829129340064519, 2.714433528918145 ], [ 38.829077184069355, 2.714512595082912 ], [ 38.829020411982938, 2.714594213029126 ], [ 38.82895817578904, 2.714679601651462 ], [ 38.828821327156668, 2.714857254307434 ], [ 38.828601951928022, 2.715129409808278 ], [ 38.828440031805115, 2.715327857674806 ], [ 38.828379541636153, 2.715398762554973 ], [ 38.828323257546522, 2.715462010097709 ], [ 38.828238705906649, 2.715552692276089 ], [ 38.828153378248821, 2.715640059743057 ], [ 38.828067596579217, 2.715723783527126 ], [ 38.827981631903157, 2.715803599651023 ], [ 38.827918788675206, 2.71585821694863 ], [ 38.827852782382443, 2.715911211389519 ], [ 38.827783477022031, 2.715962692964413 ], [ 38.827710688590514, 2.716012800661106 ], [ 38.8276342960854, 2.71606162147222 ], [ 38.82755391149913, 2.71610941337572 ], [ 38.827469169824461, 2.716156393352847 ], [ 38.827379516050478, 2.71620286837743 ], [ 38.827218621861952, 2.716279585824262 ], [ 38.827035627230124, 2.716359130041277 ], [ 38.826853772617127, 2.71643296975338 ], [ 38.826386759334603, 2.7166165311325 ], [ 38.826253635690286, 2.71667141045773 ], [ 38.826135105337706, 2.716722732081728 ], [ 38.82600533776462, 2.716782563974066 ], [ 38.825886031402035, 2.716841943898264 ], [ 38.825775005206772, 2.716901958761319 ], [ 38.825671162157214, 2.716963207512009 ], [ 38.825406156933447, 2.717129030288723 ], [ 38.825185943596509, 2.717272352989091 ], [ 38.824988177706359, 2.717407731363808 ], [ 38.824808107169652, 2.717538517125136 ], [ 38.824626068597041, 2.717674719417121 ], [ 38.824569552490289, 2.717720342492201 ], [ 38.824520422530462, 2.717763246798259 ], [ 38.824465560461412, 2.717815085331918 ], [ 38.824411241405464, 2.717869891607226 ], [ 38.824357567364501, 2.717927565632793 ], [ 38.824304658340871, 2.717987976419995 ], [ 38.824263168540369, 2.718038508057674 ], [ 38.824219760705404, 2.718094805195556 ], [ 38.82411586571402, 2.718239674678421 ], [ 38.824031776107866, 2.718364911853563 ], [ 38.823949811549163, 2.718496540471598 ], [ 38.823869965037602, 2.718634568531928 ], [ 38.823792220573054, 2.718779026032051 ], [ 38.823721990258072, 2.718920952746755 ], [ 38.823652191960747, 2.719075575357614 ], [ 38.823581332653504, 2.719246096587511 ], [ 38.823504535246002, 2.719444227422091 ], [ 38.823420575702862, 2.719654587198932 ], [ 38.823388031109793, 2.719743198520622 ], [ 38.823372695834585, 2.719791036373872 ], [ 38.823360165613991, 2.719836058469789 ], [ 38.823350204443713, 2.719879118734395 ], [ 38.823342713322191, 2.71992065412973 ], [ 38.823337254245573, 2.719967805035565 ], [ 38.823334558228794, 2.720020700440179 ], [ 38.823336411401918, 2.720212197795147 ], [ 38.823333723402307, 2.720289211103553 ], [ 38.823321043242828, 2.720424689337783 ], [ 38.823303259980577, 2.720560245568831 ], [ 38.823280473616961, 2.720695124862356 ], [ 38.823252812154081, 2.720828563284686 ], [ 38.823236887879531, 2.720893995609189 ], [ 38.823218236551718, 2.720961867723628 ], [ 38.823196673167438, 2.721032859569007 ], [ 38.823171800719614, 2.72110829103083 ], [ 38.82311979777424, 2.721253119480799 ], [ 38.823001088603256, 2.721565677400844 ], [ 38.822958800829241, 2.721676018841166 ], [ 38.82290909091391, 2.721798124264394 ], [ 38.822743414848468, 2.72218405384148 ], [ 38.822687551817083, 2.722317468286379 ], [ 38.822638411914433, 2.722441164571088 ], [ 38.822596532150733, 2.722554489751914 ], [ 38.822501141424496, 2.722831262765849 ], [ 38.822424731054006, 2.723070264049088 ], [ 38.82239138846171, 2.723182622307934 ], [ 38.822361084927898, 2.723290973912857 ], [ 38.822333613448734, 2.723396057799757 ], [ 38.822308847022164, 2.723498354926961 ], [ 38.822267824328961, 2.723686617594566 ], [ 38.822231602734156, 2.723877114064731 ], [ 38.822200293239511, 2.724069258388164 ], [ 38.822173995846697, 2.72426243661819 ], [ 38.82216135267943, 2.724385825903699 ], [ 38.822152183591882, 2.724522713013626 ], [ 38.822146333575525, 2.724665618598195 ], [ 38.822134957629352, 2.725064252962001 ], [ 38.822128579587748, 2.725186645329782 ], [ 38.822120055493762, 2.725296194815262 ], [ 38.822088090104387, 2.725654925662021 ], [ 38.822066103801923, 2.725852986464968 ], [ 38.822052645599001, 2.725949110120916 ], [ 38.82203782436401, 2.726038783338347 ], [ 38.822021389092924, 2.726123516986262 ], [ 38.822003183783252, 2.726204102995923 ], [ 38.82198062039032, 2.726291150447186 ], [ 38.821954617929883, 2.726380765677809 ], [ 38.821925027399374, 2.726473464642925 ], [ 38.821891578793839, 2.726570098268937 ], [ 38.821854592119259, 2.726669934619169 ], [ 38.821812734351575, 2.726776748366494 ], [ 38.821706509391205, 2.727031109337588 ], [ 38.821657055471775, 2.727139952914011 ], [ 38.821543056341206, 2.727375212550742 ], [ 38.821499736536616, 2.727471580207059 ], [ 38.821465983916539, 2.727556384861411 ], [ 38.821432261305247, 2.727652547528656 ], [ 38.821402552772639, 2.727745753450094 ], [ 38.821333921549723, 2.727971356893595 ], [ 38.821296111868925, 2.728085590993344 ], [ 38.82125493611607, 2.728194051597321 ], [ 38.82121205131962, 2.728289597324885 ], [ 38.821164732431441, 2.728381843342397 ], [ 38.821110305404105, 2.728479838865411 ], [ 38.821047488213395, 2.728585992685453 ], [ 38.820969317727453, 2.728712089783381 ], [ 38.820901405430256, 2.728812881073141 ], [ 38.82073606925951, 2.72904043041736 ], [ 38.820697008513633, 2.729098633387571 ], [ 38.820663652879574, 2.729152560725073 ], [ 38.82060807283171, 2.729254366917834 ], [ 38.820508727973241, 2.729456682407597 ], [ 38.820465869167997, 2.729539096276568 ], [ 38.820418368269465, 2.729621939111552 ], [ 38.82036534326096, 2.729706609791652 ], [ 38.820306250131999, 2.729793991240513 ], [ 38.820239936860681, 2.729885786311126 ], [ 38.820179944707569, 2.729964779489624 ], [ 38.820111428388429, 2.730051772979066 ], [ 38.819796845323765, 2.730440054463394 ], [ 38.819717100790236, 2.730543883497935 ], [ 38.819647912463459, 2.730639139269922 ], [ 38.819580356172892, 2.730739102631692 ], [ 38.819520903042999, 2.730835377308158 ], [ 38.819468611055981, 2.730929497166829 ], [ 38.819423012202876, 2.731022314133813 ], [ 38.819355112941167, 2.731172551127124 ], [ 38.819302423966228, 2.731294800541708 ], [ 38.81925732813685, 2.731406751845607 ], [ 38.819218825435037, 2.731511069808187 ], [ 38.819185332832156, 2.731612401026656 ], [ 38.81915740833842, 2.731709498609124 ], [ 38.819134787949238, 2.731803275476346 ], [ 38.81911734766247, 2.731894265581966 ], [ 38.819106294494468, 2.731971259899209 ], [ 38.819097301374271, 2.732056934460686 ], [ 38.81909016029708, 2.732150731315077 ], [ 38.819081387225751, 2.732298779456285 ], [ 38.819074418202824, 2.732463873114992 ], [ 38.819072123284357, 2.732643183534988 ], [ 38.819074332469953, 2.732841302317432 ], [ 38.819081387789282, 2.733089828716068 ], [ 38.819087472015646, 2.73323544805787 ], [ 38.819096100296576, 2.733385621002018 ], [ 38.819107313633332, 2.733541081485034 ], [ 38.819121193028458, 2.733702967407631 ], [ 38.81913768648073, 2.733871035791301 ], [ 38.819157161000369, 2.73404934628282 ], [ 38.819207250300067, 2.734456186894068 ], [ 38.819230619886255, 2.734617707841863 ], [ 38.819261144629486, 2.734797236219669 ], [ 38.819293132395764, 2.73496769138501 ], [ 38.819371722266062, 2.735368977458701 ], [ 38.819407911137233, 2.73556772816235 ], [ 38.819437319862061, 2.735752827057209 ], [ 38.819458976418865, 2.735921425391456 ], [ 38.819484475113569, 2.736174854351737 ], [ 38.81950497771016, 2.736431825007882 ], [ 38.819520458207876, 2.736692044385524 ], [ 38.81953089860604, 2.736955182513233 ], [ 38.819534188797945, 2.737131193216863 ], [ 38.81953403093474, 2.737327371170623 ], [ 38.819521909149685, 2.737970962256604 ], [ 38.819520988347158, 2.738273591961515 ], [ 38.819518142348613, 2.738355956806701 ], [ 38.819512919295782, 2.738429411427976 ], [ 38.819504381178639, 2.738506527733517 ], [ 38.819492747001178, 2.738586421799812 ], [ 38.819477931762002, 2.738669674576582 ], [ 38.819459756458215, 2.738757305975419 ], [ 38.819438814100245, 2.738847126185992 ], [ 38.819413835666687, 2.738945113689883 ], [ 38.819342106404619, 2.739202482378849 ], [ 38.81930263069755, 2.739326605622261 ], [ 38.819202323876759, 2.739608276220459 ], [ 38.819180183480228, 2.739678018176607 ], [ 38.819162304165438, 2.739741833644588 ], [ 38.819140182782924, 2.73983055895135 ], [ 38.819120934455306, 2.739915064622607 ], [ 38.819104366179232, 2.739996197585066 ], [ 38.819090382953256, 2.740074433797302 ], [ 38.819072931692482, 2.740201720750073 ], [ 38.819060483542479, 2.740343081476416 ], [ 38.819052549493186, 2.740497998021744 ], [ 38.819045432522394, 2.740739635031531 ], [ 38.819044366568299, 2.740833940838263 ], [ 38.819046288682237, 2.740939207690489 ], [ 38.819061396225372, 2.741273120666751 ], [ 38.8190651223819, 2.741387001769264 ], [ 38.819065867470918, 2.74149057776927 ], [ 38.819063413488642, 2.741584619600092 ], [ 38.819051271406003, 2.741811358908244 ], [ 38.819036521236612, 2.741990441359039 ], [ 38.819027315109864, 2.742072677220481 ], [ 38.819016801953502, 2.742150380476764 ], [ 38.819004883766084, 2.742224269065465 ], [ 38.818991492546587, 2.742294765949912 ], [ 38.818975771278211, 2.742362713057643 ], [ 38.818956473937909, 2.742430810154855 ], [ 38.81893356252494, 2.742499192230035 ], [ 38.818906978038299, 2.742568034267859 ], [ 38.818876681477207, 2.742637453258201 ], [ 38.818842533839195, 2.742707786171914 ], [ 38.818804388121464, 2.742779331983236 ], [ 38.818762014319617, 2.742852527654142 ], [ 38.818722107561257, 2.742916962084659 ], [ 38.818678543730755, 2.74298353033225 ], [ 38.81857831181236, 2.743126266003153 ], [ 38.818472690783942, 2.743267027849313 ], [ 38.818185109253065, 2.743638925744985 ], [ 38.818102528668661, 2.743751191050545 ], [ 38.818031376307559, 2.743853390222508 ], [ 38.817955513862429, 2.74397101605751 ], [ 38.817890173625656, 2.744083307348504 ], [ 38.817834126573885, 2.744192385911846 ], [ 38.81778681269676, 2.744299357652035 ], [ 38.817762699256107, 2.744362902148438 ], [ 38.817701927154978, 2.744536032150318 ], [ 38.817681445778653, 2.744587121726274 ], [ 38.817660950397595, 2.744631957845664 ], [ 38.817636272933484, 2.74467854781558 ], [ 38.817606044360126, 2.744728856466552 ], [ 38.817489276130601, 2.744902509463512 ], [ 38.817445187292705, 2.744973547323366 ], [ 38.817392729302512, 2.745067646185819 ], [ 38.817338486283198, 2.745171140233191 ], [ 38.817281009207292, 2.745286662238009 ], [ 38.817211443909024, 2.745431996661324 ], [ 38.817159131939597, 2.745550822375428 ], [ 38.817106975985055, 2.745686159654837 ], [ 38.817061030153248, 2.745817968236245 ], [ 38.816954569236806, 2.746138722445838 ], [ 38.816895407160807, 2.746301608336953 ], [ 38.81686293656383, 2.74638204737184 ], [ 38.816830196957184, 2.746456458930634 ], [ 38.816796636330494, 2.746526092905068 ], [ 38.816761936677899, 2.746591603238611 ], [ 38.81671326775465, 2.746672276264937 ], [ 38.816653256607097, 2.746759212755292 ], [ 38.816592110432666, 2.746840284755946 ], [ 38.816441903541822, 2.74703165923805 ], [ 38.816369807159106, 2.747130301720178 ], [ 38.816336652526367, 2.74717999342691 ], [ 38.816307322969259, 2.747227674305679 ], [ 38.816281345478842, 2.747274111290081 ], [ 38.816258488050721, 2.747319728343483 ], [ 38.816232232565319, 2.747380907047232 ], [ 38.816207560117334, 2.747449843076 ], [ 38.816182088664107, 2.747533903791343 ], [ 38.816132823802157, 2.747717113909875 ], [ 38.816109707392933, 2.747796309046212 ], [ 38.816081622885406, 2.747878138957287 ], [ 38.816051715333273, 2.747948971825076 ], [ 38.81602429982059, 2.748004722001422 ], [ 38.815994434258521, 2.748060606168005 ], [ 38.815962085646589, 2.748116686319201 ], [ 38.815927208983958, 2.748173039448628 ], [ 38.815889772269905, 2.748229722551183 ], [ 38.81584968450273, 2.748286876614784 ], [ 38.815806857680791, 2.74834462462873 ], [ 38.815761165801675, 2.748403139578102 ], [ 38.81566304290768, 2.74852041946013 ], [ 38.815551231742326, 2.748643953808698 ], [ 38.815423325258969, 2.748776592377948 ], [ 38.815260582093764, 2.748937784491848 ], [ 38.815196339841869, 2.748997951311242 ], [ 38.815122920407596, 2.749061843813562 ], [ 38.815043318849924, 2.749127400175953 ], [ 38.814815021378998, 2.749310473436395 ], [ 38.814745754024663, 2.749369023399889 ], [ 38.814685211843013, 2.749423200737032 ], [ 38.814620496582684, 2.749484961418305 ], [ 38.814550148215417, 2.74955587630843 ], [ 38.814262414632424, 2.749859097174219 ], [ 38.814197520370378, 2.749923514624901 ], [ 38.814136812187485, 2.74998053171548 ], [ 38.814038684270805, 2.750066314334127 ], [ 38.813926281070529, 2.750157855462883 ], [ 38.813813435858307, 2.750245210955525 ], [ 38.813521112123787, 2.75046618796985 ], [ 38.81343760148723, 2.750531623345649 ], [ 38.81336365903978, 2.750591797171628 ], [ 38.81325328588207, 2.750685629100004 ], [ 38.813139924668768, 2.750786054457683 ], [ 38.81302237137654, 2.750894134153465 ], [ 38.812898274959359, 2.751012027001513 ], [ 38.81267469460996, 2.751231990054532 ], [ 38.812165953721617, 2.751744376910427 ], [ 38.812038655245075, 2.751869521130999 ], [ 38.811922058974879, 2.751981428493823 ], [ 38.81181185982711, 2.75208423664246 ], [ 38.81170606876293, 2.752179799417363 ], [ 38.811603283755119, 2.752269380709679 ], [ 38.811502697787866, 2.752353681459243 ], [ 38.81128249147671, 2.75253225710558 ], [ 38.811079641502019, 2.752692098366926 ], [ 38.810887278729169, 2.752838611778576 ], [ 38.810702574102677, 2.752973936156682 ], [ 38.810615474389209, 2.753033098080372 ], [ 38.810434593824596, 2.753147168302136 ], [ 38.810359057337507, 2.75319697103044 ], [ 38.810282360831238, 2.753252540258684 ], [ 38.810217106554411, 2.753306536615323 ], [ 38.81018394190837, 2.753337957909807 ], [ 38.810148687224256, 2.753375015716095 ], [ 38.810005687458656, 2.753538437623281 ], [ 38.809971323790911, 2.753573321617773 ], [ 38.809938411148856, 2.753603181047816 ], [ 38.809895228303361, 2.753638131042978 ], [ 38.809845486326992, 2.753674996876537 ], [ 38.809686687203111, 2.753782964612491 ], [ 38.809598374467214, 2.75384497828939 ], [ 38.809406449698848, 2.753985443226407 ], [ 38.809321035020545, 2.754046230007885 ], [ 38.809229938227801, 2.754107191778215 ], [ 38.809146995591931, 2.754157735447676 ], [ 38.809054781768175, 2.754206905243188 ], [ 38.809010283885918, 2.754227602477531 ], [ 38.808966572017788, 2.754245842924698 ], [ 38.808923435159535, 2.754261714577203 ], [ 38.808880803309798, 2.754275235433539 ], [ 38.808838573466446, 2.754286439490915 ], [ 38.808796661627888, 2.75429534974731 ], [ 38.808752006731829, 2.754301141276534 ], [ 38.808700915703085, 2.754302980153816 ], [ 38.808650967695215, 2.75430166130467 ], [ 38.808528736226229, 2.754294996972209 ], [ 38.808466486971213, 2.754294929023247 ], [ 38.808435743352959, 2.754297034862605 ], [ 38.808407384783877, 2.754300762559389 ], [ 38.808380934254544, 2.754306176108305 ], [ 38.808356143759895, 2.754313328504932 ], [ 38.808316605974312, 2.754329361140861 ], [ 38.808274264136962, 2.754352074198526 ], [ 38.80823358333538, 2.754377927982149 ], [ 38.808128821274771, 2.754449519839007 ], [ 38.808097384654722, 2.754468676197705 ], [ 38.808068459082669, 2.754484122876887 ], [ 38.808015401030197, 2.754508152827953 ], [ 38.80795514083205, 2.754531454847328 ], [ 38.807892033575214, 2.754552930027669 ], [ 38.807717492096366, 2.754608587319378 ], [ 38.807665127054143, 2.754627348727537 ], [ 38.807618951136554, 2.754645929147005 ], [ 38.807550767784136, 2.754676908505321 ], [ 38.807481022403294, 2.754712099498908 ], [ 38.807409025980327, 2.754751844098589 ], [ 38.807333477489514, 2.754796859243091 ], [ 38.807191111685462, 2.75488891035004 ], [ 38.806929513540567, 2.755068691922531 ], [ 38.806823961463131, 2.755139163877431 ], [ 38.806713546286758, 2.755208331949024 ], [ 38.806612054282084, 2.755266183997187 ], [ 38.80637817365696, 2.755391521279224 ], [ 38.806298445077822, 2.755430907915635 ], [ 38.806225477630463, 2.755463947098536 ], [ 38.806170626540577, 2.755486182206808 ], [ 38.806108881311815, 2.755508648300035 ], [ 38.805878728725482, 2.755583422971626 ], [ 38.805784959858912, 2.75561676314342 ], [ 38.805699503161215, 2.755651930150647 ], [ 38.80560578030282, 2.755695236456716 ], [ 38.805516307531036, 2.75573982464846 ], [ 38.805297937209239, 2.755852380029611 ], [ 38.805182241916739, 2.755908127270998 ], [ 38.805122281726831, 2.755934505023132 ], [ 38.80506548459811, 2.75595742907305 ], [ 38.805010855511007, 2.755977301386505 ], [ 38.804957865454931, 2.755994309947473 ], [ 38.80490360637156, 2.75600908870305 ], [ 38.804846538230144, 2.756021839636824 ], [ 38.804786207021543, 2.756032665740185 ], [ 38.804721806729653, 2.756041713000962 ], [ 38.804652560338909, 2.756049111408613 ], [ 38.804575552790723, 2.756055188936527 ], [ 38.80426190747869, 2.756071210772333 ], [ 38.804126246751146, 2.756081788951868 ], [ 38.804052896278584, 2.756090485249687 ], [ 38.803985035918068, 2.756101147372746 ], [ 38.803921315642555, 2.756113989303453 ], [ 38.803861066438714, 2.756129149030321 ], [ 38.803778549793719, 2.756155122833984 ], [ 38.803594246125172, 2.756220949249705 ], [ 38.803510450453714, 2.756246009133614 ], [ 38.803465151548032, 2.756256651242135 ], [ 38.803414772539355, 2.756266454427055 ], [ 38.803199953231918, 2.756299442717457 ], [ 38.803105893348736, 2.756317923180329 ], [ 38.803021255658642, 2.756340675265399 ], [ 38.802928161803806, 2.756371404663696 ], [ 38.802840962069055, 2.756403956899264 ], [ 38.802642375121337, 2.756482132252662 ], [ 38.802549151266213, 2.756516021376592 ], [ 38.802469462677607, 2.756541317237063 ], [ 38.802395671203719, 2.756560631612873 ], [ 38.802305866406265, 2.75657894708708 ], [ 38.802204786379733, 2.756594886775821 ], [ 38.802107184420734, 2.756607190777907 ], [ 38.801870003657697, 2.756633658650871 ], [ 38.801748379217678, 2.75665052427417 ], [ 38.80159733619135, 2.756677092075961 ], [ 38.801429718836452, 2.756711390218311 ], [ 38.801270142644832, 2.756747247219372 ], [ 38.80088992404265, 2.756836228765993 ], [ 38.800697538193752, 2.756878077270486 ], [ 38.800513468507511, 2.756912871381756 ], [ 38.800345915147389, 2.756938179305064 ], [ 38.800218540588602, 2.756951349253447 ], [ 38.800075835717294, 2.756959667634423 ], [ 38.799937377928416, 2.756963414409487 ], [ 38.799595094030124, 2.756967757280647 ], [ 38.799500214119227, 2.756970787086306 ], [ 38.799414993404191, 2.75697523376191 ], [ 38.799322933553242, 2.756982476199592 ], [ 38.799237016827824, 2.756992093426555 ], [ 38.799155735197637, 2.75700425542914 ], [ 38.799078302647111, 2.75701908319733 ], [ 38.79890933926761, 2.757057096017985 ], [ 38.798846844019472, 2.757073760615849 ], [ 38.798790617898234, 2.757090997159441 ], [ 38.798702999153825, 2.757122027527631 ], [ 38.798618008464899, 2.757156486596108 ], [ 38.798536190842349, 2.757194152383738 ], [ 38.798457982294664, 2.757234823907649 ], [ 38.798367633511575, 2.75728871529209 ], [ 38.798260198397138, 2.757360673119628 ], [ 38.798192699071308, 2.757409715908614 ], [ 38.798120386654112, 2.757466481030338 ], [ 38.798042836136794, 2.757531008481634 ], [ 38.797927562883871, 2.757630348936428 ], [ 38.797868537732029, 2.757683524360307 ], [ 38.797804804491236, 2.75774516305246 ], [ 38.797603617583825, 2.757952796163169 ], [ 38.797530135154901, 2.758026071851698 ], [ 38.797457080730574, 2.758093832018997 ], [ 38.797388154382382, 2.758151723040538 ], [ 38.797340341444347, 2.758187896933113 ], [ 38.79728530836222, 2.758226218644459 ], [ 38.797049985727242, 2.758379170529698 ], [ 38.797000412753128, 2.758414487498018 ], [ 38.796956626894541, 2.75844836658709 ], [ 38.796890327597978, 2.758504351772237 ], [ 38.796823470293724, 2.758565344522979 ], [ 38.796755494970967, 2.758631853795296 ], [ 38.796685402610116, 2.758704852505487 ], [ 38.7966166672784, 2.758780312000894 ], [ 38.796542172837661, 2.758865668640933 ], [ 38.796327315690036, 2.759122556483613 ], [ 38.796204884324816, 2.759266319085337 ], [ 38.796151091287349, 2.759332094411212 ], [ 38.796099821302683, 2.759400385516772 ], [ 38.796057611497474, 2.759464146009176 ], [ 38.796024015861633, 2.759521998008582 ], [ 38.795990188226021, 2.759586571424368 ], [ 38.795955252573897, 2.759659397124152 ], [ 38.795913768803828, 2.759751801128168 ], [ 38.795886348298183, 2.759817473443876 ], [ 38.795860135819645, 2.759887054419178 ], [ 38.795834867363524, 2.759961242993617 ], [ 38.795810069921167, 2.760041419047619 ], [ 38.795767047166052, 2.760197687505682 ], [ 38.795680025659692, 2.760542850588629 ], [ 38.795607407397135, 2.760823344278363 ], [ 38.795583215983079, 2.760925792397499 ], [ 38.795563153645823, 2.761019277292231 ], [ 38.795542853318445, 2.761133313402138 ], [ 38.795503507722593, 2.761407803589301 ], [ 38.795482243382963, 2.76153166184686 ], [ 38.795452728892784, 2.76167757719459 ], [ 38.795424576418441, 2.76180729894787 ], [ 38.795396395936564, 2.76192721055325 ], [ 38.795367671438072, 2.762039460824556 ], [ 38.795337692910856, 2.76214667953375 ], [ 38.795306475354693, 2.762248671697827 ], [ 38.795273797765994, 2.762346152254822 ], [ 38.795239509141844, 2.762439571165795 ], [ 38.795202368461133, 2.762534262968314 ], [ 38.795169033846733, 2.76261463001223 ], [ 38.795136713247388, 2.762687395715625 ], [ 38.795104657649112, 2.762754192937268 ], [ 38.795071974035295, 2.762816939511213 ], [ 38.795034387325806, 2.762884182698106 ], [ 38.794933844418374, 2.763050836296567 ], [ 38.794876599328234, 2.763139863605752 ], [ 38.794813968130825, 2.763230881745941 ], [ 38.794745347814768, 2.763324772640959 ], [ 38.794669524356756, 2.763423200147314 ], [ 38.794595761935447, 2.763515011226746 ], [ 38.794511706313557, 2.763616323488539 ], [ 38.794196652226688, 2.763985713634731 ], [ 38.79397790500564, 2.764249243905451 ], [ 38.793874217001914, 2.764370225473252 ], [ 38.793767098926324, 2.764487333380045 ], [ 38.793666232965023, 2.764587989711146 ], [ 38.793603398738433, 2.764644173877157 ], [ 38.793454461824993, 2.764768797161705 ], [ 38.793387538520079, 2.764830698834161 ], [ 38.793317471161409, 2.764905957348704 ], [ 38.793189751695245, 2.765057587272308 ], [ 38.793135814651386, 2.765118353033994 ], [ 38.793079846564723, 2.765176419031599 ], [ 38.79301534630936, 2.765239250621469 ], [ 38.792740137943362, 2.765493926702714 ], [ 38.79268292883053, 2.765550550826547 ], [ 38.792632365849279, 2.765603770241146 ], [ 38.792564127529978, 2.765682411460766 ], [ 38.792412108599208, 2.765869322337975 ], [ 38.792372693837152, 2.765914599434426 ], [ 38.792335691119604, 2.765954349009088 ], [ 38.792253054510788, 2.766034181135725 ], [ 38.792087421276293, 2.766180552543925 ], [ 38.792021034981921, 2.76624200325527 ], [ 38.791909107804244, 2.766352087775867 ], [ 38.791799089666917, 2.766464656079406 ], [ 38.791691085571827, 2.766579598175357 ], [ 38.791585203521223, 2.766696801073444 ], [ 38.791481545517037, 2.766816149783573 ], [ 38.791380217561212, 2.766937526315903 ], [ 38.791281319655802, 2.767060806681124 ], [ 38.791184951802713, 2.767185869889656 ], [ 38.791046274146083, 2.767379822146217 ], [ 38.790996158183631, 2.767446556386875 ], [ 38.790930351913438, 2.767525377589347 ], [ 38.790853124416081, 2.767608493427077 ], [ 38.790767804756811, 2.767693336120795 ], [ 38.790593550362189, 2.767858886869994 ], [ 38.790521266955473, 2.767929380800465 ], [ 38.790447776528183, 2.76800523726601 ], [ 38.790384828309726, 2.768075800183625 ], [ 38.790301879708657, 2.768175011627828 ], [ 38.790222542179684, 2.768273307148885 ], [ 38.790146721721001, 2.76837080273689 ], [ 38.79007435533147, 2.768467580384775 ], [ 38.790005373009748, 2.768563736084172 ], [ 38.789939749755426, 2.768659304832239 ], [ 38.789877449567662, 2.7687543366244 ], [ 38.78981844844607, 2.768848871457378 ], [ 38.789756237269479, 2.768956891121559 ], [ 38.789692002062978, 2.769080007476152 ], [ 38.789632860958307, 2.769201913932207 ], [ 38.789487887258055, 2.769511312167956 ], [ 38.789445024456533, 2.769598387637006 ], [ 38.7894049017033, 2.769675877936591 ], [ 38.789323804172859, 2.769821243371444 ], [ 38.789168312227083, 2.770084273641937 ], [ 38.789108326092517, 2.770188427640444 ], [ 38.789049678987723, 2.770296276317168 ], [ 38.789000345064132, 2.770395013778334 ], [ 38.788932708806882, 2.770542829990629 ], [ 38.788865493565297, 2.770700646334225 ], [ 38.788800893382025, 2.770866007020773 ], [ 38.788739991278959, 2.771039245020511 ], [ 38.788682487250661, 2.771221210259922 ], [ 38.788627941289377, 2.771413286619266 ], [ 38.788576437396266, 2.77161480515635 ], [ 38.788526473544955, 2.771831260395302 ], [ 38.788477020717899, 2.772066974961329 ], [ 38.788424976863212, 2.772336680577443 ], [ 38.7883889812856, 2.772542035770328 ], [ 38.788356095776436, 2.772755207282244 ], [ 38.788326197333724, 2.772976983044747 ], [ 38.78829911495491, 2.773208632947798 ], [ 38.788282241741165, 2.773383723755117 ], [ 38.788268764601746, 2.773566985850362 ], [ 38.788258543535335, 2.773760274072634 ], [ 38.788251382540501, 2.773967225106217 ], [ 38.788247598599725, 2.774154833817153 ], [ 38.788245649711804, 2.774364266631452 ], [ 38.788245175341864, 2.775249180786897 ], [ 38.788245468437871, 2.775373781966542 ], [ 38.788248296594531, 2.775511496005588 ], [ 38.788269868430831, 2.776066546790518 ], [ 38.788274970707725, 2.776307026904171 ], [ 38.78827429878892, 2.776438122520726 ], [ 38.78827065680381, 2.776560279915698 ], [ 38.788263971752727, 2.776675940876946 ], [ 38.788254166634836, 2.776786333298 ], [ 38.788245959536731, 2.776879469216386 ], [ 38.788227891360535, 2.777139661635501 ], [ 38.788219765253601, 2.777218300812663 ], [ 38.788209953106126, 2.7772879887685 ], [ 38.788195140863102, 2.7773649200989 ], [ 38.78817680354404, 2.777435046022808 ], [ 38.788154600143066, 2.777499662428135 ], [ 38.788128305655995, 2.77755940425952 ], [ 38.788100596134676, 2.777611162785317 ], [ 38.788066640490229, 2.777666818977282 ], [ 38.788026186718014, 2.777727131769587 ], [ 38.787966482574816, 2.777811101521628 ], [ 38.787897468248858, 2.777902044674994 ], [ 38.787821319778729, 2.777992544872103 ], [ 38.7877377711593, 2.778082920085478 ], [ 38.787646376381872, 2.778173655273287 ], [ 38.787547310449931, 2.778264662443212 ], [ 38.787438794328956, 2.778357653447692 ], [ 38.787319297988844, 2.778453961172219 ], [ 38.787184339341991, 2.778557205305793 ], [ 38.787110488890171, 2.778609073855863 ], [ 38.78702493020365, 2.778662736258703 ], [ 38.786941683559753, 2.778710897137564 ], [ 38.786745658685689, 2.778820047802911 ], [ 38.786652676850345, 2.778875062093837 ], [ 38.786571774256956, 2.778927778575448 ], [ 38.78650108786907, 2.778979698118819 ], [ 38.786437669628903, 2.779033239516005 ], [ 38.786294894844403, 2.779164161252057 ], [ 38.786257446111939, 2.779195569552099 ], [ 38.786222392424499, 2.779222406247422 ], [ 38.786167443343906, 2.77926047898168 ], [ 38.786105802129178, 2.779299700620989 ], [ 38.786036093753424, 2.779341050081525 ], [ 38.785943697927785, 2.779393201620599 ], [ 38.785861479300458, 2.779435620997386 ], [ 38.785768782460977, 2.779476978473962 ], [ 38.785659091280181, 2.779520121807958 ], [ 38.785423473590114, 2.779605216591325 ], [ 38.78532202257221, 2.779643993298467 ], [ 38.785216983486542, 2.779689058462184 ], [ 38.785125593676611, 2.779734791557891 ], [ 38.785073310643895, 2.779764685000409 ], [ 38.785016149516871, 2.779800250953967 ], [ 38.784776862806325, 2.77995923632401 ], [ 38.784719968683781, 2.779993536387288 ], [ 38.784667095638405, 2.780022445915697 ], [ 38.784542187163289, 2.780083006748511 ], [ 38.784408281504383, 2.780140388863843 ], [ 38.784264632646924, 2.780194917234135 ], [ 38.784109706560329, 2.780247176809675 ], [ 38.784007856527126, 2.780275917388675 ], [ 38.783783685045314, 2.780329873867592 ], [ 38.783696159298351, 2.780355047745702 ], [ 38.783564872683009, 2.780399739961047 ], [ 38.783434518090125, 2.780449404744001 ], [ 38.783305572529066, 2.780503862109739 ], [ 38.783178511009318, 2.780562911075527 ], [ 38.783053808540309, 2.780626328660097 ], [ 38.78293190913088, 2.780693890882821 ], [ 38.782813252789687, 2.780765351764715 ], [ 38.782698252524817, 2.780840464326818 ], [ 38.782647879534998, 2.780876445239405 ], [ 38.782593161462245, 2.780918934590141 ], [ 38.782370764110702, 2.781103485728313 ], [ 38.78232168414786, 2.781140825522006 ], [ 38.782275715244147, 2.781173064756326 ], [ 38.782229901341609, 2.781202593225861 ], [ 38.782181062377902, 2.781231885718171 ], [ 38.782071798217231, 2.781291237644658 ], [ 38.781963831078286, 2.781344328113807 ], [ 38.781695052748873, 2.781470318370898 ], [ 38.78162165129504, 2.7815069642427 ], [ 38.781556502006268, 2.781541623280906 ], [ 38.781186230686295, 2.781745345862973 ], [ 38.781069504380518, 2.781812041157267 ], [ 38.780965690331513, 2.781873718877909 ], [ 38.780862418295342, 2.781938088364393 ], [ 38.780767023417006, 2.782000987972806 ], [ 38.780677999666821, 2.782063413617676 ], [ 38.780594556029151, 2.782125921251267 ], [ 38.780499519169148, 2.782204122530761 ], [ 38.780293053138635, 2.78238840168141 ], [ 38.780198989298903, 2.782467510881381 ], [ 38.780150622350384, 2.782504701687574 ], [ 38.780095348264382, 2.782544481274084 ], [ 38.779904346505802, 2.782673589203847 ], [ 38.779833028103795, 2.782723696905324 ], [ 38.779763848746754, 2.782776448375727 ], [ 38.779704530587175, 2.782827079023065 ], [ 38.779661357745844, 2.782867666530568 ], [ 38.779618671915955, 2.782910410850451 ], [ 38.779576417096294, 2.782955368977808 ], [ 38.779534527285684, 2.783002610906617 ], [ 38.779451576686355, 2.78310424314303 ], [ 38.779368954101265, 2.783216365468292 ], [ 38.779288001555756, 2.783336667082231 ], [ 38.779204142962179, 2.783471480438279 ], [ 38.779115453283737, 2.78362356929803 ], [ 38.779003299167755, 2.783824880901105 ], [ 38.778946476098177, 2.783930323787611 ], [ 38.778894968131972, 2.784030609118065 ], [ 38.778848094256567, 2.784127069777167 ], [ 38.778805516465546, 2.784220405704449 ], [ 38.778778033960968, 2.784288894777998 ], [ 38.778751756487715, 2.784367181000046 ], [ 38.778729201088893, 2.784444522301431 ], [ 38.778676597168349, 2.784638114531424 ], [ 38.778644902602565, 2.784739326766885 ], [ 38.778625995258345, 2.784790582330573 ], [ 38.778606219893518, 2.78483754626743 ], [ 38.778585218501561, 2.784881063504425 ], [ 38.778562782078431, 2.784921563004504 ], [ 38.778502731935589, 2.785015710874263 ], [ 38.778435544647486, 2.785107980912241 ], [ 38.778362254233826, 2.785196951241189 ], [ 38.778284087718305, 2.785281130989707 ], [ 38.778252264098271, 2.785311161405676 ], [ 38.778214544360281, 2.785342573706012 ], [ 38.7780882798817, 2.785436279662599 ], [ 38.778046097054883, 2.785469335823445 ], [ 38.77800938133776, 2.785501485059044 ], [ 38.777978422736027, 2.785532828360421 ], [ 38.777925368709944, 2.785593337145766 ], [ 38.777878561807917, 2.785651330144938 ], [ 38.777837305016746, 2.785707672283333 ], [ 38.777801377332082, 2.78576267553414 ], [ 38.777770536749216, 2.785816740862668 ], [ 38.777744838269427, 2.785869813273555 ], [ 38.777724238891793, 2.785921982759209 ], [ 38.777708717616029, 2.785973299315127 ], [ 38.777699857473586, 2.786023289981263 ], [ 38.777690845384235, 2.786150694926224 ], [ 38.777687011328752, 2.786180757319034 ], [ 38.777681747241559, 2.786207018042826 ], [ 38.777667560989229, 2.786253486018793 ], [ 38.777647658621618, 2.786300002994702 ], [ 38.777621835134852, 2.786347067927336 ], [ 38.77758957451951, 2.786395628734852 ], [ 38.777558448921454, 2.786436578202276 ], [ 38.777521213202867, 2.786481209354656 ], [ 38.777390837677743, 2.786625142953568 ], [ 38.777344434780716, 2.786678725335551 ], [ 38.777302381971381, 2.786732248719291 ], [ 38.777268201318357, 2.786782327396497 ], [ 38.777230786609231, 2.78684499298324 ], [ 38.777191658871907, 2.786916480805218 ], [ 38.777073361656541, 2.787151376498098 ], [ 38.777030298847407, 2.787233343413166 ], [ 38.776986998029074, 2.787309047872146 ], [ 38.776944555221405, 2.787375614123935 ], [ 38.776864562689745, 2.787488225405688 ], [ 38.776764752771108, 2.787618323183655 ], [ 38.7767095057064, 2.787686564299503 ], [ 38.77665032556326, 2.787756098305923 ], [ 38.776586753332857, 2.787827470155986 ], [ 38.776517941998826, 2.787901628768005 ], [ 38.776366123049776, 2.788057217371165 ], [ 38.776144431736171, 2.788274534666407 ], [ 38.775982978593809, 2.788431634145598 ], [ 38.775881049607747, 2.788527706879371 ], [ 38.775784786728558, 2.788613575494958 ], [ 38.775694924970125, 2.788688038096064 ], [ 38.775650921107065, 2.788721626212291 ], [ 38.775600539116944, 2.788757497135022 ], [ 38.775385662887878, 2.788901921753879 ], [ 38.775339951989956, 2.788935106906324 ], [ 38.775299358194168, 2.788966703193005 ], [ 38.775227943797368, 2.789026668039339 ], [ 38.775151824311521, 2.789094865174479 ], [ 38.775069478707032, 2.789172469497371 ], [ 38.774957731532204, 2.789281326128685 ], [ 38.774904648501497, 2.78933626539794 ], [ 38.774848261410696, 2.789400347875788 ], [ 38.774794054365223, 2.789466202198275 ], [ 38.774655400694854, 2.789639990212164 ], [ 38.774575365148237, 2.789733077189309 ], [ 38.774530539278317, 2.78978025712617 ], [ 38.774486922428999, 2.789822104525103 ], [ 38.774443673583768, 2.789859421317175 ], [ 38.774400342733855, 2.789892591469143 ], [ 38.774366519068252, 2.789915383515249 ], [ 38.77432998234714, 2.789937178649903 ], [ 38.774290434564726, 2.789958154857797 ], [ 38.774247329710157, 2.789978605114008 ], [ 38.774149139758798, 2.790018758700101 ], [ 38.773937648547793, 2.790094119312779 ], [ 38.773848014765314, 2.790129043346538 ], [ 38.773800501822194, 2.790150025559766 ], [ 38.773757348967244, 2.790171294744994 ], [ 38.773717697183443, 2.790193275865727 ], [ 38.773681130462535, 2.790216202902153 ], [ 38.77362140528912, 2.790259139218412 ], [ 38.773561958125633, 2.790308010019219 ], [ 38.773502163959705, 2.790363319261412 ], [ 38.773440857768797, 2.790426141852351 ], [ 38.773388851761787, 2.790483802884593 ], [ 38.773332454672456, 2.790550069173082 ], [ 38.773147696112311, 2.790779144421393 ], [ 38.773076748743186, 2.790864322078671 ], [ 38.773003730329798, 2.790946175026198 ], [ 38.772934947993448, 2.791016241993741 ], [ 38.77286007453413, 2.791086244971404 ], [ 38.772779711964688, 2.79115718287193 ], [ 38.772693012268739, 2.791229807630635 ], [ 38.772598248412365, 2.791305568123124 ], [ 38.772420896933198, 2.791440388548907 ], [ 38.772005388774048, 2.79174566035206 ], [ 38.771903102767588, 2.791823552665072 ], [ 38.771811854979404, 2.791895543482189 ], [ 38.771726736313404, 2.791965578464711 ], [ 38.771647942773598, 2.792033587618477 ], [ 38.771574398338771, 2.792100501863358 ], [ 38.771505512997543, 2.792166860153222 ], [ 38.771198206015661, 2.792464898505205 ], [ 38.771117616449814, 2.792547023434842 ], [ 38.77104787809791, 2.792622322949109 ], [ 38.770977489737788, 2.792704331881424 ], [ 38.770915545546139, 2.792783790028952 ], [ 38.770860976502391, 2.792862077272715 ], [ 38.770813271596722, 2.792939931549083 ], [ 38.770777689929389, 2.793009201561686 ], [ 38.770705505589703, 2.793169066736459 ], [ 38.770669429911081, 2.79323657490243 ], [ 38.770637877311039, 2.793286672576503 ], [ 38.770600718600797, 2.793340629919687 ], [ 38.770489626467423, 2.793488273184097 ], [ 38.770432091358252, 2.793558967089396 ], [ 38.770367744111503, 2.793629327028583 ], [ 38.770295916714161, 2.793700090938241 ], [ 38.7702152001388, 2.793772652698337 ], [ 38.77014247071611, 2.793833566463851 ], [ 38.770059349087504, 2.793899646788389 ], [ 38.769782848662622, 2.794109114807493 ], [ 38.769684783739976, 2.794185329263336 ], [ 38.769592802939528, 2.794260758782881 ], [ 38.769512688374974, 2.794331424707208 ], [ 38.769437354908277, 2.794404093454151 ], [ 38.769370367609291, 2.794475931267122 ], [ 38.76931074345908, 2.794547998054831 ], [ 38.769257975447722, 2.794620912763882 ], [ 38.769215194634079, 2.794688633916466 ], [ 38.769171743813843, 2.794765816248209 ], [ 38.769127185978171, 2.794852605746867 ], [ 38.769000749615579, 2.795110613442235 ], [ 38.768957812807258, 2.795189992582951 ], [ 38.768916350021179, 2.795259145610354 ], [ 38.76882235822896, 2.795401585314378 ], [ 38.768723241331053, 2.795540952288955 ], [ 38.768619536337795, 2.795676492599162 ], [ 38.768511793259869, 2.795807487306943 ], [ 38.768444624959372, 2.79588212687696 ], [ 38.768366845447673, 2.795960796105049 ], [ 38.768278212720503, 2.796044230927389 ], [ 38.768092242091335, 2.796211908508437 ], [ 38.768013704560033, 2.796284619254322 ], [ 38.767933406997635, 2.796363335480243 ], [ 38.767864502661155, 2.796436731159659 ], [ 38.767812363653178, 2.796496889975782 ], [ 38.767682923156222, 2.79665349247666 ], [ 38.767621767974241, 2.796724385367732 ], [ 38.767567583923636, 2.796782631351366 ], [ 38.767504937705837, 2.796845565934348 ], [ 38.76729836268089, 2.797040652151497 ], [ 38.767227793307413, 2.797109317242831 ], [ 38.767164363075715, 2.797174960591247 ], [ 38.767109330010591, 2.797236770266227 ], [ 38.767046381796462, 2.797313137683384 ], [ 38.766980238523992, 2.797397885375426 ], [ 38.766909163159632, 2.797493139159099 ], [ 38.766821644482427, 2.797614316704654 ], [ 38.766722129579058, 2.797757090384228 ], [ 38.766623195692134, 2.797906305504346 ], [ 38.766524618817222, 2.798062301035686 ], [ 38.766426077948445, 2.798225582934527 ], [ 38.766372917945034, 2.798320153764454 ], [ 38.766317477905083, 2.798427828458526 ], [ 38.76626699596288, 2.798532294427585 ], [ 38.766148862763472, 2.798784226645794 ], [ 38.766086312593792, 2.798910632719252 ], [ 38.766022005383178, 2.799029320463992 ], [ 38.765958591179889, 2.799133491468245 ], [ 38.765919246427124, 2.799189702617908 ], [ 38.765871452506914, 2.799249869430317 ], [ 38.765821060532801, 2.799308039418165 ], [ 38.765686502927259, 2.799457327558442 ], [ 38.765648702197261, 2.799502004708209 ], [ 38.765616367574857, 2.799542971175925 ], [ 38.765582280921947, 2.799590537072184 ], [ 38.765553355371964, 2.799636507103129 ], [ 38.765529038914472, 2.799681764192599 ], [ 38.765509083544686, 2.799726779299935 ], [ 38.765489371187087, 2.799781626553472 ], [ 38.765470834858526, 2.799843884162989 ], [ 38.765453372556514, 2.799912841190215 ], [ 38.765428172128743, 2.800023422610025 ], [ 38.765416045927445, 2.800082751469089 ], [ 38.765405242757424, 2.800148480771606 ], [ 38.765369358247149, 2.800441469365901 ], [ 38.765358868085841, 2.800510431387613 ], [ 38.765347260896441, 2.800571763072471 ], [ 38.76532191246023, 2.800674755151246 ], [ 38.765286943837438, 2.800788101338426 ], [ 38.765249492159441, 2.800894352143287 ], [ 38.765158842508036, 2.801137275123992 ], [ 38.765119528798742, 2.801252184178739 ], [ 38.765090267280982, 2.801351659565806 ], [ 38.765068566910458, 2.801443715591243 ], [ 38.765055751705695, 2.801517395205216 ], [ 38.76503121233786, 2.801691855080143 ], [ 38.765014626064939, 2.801776315761122 ], [ 38.764999640803239, 2.801831954942656 ], [ 38.764980926467373, 2.801889103995921 ], [ 38.764958296054076, 2.801948349869979 ], [ 38.764931319555451, 2.802010819467516 ], [ 38.764875035504268, 2.802126158497618 ], [ 38.764765868451939, 2.802331492755155 ], [ 38.764724955684812, 2.802411250862284 ], [ 38.764686343965394, 2.802492775814424 ], [ 38.764655020387927, 2.802567365363237 ], [ 38.764572843881034, 2.802774111478401 ], [ 38.764533190158936, 2.802880744252057 ], [ 38.764499559556597, 2.802984898236417 ], [ 38.764475217134802, 2.803079750021302 ], [ 38.764466187986685, 2.803126422976858 ], [ 38.764459038878357, 2.803175550717895 ], [ 38.764453696808594, 2.803227624201984 ], [ 38.764450062776106, 2.803283596346387 ], [ 38.764447514803273, 2.803391279001541 ], [ 38.764448509028021, 2.803671716659402 ], [ 38.764445368024106, 2.803753139594375 ], [ 38.764439257953967, 2.803825853287477 ], [ 38.764424474737062, 2.803937342621363 ], [ 38.764383177088085, 2.804189454769142 ], [ 38.76436733685096, 2.804302280987931 ], [ 38.764354845691109, 2.804428533038815 ], [ 38.7643463136205, 2.804567537979966 ], [ 38.764341243633886, 2.804725899238442 ], [ 38.764336628783738, 2.805058588365644 ], [ 38.764332955814673, 2.805202328892238 ], [ 38.764325260769958, 2.805353660762933 ], [ 38.764313396629383, 2.805488855037403 ], [ 38.764299459429139, 2.805599606434975 ], [ 38.764263502884639, 2.805847110979235 ], [ 38.764250465701402, 2.805956293512323 ], [ 38.764243860625896, 2.806035344656012 ], [ 38.764239644601389, 2.806118186468895 ], [ 38.764237767627478, 2.806205689875399 ], [ 38.764238193704628, 2.806299595724602 ], [ 38.764243764943103, 2.80647213874468 ], [ 38.764264126646303, 2.806872321996065 ], [ 38.764267247782627, 2.806972727279247 ], [ 38.764268273869632, 2.807063454403899 ], [ 38.764267179911158, 2.807150452853799 ], [ 38.764263878904494, 2.807232458738601 ], [ 38.764258323849546, 2.807310619958895 ], [ 38.764250466745892, 2.807385575459042 ], [ 38.764238970572869, 2.807466221468013 ], [ 38.76422334032182, 2.80755406585525 ], [ 38.764201811963595, 2.807658129839113 ], [ 38.764130577761414, 2.807979369010507 ], [ 38.764111308448591, 2.80808317201539 ], [ 38.764097634241111, 2.808176624914497 ], [ 38.764089794138201, 2.808252232358186 ], [ 38.764083946082209, 2.80833692801149 ], [ 38.764073792074825, 2.808607017577445 ], [ 38.764068958044938, 2.80869942656069 ], [ 38.764062004966235, 2.808783663254741 ], [ 38.764052684833935, 2.808859803653279 ], [ 38.764032513510308, 2.808973660786367 ], [ 38.763975474547273, 2.809230187564337 ], [ 38.76395379319402, 2.809345220596457 ], [ 38.763939969984008, 2.809439303441204 ], [ 38.76392786981171, 2.809537495927906 ], [ 38.76391739567584, 2.809640576989187 ], [ 38.763908403574419, 2.809749943503855 ], [ 38.763894668469334, 2.809985010112523 ], [ 38.763881872459997, 2.810325042610587 ], [ 38.763879990501614, 2.810433775175149 ], [ 38.763881529621308, 2.810554957656643 ], [ 38.763898137255651, 2.810963905152167 ], [ 38.763901787442606, 2.811118809705516 ], [ 38.76389978251548, 2.811273617271485 ], [ 38.763896205495421, 2.81134471210385 ], [ 38.763890863437453, 2.81141273620413 ], [ 38.763880804304094, 2.811507814959809 ], [ 38.7638676161136, 2.811611061009043 ], [ 38.763827932503496, 2.811871184462839 ], [ 38.763774841676415, 2.81220426559474 ], [ 38.763756685385083, 2.812306584728198 ], [ 38.763738678088686, 2.812397988808828 ], [ 38.763718178742771, 2.81249034480869 ], [ 38.763696466367811, 2.812576339361556 ], [ 38.763673187957487, 2.812657363346913 ], [ 38.763648130508294, 2.812734147701633 ], [ 38.763628157144396, 2.812787389095818 ], [ 38.763603290685595, 2.812846011026583 ], [ 38.763490512588213, 2.813088522063355 ], [ 38.763468331180327, 2.813142645382559 ], [ 38.763450346854142, 2.8131925970608 ], [ 38.763428313463628, 2.813266342676986 ], [ 38.763409808147614, 2.813344470910315 ], [ 38.763394639902636, 2.813427768692436 ], [ 38.763382525724161, 2.813517778889787 ], [ 38.763374545622924, 2.813599389813039 ], [ 38.763368111560048, 2.81369073789012 ], [ 38.763353683504079, 2.814011555058586 ], [ 38.763345822437977, 2.81413771111591 ], [ 38.763333039273682, 2.814265541031681 ], [ 38.763315495003084, 2.814379171183386 ], [ 38.763286454524369, 2.814525362517665 ], [ 38.763251463934466, 2.814683669805017 ], [ 38.76320972722035, 2.814858103697778 ], [ 38.763153673252411, 2.815080328453756 ], [ 38.763119583657598, 2.815207010485069 ], [ 38.76308111397735, 2.815337721170004 ], [ 38.763037970206504, 2.815473473420961 ], [ 38.762989593335085, 2.815616027085513 ], [ 38.762934521336717, 2.815769558802365 ], [ 38.762871208183157, 2.815938250209764 ], [ 38.762603632285298, 2.816620231224098 ], [ 38.762543677190962, 2.816777230643872 ], [ 38.762491559243237, 2.816918533420082 ], [ 38.762433944201199, 2.817082583226307 ], [ 38.762383331293123, 2.817236605897517 ], [ 38.762338709500781, 2.817383688166661 ], [ 38.762299609816004, 2.81752539089858 ], [ 38.762208487234439, 2.817875285602126 ], [ 38.762149334214122, 2.81811108518326 ], [ 38.762098599348739, 2.818326611517541 ], [ 38.762056238638479, 2.818523211488216 ], [ 38.762019307034876, 2.818715989786418 ], [ 38.761989346564555, 2.81889868595447 ], [ 38.761965967221371, 2.81907368578546 ], [ 38.761948995002776, 2.819242327163698 ], [ 38.761941172925873, 2.819352562603428 ], [ 38.761935653899172, 2.819467886599953 ], [ 38.761932381922364, 2.819589396057957 ], [ 38.761931298995783, 2.819719185795874 ], [ 38.761934741259175, 2.819983307873438 ], [ 38.761948995906941, 2.820473847295236 ], [ 38.761963762550039, 2.820943920492921 ], [ 38.761972494874605, 2.821145943955633 ], [ 38.761982495215236, 2.821335118532427 ], [ 38.761994094582796, 2.821516954744794 ], [ 38.762007293976851, 2.821690849645177 ], [ 38.762022201400548, 2.821858228109876 ], [ 38.762038898856289, 2.822019989060628 ], [ 38.762060267423116, 2.822204743012768 ], [ 38.762082697006072, 2.822382317587086 ], [ 38.762106325608769, 2.82255380868847 ], [ 38.762131253233754, 2.822719931254861 ], [ 38.762157601883985, 2.822881473217595 ], [ 38.762185412560555, 2.823038666556701 ], [ 38.76221475126507, 2.823191882239795 ], [ 38.762245672998759, 2.823341401242564 ], [ 38.76226692449552, 2.8234338742026 ], [ 38.762293185100596, 2.823536367289387 ], [ 38.762387168242647, 2.823871013181319 ], [ 38.762419888992689, 2.823993425534956 ], [ 38.76244852465846, 2.824113253115895 ], [ 38.762470428180578, 2.824222342633706 ], [ 38.762487916609238, 2.824325463672659 ], [ 38.762504167015912, 2.824432784348125 ], [ 38.762533358773993, 2.824662812366362 ], [ 38.762543705064338, 2.824773718735146 ], [ 38.76255100830172, 2.824896187102933 ], [ 38.762555566492026, 2.825029987489438 ], [ 38.762563989948823, 2.825419872652445 ], [ 38.76256987115751, 2.8255422140323 ], [ 38.762578310408237, 2.82565162453238 ], [ 38.762589919719602, 2.82575663341204 ], [ 38.762606209134233, 2.825873416266687 ], [ 38.762668020654914, 2.826245474937067 ], [ 38.762687829149677, 2.82637473570642 ], [ 38.762703079545766, 2.826495003259487 ], [ 38.762713163829808, 2.82660447875283 ], [ 38.762723217150288, 2.826764437865684 ], [ 38.762729526388917, 2.826915618743196 ], [ 38.762732164548183, 2.827059753234821 ], [ 38.762731144629207, 2.827197766260284 ], [ 38.762727629625473, 2.827289068340721 ], [ 38.762720835558532, 2.827384250086938 ], [ 38.762710697427629, 2.827484287414388 ], [ 38.762697022230391, 2.827591086157829 ], [ 38.762665655744414, 2.827790501878161 ], [ 38.76260168271638, 2.828146995993467 ], [ 38.762578407347469, 2.82828374614523 ], [ 38.762557656030459, 2.828421659194334 ], [ 38.762542351813373, 2.828546145404376 ], [ 38.76251632144843, 2.828763674549325 ], [ 38.762457576581454, 2.829195543121231 ], [ 38.762434595251221, 2.829376665422984 ], [ 38.762414329981752, 2.829565804027256 ], [ 38.762401004837798, 2.829735219337683 ], [ 38.762396032808482, 2.829831640975272 ], [ 38.762393359822831, 2.829924249941922 ], [ 38.762392966880753, 2.830013661184428 ], [ 38.76239485398272, 2.830100276667856 ], [ 38.762399035129143, 2.830184543353275 ], [ 38.762405521320389, 2.830266599228892 ], [ 38.762414331557132, 2.830346659275877 ], [ 38.762425481839756, 2.830424888480097 ], [ 38.762453740546796, 2.830610692337734 ], [ 38.762472347995477, 2.830710237686925 ], [ 38.762483636258743, 2.830758398499855 ], [ 38.762495945539804, 2.830802868632209 ], [ 38.762509482843463, 2.830844389019605 ], [ 38.762524374172656, 2.830883336629276 ], [ 38.762552909794259, 2.830945685198402 ], [ 38.762588830568021, 2.831012271394354 ], [ 38.762632639504972, 2.831084413102432 ], [ 38.762695186837249, 2.831179980763928 ], [ 38.762726730506706, 2.831224979836217 ], [ 38.762763779289806, 2.831273321614306 ], [ 38.762913518442744, 2.831452696939505 ], [ 38.762973881717926, 2.831530559138892 ], [ 38.76307167279468, 2.831671568831578 ], [ 38.763170711907229, 2.831826942277046 ], [ 38.763273243103249, 2.832000082178507 ], [ 38.763387429557731, 2.832204748335942 ], [ 38.763424623360912, 2.832276455086724 ], [ 38.763514178302536, 2.832459443143484 ], [ 38.76354128688704, 2.832510439698732 ], [ 38.763567233443489, 2.832555326784774 ], [ 38.763594360022083, 2.832597793080124 ], [ 38.763624559662937, 2.832640668337652 ], [ 38.763658091371596, 2.832684324524918 ], [ 38.763695460158708, 2.832729419584519 ], [ 38.763778654904783, 2.832821235556317 ], [ 38.763955450605103, 2.833002618687458 ], [ 38.764028720141063, 2.833081147819518 ], [ 38.764101295668347, 2.833166766336975 ], [ 38.764132394325657, 2.833207477781587 ], [ 38.764160583923953, 2.833247494288603 ], [ 38.76420777392903, 2.833319593997943 ], [ 38.764254346924211, 2.833394967423715 ], [ 38.764300406911609, 2.833473782551287 ], [ 38.76434609589414, 2.833556283359312 ], [ 38.764391475873197, 2.833642564839515 ], [ 38.764436889856277, 2.833733263936521 ], [ 38.764482624849471, 2.83382895260036 ], [ 38.76452918086374, 2.833930672740264 ], [ 38.764566874690104, 2.83402003895867 ], [ 38.764650480537192, 2.834237553024566 ], [ 38.764691004426723, 2.834335186523586 ], [ 38.764731592308969, 2.834421202030568 ], [ 38.764780988374831, 2.8345152238364 ], [ 38.764830699442776, 2.834603420147302 ], [ 38.764950633014443, 2.834809586170838 ], [ 38.765007326233977, 2.834912366211411 ], [ 38.765055982286974, 2.835009255768913 ], [ 38.765095562151949, 2.835099267930016 ], [ 38.765116877623853, 2.835156056987095 ], [ 38.765165140701626, 2.835297150709783 ], [ 38.765194454345909, 2.835368944459105 ], [ 38.765220024899172, 2.835419547049784 ], [ 38.765250157544635, 2.835470450610976 ], [ 38.765285163288965, 2.835522189096078 ], [ 38.765325717146595, 2.835575765417482 ], [ 38.765363489942473, 2.835621638409461 ], [ 38.765407304863302, 2.835671704033088 ], [ 38.765560147068598, 2.83583691158579 ], [ 38.765616754257223, 2.835900174054962 ], [ 38.765670601391257, 2.835964853403296 ], [ 38.765715883349174, 2.836025155137814 ], [ 38.76577462059813, 2.836111811575749 ], [ 38.76583564290079, 2.83620887510914 ], [ 38.765904285371327, 2.836325081975901 ], [ 38.766046803431898, 2.836576377067577 ], [ 38.76611022479166, 2.836685189579891 ], [ 38.766180059283947, 2.836798264717523 ], [ 38.76624630369335, 2.836897107092806 ], [ 38.766365402216671, 2.83706070881012 ], [ 38.766542978970243, 2.837292631556495 ], [ 38.766686266998185, 2.837478586316586 ], [ 38.766776723904755, 2.837589274646045 ], [ 38.766842418283751, 2.837662142275198 ], [ 38.766918456874478, 2.837738965553425 ], [ 38.767004819676643, 2.83782022443923 ], [ 38.767185365439026, 2.837983009181608 ], [ 38.767261454025949, 2.838053422016056 ], [ 38.767339252651681, 2.838129587350104 ], [ 38.767406035051202, 2.838200539144704 ], [ 38.767494561911406, 2.838301138351012 ], [ 38.76758049972014, 2.83840281546566 ], [ 38.767663718474651, 2.838505416502175 ], [ 38.76774410517266, 2.838608801472867 ], [ 38.76782154281166, 2.838712819390821 ], [ 38.767895950389942, 2.838817361265542 ], [ 38.767967242905613, 2.838922306107762 ], [ 38.768035346357259, 2.839027544926715 ], [ 38.76810641687608, 2.839142849870289 ], [ 38.76817437033246, 2.839258587778586 ], [ 38.768239104724096, 2.839374586666679 ], [ 38.768300537049193, 2.839490693547891 ], [ 38.768358579305854, 2.8396067444365 ], [ 38.76841317749291, 2.839722630341995 ], [ 38.768464275609205, 2.839838229274988 ], [ 38.768511825653526, 2.839953432245053 ], [ 38.768534294151856, 2.840014401938826 ], [ 38.768556376648569, 2.840083659913906 ], [ 38.768622358157565, 2.84032438998007 ], [ 38.768649957781776, 2.840415623044566 ], [ 38.768682805510764, 2.840505297240435 ], [ 38.768700230891866, 2.840545276759039 ], [ 38.768718600290001, 2.840582675500797 ], [ 38.768748601934512, 2.840635708877454 ], [ 38.76878345167691, 2.840689040224667 ], [ 38.768823507525028, 2.840743223494154 ], [ 38.768869536495011, 2.840799301594777 ], [ 38.768912480397027, 2.840847630369971 ], [ 38.768962113437247, 2.840900344759707 ], [ 38.769137382103388, 2.841076837317263 ], [ 38.76920357348957, 2.84114577028762 ], [ 38.769267296827756, 2.841217142048188 ], [ 38.769320940959211, 2.841283833222494 ], [ 38.76938314727925, 2.841371980528918 ], [ 38.769492771616633, 2.841542300671006 ], [ 38.76953798857847, 2.841609474809681 ], [ 38.769587479626288, 2.841676332972551 ], [ 38.769635596639034, 2.841733291995125 ], [ 38.769689221762398, 2.841789566073125 ], [ 38.769749280016818, 2.841847578995436 ], [ 38.769816899425884, 2.841908451664064 ], [ 38.769896312077769, 2.841976000744611 ], [ 38.769959910398583, 2.842027201255247 ], [ 38.770026986789198, 2.842077871809306 ], [ 38.770097695252694, 2.842128130396355 ], [ 38.770172265793882, 2.842178139002186 ], [ 38.770250763414211, 2.842227954621895 ], [ 38.770333841127012, 2.842278002218075 ], [ 38.770422083944538, 2.842328636759348 ], [ 38.770516632890157, 2.842380514188183 ], [ 38.770635535333923, 2.842441604799509 ], [ 38.770759702881719, 2.842499905648862 ], [ 38.77088922053548, 2.842555454733067 ], [ 38.771024207297472, 2.842608303047434 ], [ 38.771164726169111, 2.842658480589317 ], [ 38.771311067156219, 2.842706095349139 ], [ 38.771463492264282, 2.842751232319424 ], [ 38.771622422501828, 2.842794016489028 ], [ 38.771735163796031, 2.842821103054829 ], [ 38.771860224338354, 2.842847598662726 ], [ 38.771997994136797, 2.842873828284257 ], [ 38.772206783375736, 2.842910874914284 ], [ 38.7726746498738, 2.842992748461607 ], [ 38.772832221070423, 2.843017274216084 ], [ 38.77297460795684, 2.843036657428151 ], [ 38.773116616833136, 2.843052576940876 ], [ 38.773250564543282, 2.843063795867382 ], [ 38.773378451127854, 2.843070479191964 ], [ 38.773501365608738, 2.843072679909126 ], [ 38.773572249037493, 2.843071272978141 ], [ 38.77373340528311, 2.843064435450756 ], [ 38.773807030767621, 2.843063690460351 ], [ 38.773899071626502, 2.843066884114454 ], [ 38.773994934565572, 2.843074062420084 ], [ 38.774095528602835, 2.843085287371008 ], [ 38.774202589773857, 2.843100752949292 ], [ 38.774304874849946, 2.84311828235201 ], [ 38.774418834164848, 2.843140209364588 ], [ 38.774822919378714, 2.843225495663495 ], [ 38.774923523424739, 2.843248202618372 ], [ 38.775186486777443, 2.84331380373062 ], [ 38.775264670366653, 2.843330307240449 ], [ 38.775335357801445, 2.843342354142495 ], [ 38.77542319358124, 2.843353315125919 ], [ 38.775521636573124, 2.843361784317461 ], [ 38.775847797164147, 2.843378310639826 ], [ 38.776477341891095, 2.843417224793027 ], [ 38.776747289346538, 2.843431542349039 ], [ 38.777024470944397, 2.843441079314328 ], [ 38.777151443506881, 2.843442977054692 ], [ 38.777272789954459, 2.843443000961849 ], [ 38.777401015539127, 2.843440862051488 ], [ 38.777524501026548, 2.843436439342789 ], [ 38.777643928430422, 2.84342970883732 ], [ 38.77775976276007, 2.843420642537252 ], [ 38.777872511025713, 2.843409197445752 ], [ 38.777982344230807, 2.843395351564777 ], [ 38.778089518380412, 2.843379072896822 ], [ 38.778194228478469, 2.843360330444515 ], [ 38.778313450863394, 2.843333628671817 ], [ 38.77858983438481, 2.843261815695118 ], [ 38.778660410796739, 2.843246216995523 ], [ 38.77872464808376, 2.843234480965624 ], [ 38.778802912653966, 2.843223316875661 ], [ 38.778890599415334, 2.843213584654372 ], [ 38.779183146298102, 2.843189535521863 ], [ 38.779466887000119, 2.84316130175899 ], [ 38.780088179477659, 2.843089077560075 ], [ 38.780362092981044, 2.843060377844949 ], [ 38.780511360981954, 2.843047277869848 ], [ 38.780650445779735, 2.843037285632657 ], [ 38.780782087429643, 2.843030206148403 ], [ 38.780907652958952, 2.843025970421866 ], [ 38.781049953828052, 2.843024582435903 ], [ 38.781186349580892, 2.843027122113492 ], [ 38.781317710235143, 2.843033606452692 ], [ 38.781444607802285, 2.843044064450468 ], [ 38.781567670295019, 2.843058556101242 ], [ 38.781687092717391, 2.84307711240209 ], [ 38.781803177075389, 2.843099782348542 ], [ 38.781916154373889, 2.843126608936609 ], [ 38.782096761052983, 2.843175821532156 ], [ 38.782251631211764, 2.843223393289169 ], [ 38.782391347066095, 2.843272586916858 ], [ 38.7825184946688, 2.843324370329309 ], [ 38.782592228181962, 2.843359468229217 ], [ 38.782671563813892, 2.843402613426838 ], [ 38.782754315519576, 2.843452022078504 ], [ 38.782987852337492, 2.843597632271501 ], [ 38.783061972863734, 2.843639947545045 ], [ 38.783129825258158, 2.84367494845776 ], [ 38.783217711059628, 2.84371404300033 ], [ 38.783318363117779, 2.843752069626082 ], [ 38.783416536122047, 2.843784791713885 ], [ 38.783654545977527, 2.843859351067402 ], [ 38.783774167421072, 2.843901233344427 ], [ 38.783832531615396, 2.843924441287334 ], [ 38.783886417719771, 2.843948164188957 ], [ 38.78393671675245, 2.843972793014659 ], [ 38.783983890722958, 2.843998559743987 ], [ 38.784028754647878, 2.844025692356571 ], [ 38.784077607656883, 2.844057662546446 ], [ 38.784247509171976, 2.844177178050871 ], [ 38.784316526598118, 2.844223288998906 ], [ 38.784440399153965, 2.844300938169768 ], [ 38.784561133642967, 2.844373905749272 ], [ 38.784679287076756, 2.844442528707529 ], [ 38.784795226462812, 2.844507019025979 ], [ 38.784909369809789, 2.844567605684377 ], [ 38.785021840120123, 2.844624349677429 ], [ 38.785132837398024, 2.84467735099632 ], [ 38.785242513646445, 2.844726683634435 ], [ 38.78538497656497, 2.844787776227786 ], [ 38.785508208087769, 2.844838378745603 ], [ 38.78562211241772, 2.844882551828179 ], [ 38.785729203606174, 2.844921245391213 ], [ 38.785832920723365, 2.844955633330211 ], [ 38.785932722758254, 2.844985462667769 ], [ 38.786029430727552, 2.845010979381688 ], [ 38.786123549641594, 2.845032315460239 ], [ 38.78620552530554, 2.845046695151418 ], [ 38.786388443013337, 2.845072086811634 ], [ 38.786465175571294, 2.845086250525455 ], [ 38.786522854745193, 2.845100518244525 ], [ 38.786586489042648, 2.845119644537596 ], [ 38.786783636069856, 2.845188677401184 ], [ 38.786849060405231, 2.845210179486735 ], [ 38.786906594577736, 2.845226656014296 ], [ 38.786959634656654, 2.845239065898034 ], [ 38.787019978881531, 2.845249682931692 ], [ 38.787087334246195, 2.845258166145396 ], [ 38.787158266681416, 2.845264516541363 ], [ 38.787357078701518, 2.845278886145846 ], [ 38.7874179169333, 2.845285304543475 ], [ 38.787472073031225, 2.845293000835262 ], [ 38.787545497521684, 2.845306137640645 ], [ 38.787619936034488, 2.845321710233979 ], [ 38.787695542572592, 2.845339751612199 ], [ 38.787772521140333, 2.845360307771258 ], [ 38.787850998740161, 2.845383410708195 ], [ 38.787931390380528, 2.845409176412736 ], [ 38.788014066069032, 2.845437724874206 ], [ 38.788099587817108, 2.845469248075365 ], [ 38.788245561803883, 2.845527123945123 ], [ 38.788406919108915, 2.845595875859839 ], [ 38.78856261030036, 2.845665488704089 ], [ 38.788947708197178, 2.845841460149593 ], [ 38.789153233408513, 2.845931233207539 ], [ 38.78927719594877, 2.845985551402479 ], [ 38.789612813830843, 2.846138961842274 ], [ 38.789715880941735, 2.846182591979999 ], [ 38.789809514856955, 2.846218886761168 ], [ 38.789899999704403, 2.846249407045707 ], [ 38.7901170851312, 2.846315315165414 ], [ 38.790173187276793, 2.846334556454146 ], [ 38.790223062296867, 2.846353723753954 ], [ 38.79029767082568, 2.846386434860325 ], [ 38.790373976392608, 2.846424317516673 ], [ 38.790452788014235, 2.846467769688078 ], [ 38.790535682722961, 2.846517656298129 ], [ 38.790673821575922, 2.846608281332707 ], [ 38.79096064950906, 2.846808895713981 ], [ 38.791086118101738, 2.846893075317221 ], [ 38.791478879210977, 2.847147429957057 ], [ 38.791731989439775, 2.84731528820526 ], [ 38.791960777170651, 2.847473082344839 ], [ 38.792164937397693, 2.847621199342393 ], [ 38.792344745124382, 2.84775693043275 ], [ 38.792499067325529, 2.847876886910628 ], [ 38.792638911229332, 2.847989634024818 ], [ 38.792767278898083, 2.848097626560042 ], [ 38.792991069556074, 2.848293092435356 ], [ 38.793179041473337, 2.848463726491719 ], [ 38.79334713098195, 2.848624009461006 ], [ 38.793498975157988, 2.848777503031448 ], [ 38.793570824663533, 2.8488538133576 ], [ 38.793639406102557, 2.848929311756573 ], [ 38.793704896478815, 2.849004196211257 ], [ 38.793767426795057, 2.849078614708546 ], [ 38.793827133054066, 2.849152731234129 ], [ 38.793884074257193, 2.849226621781374 ], [ 38.793938323405982, 2.849300382341908 ], [ 38.793989940501604, 2.849374091908841 ], [ 38.794038926543948, 2.849447551499504 ], [ 38.794087987590515, 2.849524532784545 ], [ 38.794187266715767, 2.849690540308892 ], [ 38.794289886922492, 2.84987552318471 ], [ 38.794403488375075, 2.850093227213731 ], [ 38.794470720834667, 2.850233045034197 ], [ 38.794538674321878, 2.850390393333327 ], [ 38.794605485794257, 2.85055890166525 ], [ 38.794732840613797, 2.850897206222179 ], [ 38.794787767826648, 2.851038815896518 ], [ 38.794848460159685, 2.85118579410084 ], [ 38.794906938435531, 2.851315757782839 ], [ 38.794969501791876, 2.851443348667604 ], [ 38.795115046938072, 2.851727512907692 ], [ 38.795176643275042, 2.851855108792889 ], [ 38.795273184371389, 2.852056477252175 ], [ 38.795312003217788, 2.852142042800425 ], [ 38.795347816006583, 2.852231643001011 ], [ 38.795374427604081, 2.852313557875089 ], [ 38.795388958942219, 2.852374172606071 ], [ 38.795400264220795, 2.852442323685636 ], [ 38.795408466440378, 2.852515253353137 ], [ 38.795426641961612, 2.85272340928263 ], [ 38.795435420186152, 2.85278731873207 ], [ 38.795446349448639, 2.852843920813894 ], [ 38.795468060952864, 2.852933229050437 ], [ 38.795493288529364, 2.853024458117617 ], [ 38.795522018178005, 2.85311756001978 ], [ 38.795554230898148, 2.853212477761883 ], [ 38.795586083603986, 2.853297941324303 ], [ 38.795621494382473, 2.853384591781199 ], [ 38.795660519234872, 2.853472567120393 ], [ 38.795703242162915, 2.85356205532553 ], [ 38.795749702167569, 2.853653151388527 ], [ 38.795800120253432, 2.853746302270127 ], [ 38.795854708425395, 2.853841902936298 ], [ 38.795913837691067, 2.853940602330167 ], [ 38.795947759414524, 2.853993529713516 ], [ 38.795987745263837, 2.85405131267107 ], [ 38.796161846950675, 2.854288099000206 ], [ 38.796197631711671, 2.854340884394475 ], [ 38.796228494370482, 2.854390062105358 ], [ 38.796273471334842, 2.854467097389139 ], [ 38.796316980270731, 2.854545838526106 ], [ 38.796358947176749, 2.854626155527492 ], [ 38.796399301051274, 2.854707909405485 ], [ 38.796437971892949, 2.854790961172094 ], [ 38.796474884699869, 2.854875147841678 ], [ 38.79650996747074, 2.854960308428157 ], [ 38.796543150203732, 2.855046272946308 ], [ 38.796565137696405, 2.855112466187884 ], [ 38.796585066154464, 2.85518805061645 ], [ 38.796601341538327, 2.855262872113884 ], [ 38.796638371425203, 2.855451180751404 ], [ 38.796662243980258, 2.855550265138554 ], [ 38.796677411323643, 2.855600686753404 ], [ 38.796693902690585, 2.855646868735026 ], [ 38.796712019087735, 2.855689649010491 ], [ 38.796731943519092, 2.855729451542918 ], [ 38.796754493001629, 2.855766850281864 ], [ 38.796783065607691, 2.855806939782923 ], [ 38.796883991734319, 2.855929811048769 ], [ 38.796917100433994, 2.855972880287933 ], [ 38.796944505017166, 2.856014004700103 ], [ 38.79696568847347, 2.856053062296239 ], [ 38.796985681910478, 2.856098566334 ], [ 38.797003718310272, 2.856147091111279 ], [ 38.79701983167363, 2.856198725620249 ], [ 38.797034069001612, 2.856253622847619 ], [ 38.797046438294359, 2.856311748796329 ], [ 38.797057075554925, 2.856373666417403 ], [ 38.797066064785405, 2.856439855669275 ], [ 38.797073569990083, 2.856511511448007 ], [ 38.797079780179864, 2.856598130929728 ], [ 38.797081830279645, 2.856676771106688 ], [ 38.797079771292303, 2.856749535796534 ], [ 38.797073570217592, 2.856817143936719 ], [ 38.797060292005881, 2.856892337424271 ], [ 38.797038514627957, 2.856974603304709 ], [ 38.797009137101305, 2.857062954663067 ], [ 38.796956699148673, 2.857203679495796 ], [ 38.796921445503315, 2.857291677889189 ], [ 38.796880484744413, 2.857381787103785 ], [ 38.796833446865193, 2.857474833068204 ], [ 38.796779558851128, 2.857572351649843 ], [ 38.796724135803188, 2.857665877579001 ], [ 38.796659736581312, 2.857768929688603 ], [ 38.79643527031007, 2.858111589134974 ], [ 38.796324548200701, 2.858277234850053 ], [ 38.796200015821078, 2.858453933616939 ], [ 38.796058550111695, 2.858646308036789 ], [ 38.795877881645971, 2.858884660498165 ], [ 38.795585576040864, 2.859272975036165 ], [ 38.795506915530098, 2.859374284307962 ], [ 38.795435001146473, 2.859463620613114 ], [ 38.795356387630619, 2.859556822588071 ], [ 38.795280434162336, 2.859641828272006 ], [ 38.795205781715239, 2.859720157534052 ], [ 38.795131698275263, 2.859792570308909 ], [ 38.795087317410264, 2.859832826850499 ], [ 38.795036294413734, 2.859876219125185 ], [ 38.794819867179463, 2.860050794145816 ], [ 38.794736131546301, 2.860125170757627 ], [ 38.794625300393434, 2.860235391280785 ], [ 38.794475417489807, 2.860394846562958 ], [ 38.794320152486328, 2.860566065828763 ], [ 38.79417249463615, 2.860737011112718 ], [ 38.794032454939298, 2.860907669415855 ], [ 38.793900048396246, 2.861078026739374 ], [ 38.793843450312167, 2.861154926112099 ], [ 38.793786247219572, 2.861236618069465 ], [ 38.793727854107075, 2.861323931540261 ], [ 38.793667166953732, 2.861418515382175 ], [ 38.793556783862094, 2.861598680838547 ], [ 38.793287055761503, 2.862052916643534 ], [ 38.793208679275224, 2.86217931173971 ], [ 38.793135885890905, 2.862291568058096 ], [ 38.793001136320072, 2.862488012121077 ], [ 38.79266899297081, 2.86295570080694 ], [ 38.792582338318319, 2.863083044827218 ], [ 38.792506574877351, 2.863199477785736 ], [ 38.792399195840638, 2.863372041899618 ], [ 38.792293088832892, 2.863549006630916 ], [ 38.792188197853037, 2.863730464971622 ], [ 38.792084457899747, 2.863916530911819 ], [ 38.79198181697214, 2.864107294443931 ], [ 38.791880171068335, 2.864302946551313 ], [ 38.791779430186558, 2.864503661218962 ], [ 38.791679481324678, 2.864709663427473 ], [ 38.791636657530098, 2.864802149438363 ], [ 38.79153610867025, 2.865027009011864 ], [ 38.791481698658217, 2.86514114515382 ], [ 38.791433272751874, 2.865235251028456 ], [ 38.791380604762018, 2.865332207659117 ], [ 38.791323217679938, 2.865432894969741 ], [ 38.791260186487911, 2.865538942819716 ], [ 38.791123989904278, 2.865757242989317 ], [ 38.790888348423785, 2.866120968621303 ], [ 38.790815285038946, 2.866239646383555 ], [ 38.790649644911191, 2.866524350816437 ], [ 38.79060543207278, 2.866595752657253 ], [ 38.790563899282418, 2.866658818218981 ], [ 38.790510583262709, 2.866733224806066 ], [ 38.790457604243741, 2.866799469100753 ], [ 38.790403912205285, 2.866858860990337 ], [ 38.790348940136354, 2.866912017421609 ], [ 38.790298535151422, 2.866954168803953 ], [ 38.790239277988874, 2.866997698073415 ], [ 38.790178694797333, 2.867038225604232 ], [ 38.790019821669297, 2.867139917904526 ], [ 38.789935393011284, 2.867199672785884 ], [ 38.789815994674711, 2.8672952095903 ], [ 38.789695676326566, 2.867400059587689 ], [ 38.789573308944782, 2.867515196694523 ], [ 38.789446814488912, 2.867642571743082 ], [ 38.789327944186084, 2.867769084860686 ], [ 38.789198126675906, 2.86791335744641 ], [ 38.78875768317355, 2.868422204648452 ], [ 38.788657597242768, 2.868539586543997 ], [ 38.788432939914884, 2.868811085167643 ], [ 38.788326155853674, 2.868934588537408 ], [ 38.788229025974651, 2.869041346352203 ], [ 38.788125955977677, 2.869150643951184 ], [ 38.788016079845995, 2.869263403255127 ], [ 38.787897796548584, 2.86938126812273 ], [ 38.787776702194385, 2.869498951008159 ], [ 38.787641462563187, 2.869627720942808 ], [ 38.787247337889383, 2.869995315361286 ], [ 38.787127921561414, 2.870102866124226 ], [ 38.786890692930115, 2.870307619546496 ], [ 38.78679357203557, 2.870393401180689 ], [ 38.78669464710913, 2.870485240290821 ], [ 38.786609036446407, 2.87057062395074 ], [ 38.786516654657582, 2.870670040398922 ], [ 38.786423814864946, 2.87077674021573 ], [ 38.786329748053738, 2.870891603325598 ], [ 38.786233091197602, 2.871016288585661 ], [ 38.786138161379021, 2.871144649525631 ], [ 38.786035645419297, 2.871288744106971 ], [ 38.78592804736568, 2.871444448685331 ], [ 38.785745982894049, 2.871712252598654 ], [ 38.785702127059608, 2.87177912983207 ], [ 38.78558088675863, 2.871971898206707 ], [ 38.785541050998887, 2.872030180182497 ], [ 38.785503248274345, 2.872080809820537 ], [ 38.785448777224353, 2.872145857220724 ], [ 38.785383968969178, 2.872215146260889 ], [ 38.785319915724884, 2.872278668800619 ], [ 38.78516880178541, 2.872423427361334 ], [ 38.785098691424501, 2.872494313267103 ], [ 38.784984553214862, 2.872617757648296 ], [ 38.784868590974888, 2.872749798285429 ], [ 38.784749580680931, 2.872891821059279 ], [ 38.784625164287419, 2.873046638727589 ], [ 38.784519119250781, 2.873182963985851 ], [ 38.78440263101615, 2.873336369770739 ], [ 38.784028104840019, 2.873840723317186 ], [ 38.783892044231322, 2.874021780719128 ], [ 38.783758868674845, 2.874194638829994 ], [ 38.783636031312753, 2.874348810553487 ], [ 38.78351206292426, 2.87449817769456 ], [ 38.783391918604444, 2.874636214815231 ], [ 38.783273838319388, 2.874764940741927 ], [ 38.783156819049374, 2.874885441381056 ], [ 38.783066809299122, 2.874972420906502 ], [ 38.782835975804304, 2.875187224454174 ], [ 38.782772114563294, 2.875249931064855 ], [ 38.782716301481038, 2.875307934077296 ], [ 38.782667032528188, 2.875362483384265 ], [ 38.782613975504482, 2.875424475048727 ], [ 38.782426303892358, 2.875655480158998 ], [ 38.782347705376672, 2.875748405160407 ], [ 38.782261555709766, 2.875842647053459 ], [ 38.782161773773154, 2.875944100331391 ], [ 38.782062221837329, 2.876040273067077 ], [ 38.781810620940526, 2.876277644673887 ], [ 38.781679348390398, 2.876407765489905 ], [ 38.781613451113429, 2.876477403501159 ], [ 38.781553667957809, 2.876544328743071 ], [ 38.78149892590271, 2.876609743112152 ], [ 38.781448690937893, 2.876674292552848 ], [ 38.781333668741048, 2.876838588393198 ], [ 38.781295858016968, 2.876890033960779 ], [ 38.78122854272064, 2.876971916911307 ], [ 38.781148440170078, 2.877058698446893 ], [ 38.781067356595372, 2.877139774477859 ], [ 38.78086169159576, 2.87733796744768 ], [ 38.780805554506124, 2.877394869556032 ], [ 38.780756449555064, 2.877447364041254 ], [ 38.780557826716333, 2.877670738822136 ], [ 38.780378494257405, 2.877881855651549 ], [ 38.780214538103017, 2.878085334131629 ], [ 38.780137759629092, 2.878184912555212 ], [ 38.780064207219318, 2.878283360074338 ], [ 38.779874794595173, 2.878545090522751 ], [ 38.779800923184958, 2.878651444356644 ], [ 38.779734557920698, 2.87875054581375 ], [ 38.77967251274174, 2.878847309470206 ], [ 38.779615730666308, 2.878940439437826 ], [ 38.779563608682807, 2.879030924631305 ], [ 38.779515808785035, 2.879119355999621 ], [ 38.779448474525481, 2.879250761656347 ], [ 38.779390864451962, 2.879368688474523 ], [ 38.779340061510055, 2.879479120937488 ], [ 38.779295193683744, 2.879583988878367 ], [ 38.779255265954717, 2.879685748085087 ], [ 38.779220424325736, 2.879784166577628 ], [ 38.7791904417928, 2.879879891300121 ], [ 38.779165193353663, 2.879973330217228 ], [ 38.779136753873551, 2.880098030426138 ], [ 38.779113712501058, 2.880220927787239 ], [ 38.779096197238069, 2.88034133835986 ], [ 38.779084282085826, 2.880458747188552 ], [ 38.77907905004021, 2.880538585269901 ], [ 38.779075953037186, 2.880617794404123 ], [ 38.779074997076727, 2.8806961726088 ], [ 38.779076185158758, 2.88077354689891 ], [ 38.779079513283072, 2.880849735290225 ], [ 38.779084975449443, 2.880924623792622 ], [ 38.779092562657539, 2.880998085417195 ], [ 38.779102262907166, 2.881070012173221 ], [ 38.779119711332378, 2.881167629695694 ], [ 38.77914382889815, 2.881273250519305 ], [ 38.779175061615305, 2.881389414423353 ], [ 38.779219134615381, 2.881537450554094 ], [ 38.77925193835344, 2.881639274700314 ], [ 38.779290177206313, 2.881747897252982 ], [ 38.779334737193665, 2.881865938984142 ], [ 38.779389948411527, 2.88200488889431 ], [ 38.779484152482354, 2.882232207112928 ], [ 38.77956462924076, 2.882412255440515 ], [ 38.779604139099391, 2.882494477281361 ], [ 38.779643413949685, 2.88257191653712 ], [ 38.779682818799635, 2.882645292145147 ], [ 38.779722584654088, 2.882715035067847 ], [ 38.779749335226207, 2.882758395287912 ], [ 38.779779123860251, 2.882802642428846 ], [ 38.779812259562817, 2.882848239450223 ], [ 38.779849388347685, 2.882896078274203 ], [ 38.779921193860737, 2.88298241073416 ], [ 38.780096867555699, 2.883184229102106 ], [ 38.780141456495592, 2.88323826338324 ], [ 38.780180219314737, 2.883287915048695 ], [ 38.780218066117236, 2.883339979505756 ], [ 38.780251495829255, 2.883390228123552 ], [ 38.780281034461986, 2.883439455832824 ], [ 38.780306946021177, 2.883488105595002 ], [ 38.780336634668075, 2.883552048028296 ], [ 38.780366394323181, 2.883625107671075 ], [ 38.780453406261124, 2.883868624490918 ], [ 38.780486748998946, 2.883955543929282 ], [ 38.78052285978989, 2.884038904674171 ], [ 38.780566480738301, 2.884130109733078 ], [ 38.780612971744233, 2.884220986818405 ], [ 38.780739802483062, 2.884461437874004 ], [ 38.780806942940757, 2.884599213877331 ], [ 38.78083971965853, 2.884674572318504 ], [ 38.78086739527032, 2.884745913112011 ], [ 38.780890505788051, 2.884814627136699 ], [ 38.780909287217114, 2.884881430330285 ], [ 38.780934225803449, 2.88499227370085 ], [ 38.780955543324239, 2.885113146204644 ], [ 38.78097372579122, 2.885246532625808 ], [ 38.780990199240975, 2.885402804064025 ], [ 38.780998705494959, 2.885512466549418 ], [ 38.781004396698748, 2.885630824283156 ], [ 38.781007450857985, 2.885760733017389 ], [ 38.781008179988767, 2.885915187625294 ], [ 38.781008873150135, 2.886111266624217 ], [ 38.781006942188689, 2.886214338689106 ], [ 38.781000876140361, 2.886312736162414 ], [ 38.780990199991095, 2.886400604552145 ], [ 38.780976195766407, 2.886477451900023 ], [ 38.780957248446335, 2.886560105748176 ], [ 38.780932959024483, 2.886650576922556 ], [ 38.780900298448195, 2.886760172445269 ], [ 38.780870531916264, 2.886851289567883 ], [ 38.780835788287689, 2.886947331267373 ], [ 38.780795452551402, 2.887050046392463 ], [ 38.78074746666978, 2.88716468648948 ], [ 38.780691287632287, 2.887291878504542 ], [ 38.780637745637669, 2.887405293712006 ], [ 38.780584816648222, 2.887509206742882 ], [ 38.780531702649135, 2.887605157464298 ], [ 38.780486985802938, 2.887679216077366 ], [ 38.780437647864602, 2.887754724568279 ], [ 38.78038327982631, 2.887832313882522 ], [ 38.780323088673043, 2.88791311792257 ], [ 38.780260361468095, 2.887993158030723 ], [ 38.780189045095334, 2.888080534509429 ], [ 38.779974313954348, 2.888333282759488 ], [ 38.779916074828961, 2.888398830120841 ], [ 38.779848550520256, 2.888469623034374 ], [ 38.779612463932786, 2.888701425116876 ], [ 38.779524998235892, 2.888790815433349 ], [ 38.779441657624716, 2.888883686444861 ], [ 38.779405328925307, 2.888927967633383 ], [ 38.779371973285279, 2.888971516883045 ], [ 38.77931949028202, 2.889045041548512 ], [ 38.77926768029527, 2.889122504871886 ], [ 38.779216398322355, 2.889204125834485 ], [ 38.779165433359232, 2.889290234407802 ], [ 38.779114734404821, 2.889380891586508 ], [ 38.779063726448427, 2.88947709428478 ], [ 38.779011938481069, 2.88957972642624 ], [ 38.778958426485126, 2.889690652849821 ], [ 38.77889220625876, 2.889835847312221 ], [ 38.778832835167258, 2.889976743142121 ], [ 38.778780041205692, 2.890113990283343 ], [ 38.778733673371377, 2.890247982701877 ], [ 38.77867936940001, 2.890412710461793 ], [ 38.778651096901541, 2.890508001221995 ], [ 38.778629743538524, 2.890597882445844 ], [ 38.778616801338892, 2.890679464382846 ], [ 38.778613370300114, 2.890719893880347 ], [ 38.778612063305701, 2.890762351200419 ], [ 38.778612863355661, 2.890807288303933 ], [ 38.77861578445102, 2.890855607112759 ], [ 38.778625172707194, 2.890944357411309 ], [ 38.778653053423923, 2.891149335619377 ], [ 38.778661752672036, 2.891245784251087 ], [ 38.778666148836223, 2.891346043555761 ], [ 38.778668635970647, 2.891457992848425 ], [ 38.778670917375642, 2.891934447540407 ], [ 38.778674259526099, 2.892044664982675 ], [ 38.778679733711805, 2.892144703305765 ], [ 38.778698706283897, 2.892396044501433 ], [ 38.778718392832452, 2.89259715405151 ], [ 38.778741793441093, 2.892778525309955 ], [ 38.77876963612794, 2.892944741878859 ], [ 38.778791835661728, 2.89305878797495 ], [ 38.778811063117566, 2.893149043135815 ], [ 38.778830452569821, 2.893230204085016 ], [ 38.778850547030956, 2.89330430964529 ], [ 38.778881064720565, 2.89340263409799 ], [ 38.778916565512979, 2.893503926289605 ], [ 38.778957221412071, 2.893608688176533 ], [ 38.779003380425372, 2.893717812681168 ], [ 38.77905248149704, 2.893825665293734 ], [ 38.779101410559065, 2.893925234624652 ], [ 38.779150851626092, 2.894017907552929 ], [ 38.779201164706073, 2.89410434802096 ], [ 38.779240000533505, 2.894162814922816 ], [ 38.779287891546616, 2.894225262472663 ], [ 38.779336576572057, 2.894282982431719 ], [ 38.779454921060456, 2.894417374690821 ], [ 38.779510902241263, 2.894485850711958 ], [ 38.779558873259326, 2.894552843867626 ], [ 38.779596732071155, 2.89461673230025 ], [ 38.779627380735391, 2.894677858977741 ], [ 38.779656211364973, 2.89474160642937 ], [ 38.779683129957817, 2.894807765673488 ], [ 38.779708035511703, 2.894876089731387 ], [ 38.779730843024751, 2.894946351622967 ], [ 38.779751428494144, 2.895018180380273 ], [ 38.779769688917455, 2.895091223034311 ], [ 38.779785525292638, 2.895165073620051 ], [ 38.779796825574344, 2.89523630643615 ], [ 38.779804306785692, 2.895316480480071 ], [ 38.779808105921795, 2.895395367638436 ], [ 38.779813622184449, 2.895596081234259 ], [ 38.779821486424829, 2.895704424836005 ], [ 38.779840357928599, 2.895867713666007 ], [ 38.77985916041154, 2.896005100741592 ], [ 38.77987967091903, 2.896129516940332 ], [ 38.779902398463662, 2.896243777017879 ], [ 38.779930062109209, 2.896359870932679 ], [ 38.779962588853508, 2.896476768774073 ], [ 38.779999975696398, 2.896594461542843 ], [ 38.780042219637892, 2.896712942239686 ], [ 38.780089318677881, 2.896832204865037 ], [ 38.78014127081638, 2.896952241419585 ], [ 38.780198073053242, 2.897073047903683 ], [ 38.780259723388532, 2.897194617318025 ], [ 38.780326201821609, 2.897316916665395 ], [ 38.780397522353077, 2.897439973943359 ], [ 38.780473684982731, 2.897563786152262 ], [ 38.780554689710584, 2.897688357291675 ], [ 38.780640534536765, 2.897813682362024 ], [ 38.780731236461385, 2.89793978736105 ], [ 38.780826807484857, 2.898066691287188 ], [ 38.780927277607823, 2.898194432137119 ], [ 38.781004892244816, 2.898289209861829 ], [ 38.781081561859118, 2.898379062014289 ], [ 38.781157526455637, 2.898464271569806 ], [ 38.781232943037764, 2.898545010513278 ], [ 38.781360006701121, 2.898678183871965 ], [ 38.781437562323482, 2.898755051149384 ], [ 38.781512535886414, 2.898822245267314 ], [ 38.781583559360776, 2.898877610413764 ], [ 38.781641165551648, 2.89891589105137 ], [ 38.781704076847674, 2.898951845886618 ], [ 38.781772932262164, 2.898985846886633 ], [ 38.781849054822231, 2.8990185509936 ], [ 38.781916202195937, 2.89904424971455 ], [ 38.781992083746552, 2.899070778357054 ], [ 38.78226118023899, 2.899156674705723 ], [ 38.782365703373983, 2.899192231543701 ], [ 38.782428631658682, 2.899212634727015 ], [ 38.782500082114097, 2.899231595028877 ], [ 38.782578068700253, 2.899248999460676 ], [ 38.782802074252729, 2.89929455234101 ], [ 38.782870233639983, 2.899311176847848 ], [ 38.782929841855371, 2.899328483302149 ], [ 38.782996532218505, 2.89935233418374 ], [ 38.783055897436093, 2.89937919580991 ], [ 38.783109143533068, 2.899409615132372 ], [ 38.783156837520899, 2.899443929121333 ], [ 38.783226499971349, 2.899504049856527 ], [ 38.78328776925337, 2.899565147513434 ], [ 38.783339613345078, 2.899626186182731 ], [ 38.783361856816605, 2.899656513536725 ], [ 38.78338159223744, 2.899686636910475 ], [ 38.783403617711109, 2.899725652511494 ], [ 38.783423788150088, 2.899768124814299 ], [ 38.783442118554525, 2.899814084816284 ], [ 38.78345863592503, 2.899863600511365 ], [ 38.783473333261483, 2.899916608905002 ], [ 38.783486312566296, 2.89997343696889 ], [ 38.783497636840679, 2.900034351679862 ], [ 38.783507454088408, 2.900100139969388 ], [ 38.783512357229739, 2.900156368091495 ], [ 38.783512457276373, 2.90021541397298 ], [ 38.783507763228968, 2.900277913558758 ], [ 38.783498182086447, 2.900345131739096 ], [ 38.783486879902497, 2.900403335702385 ], [ 38.783471800647511, 2.900468385075019 ], [ 38.783397766368005, 2.900751219613885 ], [ 38.783383042122999, 2.900819948667345 ], [ 38.783372602959417, 2.900882200279122 ], [ 38.783326427270701, 2.901203113496002 ], [ 38.783303938953871, 2.901384035830071 ], [ 38.783295226844736, 2.901472125200767 ], [ 38.783288842778425, 2.901554866033331 ], [ 38.783284679754118, 2.901633649207212 ], [ 38.783282701771263, 2.901709206659139 ], [ 38.783280174891409, 2.901935486046304 ], [ 38.783281334971278, 2.902010295560723 ], [ 38.783284221080315, 2.902077439738189 ], [ 38.783289377234667, 2.902144076957917 ], [ 38.783296767430734, 2.902206257562245 ], [ 38.783306501671404, 2.902264894471941 ], [ 38.783318662958742, 2.902320471645028 ], [ 38.783339343432772, 2.902395830097038 ], [ 38.783364378995628, 2.902472362443801 ], [ 38.783393551642291, 2.902549400743595 ], [ 38.783426545365728, 2.902626104069487 ], [ 38.78345749903567, 2.902686459814062 ], [ 38.783497031881375, 2.902750307249443 ], [ 38.78354309985987, 2.902815660549253 ], [ 38.783640070912583, 2.902943709375614 ], [ 38.783679768754567, 2.902998322611273 ], [ 38.783718714584488, 2.903057014493945 ], [ 38.783750191260602, 2.903111520745153 ], [ 38.783781650943119, 2.903175066212873 ], [ 38.783845917347968, 2.903318598722049 ], [ 38.783876053003048, 2.903381196272973 ], [ 38.783909788730448, 2.903443241869038 ], [ 38.78395049560261, 2.903510859976673 ], [ 38.784087275518722, 2.903718837844265 ], [ 38.784131667467186, 2.903788998728634 ], [ 38.784168702262086, 2.903852421202787 ], [ 38.784199699932024, 2.903911559052955 ], [ 38.784239570799492, 2.903995228769877 ], [ 38.784276815613779, 2.904078662509249 ], [ 38.78431137337364, 2.90416172428298 ], [ 38.784343197078044, 2.904244299100978 ], [ 38.784372238725808, 2.904326265973843 ], [ 38.784398476316454, 2.90440755290774 ], [ 38.784421880849422, 2.90448807790988 ], [ 38.784442434324291, 2.904567769986425 ], [ 38.784465605871134, 2.9046727518688 ], [ 38.784485364351838, 2.904781434433059 ], [ 38.784501638764844, 2.904893432712505 ], [ 38.784514356108218, 2.90500824075119 ], [ 38.784523292373635, 2.905120753991682 ], [ 38.784528716566456, 2.905230958435074 ], [ 38.784530619686343, 2.905338665097562 ], [ 38.784528999733148, 2.905443730991794 ], [ 38.784523859706908, 2.90554600013101 ], [ 38.784515205607597, 2.905645399521793 ], [ 38.78450304443539, 2.905741840171662 ], [ 38.784487386190222, 2.905835247087196 ], [ 38.784469624897874, 2.905922337551863 ], [ 38.784449817562461, 2.906006912236138 ], [ 38.784427994184291, 2.906088834151951 ], [ 38.784404183763975, 2.906168002307934 ], [ 38.784378419302101, 2.906244305713762 ], [ 38.784350718798983, 2.906317697373403 ], [ 38.784321106255078, 2.90638811229264 ], [ 38.784289602670661, 2.906455502475437 ], [ 38.784242224783711, 2.906546137655515 ], [ 38.784190039798865, 2.90663549894977 ], [ 38.784133678727947, 2.906722505451324 ], [ 38.784073839584352, 2.906806081252899 ], [ 38.784025553656271, 2.906866586045436 ], [ 38.783971792617699, 2.906927011849008 ], [ 38.783912089459662, 2.906987887618076 ], [ 38.783845514164049, 2.90705016727075 ], [ 38.783777330833757, 2.907109552175509 ], [ 38.783699333309222, 2.907173727672674 ], [ 38.783444529320505, 2.907372400647175 ], [ 38.783333161140312, 2.907459704165194 ], [ 38.783264331791464, 2.90751174770683 ], [ 38.783199288514545, 2.90755787775818 ], [ 38.783138863325512, 2.907597131401991 ], [ 38.783079678157009, 2.90763047155755 ], [ 38.782944003472373, 2.907698879731935 ], [ 38.782887139350514, 2.907731968907369 ], [ 38.782835155329508, 2.907768319796362 ], [ 38.782722749129292, 2.907856705221466 ], [ 38.782671376121208, 2.907893775047657 ], [ 38.782631260331456, 2.907919384858577 ], [ 38.782588342484793, 2.907944446719177 ], [ 38.782491895577181, 2.907994182482098 ], [ 38.78239608067755, 2.908037687784499 ], [ 38.782156483922449, 2.908139922106594 ], [ 38.782091006624682, 2.908170263526852 ], [ 38.782033074478271, 2.908199408044983 ], [ 38.781954933934358, 2.908241855425667 ], [ 38.781874799353034, 2.90828797848924 ], [ 38.78179200972118, 2.908338156203389 ], [ 38.78170539601583, 2.908393093507968 ], [ 38.781519498360652, 2.908517682851326 ], [ 38.781137802864727, 2.908785519928711 ], [ 38.780972011606281, 2.908898537259882 ], [ 38.780880508805971, 2.908958240155247 ], [ 38.780794113104285, 2.909012314534452 ], [ 38.780711106467606, 2.909061834305811 ], [ 38.780630610878454, 2.909107318425152 ], [ 38.780543518155959, 2.909152431581668 ], [ 38.780369878716641, 2.909235607505419 ], [ 38.780298620306318, 2.90927124947066 ], [ 38.780225966871036, 2.909311039077646 ], [ 38.780163122632956, 2.909350026746567 ], [ 38.780113876666064, 2.909384882763113 ], [ 38.780064574701314, 2.909424033407474 ], [ 38.780014729729189, 2.909467861646948 ], [ 38.779963446732069, 2.909517150414165 ], [ 38.779917979850559, 2.909564028385862 ], [ 38.779868656896355, 2.909617658775286 ], [ 38.779696731577545, 2.909814264866428 ], [ 38.779626292215632, 2.909891916190109 ], [ 38.779550971754418, 2.909968618599703 ], [ 38.779479871369311, 2.910033206056175 ], [ 38.779383531486751, 2.910113333185067 ], [ 38.779285180562368, 2.910191675470238 ], [ 38.779184974599147, 2.91026810792239 ], [ 38.779083071600105, 2.910342509551789 ], [ 38.778979635568476, 2.910414763368616 ], [ 38.77887482850744, 2.910484753382703 ], [ 38.778768816420389, 2.910552368603529 ], [ 38.778661767310531, 2.910617505039974 ], [ 38.778600380098766, 2.910652440059147 ], [ 38.778530578718716, 2.910689240922939 ], [ 38.778227276714645, 2.910839277151388 ], [ 38.778157393333863, 2.910877307908673 ], [ 38.778095387111001, 2.910914148763139 ], [ 38.778030203828052, 2.910956118175523 ], [ 38.777963419515601, 2.911001739272676 ], [ 38.777894433161627, 2.911051422019383 ], [ 38.777822139744814, 2.911105959347923 ], [ 38.777674003846194, 2.911223916237933 ], [ 38.777430116080438, 2.911426533863786 ], [ 38.777270039951894, 2.911559024503415 ], [ 38.777176436124272, 2.911638674671741 ], [ 38.777091194462592, 2.911714866133508 ], [ 38.777016569011373, 2.911786102016688 ], [ 38.776957438864436, 2.911846606817979 ], [ 38.776897681708348, 2.911911549235252 ], [ 38.776836765532671, 2.911981506218778 ], [ 38.77677372531879, 2.912057580673716 ], [ 38.776646236870938, 2.912220823623214 ], [ 38.776441199944081, 2.912496248909394 ], [ 38.776375945697147, 2.912587739030065 ], [ 38.776306994385635, 2.912692337017471 ], [ 38.77624236616078, 2.912796094074572 ], [ 38.776083047146358, 2.913058788429348 ], [ 38.775993895453439, 2.913197717456906 ], [ 38.77594509252269, 2.913268509359004 ], [ 38.775897503611979, 2.913333317778616 ], [ 38.775850262704587, 2.913393318614675 ], [ 38.775802898791504, 2.913449104816203 ], [ 38.775761471990045, 2.91349409494876 ], [ 38.775713380056857, 2.913542717771537 ], [ 38.775506346030575, 2.913740271808744 ], [ 38.77546316919338, 2.91378476698561 ], [ 38.7754253124615, 2.91382665138463 ], [ 38.77538388466354, 2.91387639910484 ], [ 38.775340033822026, 2.913933069227009 ], [ 38.775175311673387, 2.914162382479503 ], [ 38.775101667260472, 2.91425813223768 ], [ 38.774975720833922, 2.914408261323085 ], [ 38.774846714341933, 2.914553600826016 ], [ 38.774714928790054, 2.914693836773349 ], [ 38.774580616183073, 2.914828699188354 ], [ 38.774444055526459, 2.914957913094709 ], [ 38.77430543482388, 2.915081300507589 ], [ 38.774164969079528, 2.915198673443104 ], [ 38.774022849297076, 2.915309869915304 ], [ 38.773929282462007, 2.915378749017679 ], [ 38.773825974433045, 2.915451178819751 ], [ 38.773710316159125, 2.915529060158947 ], [ 38.773564351287078, 2.915624492000336 ], [ 38.773316076398096, 2.91578148658496 ], [ 38.773198356077565, 2.915852893486798 ], [ 38.773083826818414, 2.915920238738214 ], [ 38.77297169460482, 2.915983983299909 ], [ 38.772861785433491, 2.916044218163957 ], [ 38.772753756297526, 2.916101131314611 ], [ 38.77264735519195, 2.916154855740284 ], [ 38.77241660262063, 2.916264958375385 ], [ 38.772305056408655, 2.916315235103795 ], [ 38.77219566023777, 2.916362513090458 ], [ 38.772088109101901, 2.916406923324181 ], [ 38.771982296999013, 2.916448505801756 ], [ 38.771878070926064, 2.91648732051793 ], [ 38.771775310880464, 2.91652341346881 ], [ 38.771674259865662, 2.916554604843207 ], [ 38.771559721577333, 2.916583814399715 ], [ 38.771448612354362, 2.916608118378676 ], [ 38.771178818953281, 2.916662680857204 ], [ 38.771041566208886, 2.916694662190903 ], [ 38.770973690853666, 2.916713150640654 ], [ 38.770910652596655, 2.916732526009906 ], [ 38.770851400417072, 2.916753115271066 ], [ 38.770795383303735, 2.916775111407852 ], [ 38.770691440241535, 2.916820698536958 ], [ 38.770585052134145, 2.916871762193169 ], [ 38.770475988977005, 2.916928412367497 ], [ 38.770363855762405, 2.916990852042403 ], [ 38.770220220927932, 2.917073865958415 ], [ 38.770127834107655, 2.917131080071057 ], [ 38.770046762514767, 2.917187183271294 ], [ 38.769977279155142, 2.917242550526361 ], [ 38.769917286985326, 2.917295725964096 ], [ 38.769863955947685, 2.91734611363835 ], [ 38.769815965016697, 2.917394966441575 ], [ 38.769772876183829, 2.917442738334626 ], [ 38.769734190439344, 2.917490016267246 ], [ 38.769699987784783, 2.917536744243956 ], [ 38.76967015821824, 2.917583070252203 ], [ 38.769644643738523, 2.917629086283979 ], [ 38.769623918354036, 2.917673361462981 ], [ 38.769605142011393, 2.917720989349863 ], [ 38.76958825070961, 2.917772126931264 ], [ 38.769573151446743, 2.917827055182747 ], [ 38.769559864223105, 2.91788554612404 ], [ 38.769548062033138, 2.917948862646055 ], [ 38.76953754787359, 2.918017989663582 ], [ 38.769527771736044, 2.918096524865124 ], [ 38.769523162682432, 2.918148350377475 ], [ 38.769520448671884, 2.918206472342711 ], [ 38.769518781786942, 2.918402157385945 ], [ 38.769513158848476, 2.918632267449008 ], [ 38.769514539928274, 2.91870069351815 ], [ 38.769518782060246, 2.918761725225903 ], [ 38.769530490362911, 2.918849171638811 ], [ 38.76954935981621, 2.918944790338081 ], [ 38.769575180416695, 2.919049365255916 ], [ 38.769617674390091, 2.919202195979068 ], [ 38.76966629650974, 2.919384698126398 ], [ 38.769692997114703, 2.919471943545255 ], [ 38.769708710464506, 2.919515131790576 ], [ 38.769725192827032, 2.919554576359686 ], [ 38.769742738208599, 2.919590979191589 ], [ 38.769761517613119, 2.919624688256028 ], [ 38.76979045823073, 2.919669117383677 ], [ 38.769825787979322, 2.919716321265931 ], [ 38.769867356856153, 2.91976652388351 ], [ 38.769932330223035, 2.919840428429156 ], [ 38.769971599046279, 2.919881325854908 ], [ 38.770018769030244, 2.919923941125691 ], [ 38.77006638902057, 2.919962917711417 ], [ 38.770184255468372, 2.920055065635602 ], [ 38.770242533681845, 2.92010475228503 ], [ 38.770295086781829, 2.920157126706073 ], [ 38.770317200247639, 2.920182972449356 ], [ 38.770336887664527, 2.920208985180046 ], [ 38.770378850559595, 2.92027279961774 ], [ 38.770418637415318, 2.920342610537521 ], [ 38.770455801222056, 2.920417641006994 ], [ 38.770489720966474, 2.920496639135199 ], [ 38.770513034487699, 2.920563622312637 ], [ 38.770531498914863, 2.92063547907152 ], [ 38.770545309252363, 2.920712942348159 ], [ 38.770554737506878, 2.92079751001249 ], [ 38.770559236652922, 2.920870156713733 ], [ 38.770561402758531, 2.920951547658948 ], [ 38.770559386944178, 2.921249008883354 ], [ 38.77056164308069, 2.921368591519028 ], [ 38.77057116450483, 2.921673609080007 ], [ 38.770572970649035, 2.921815273802502 ], [ 38.770572834749906, 2.921951439003071 ], [ 38.770570748808197, 2.922083324576104 ], [ 38.770566700823821, 2.922211128504204 ], [ 38.770560674796826, 2.922335334745751 ], [ 38.77055265372703, 2.922456284270968 ], [ 38.770536679547689, 2.922644034013765 ], [ 38.770518090305458, 2.922818497909864 ], [ 38.770496517995568, 2.922983093663486 ], [ 38.770471742614809, 2.923139464132305 ], [ 38.770446981221333, 2.923278643090947 ], [ 38.770426791885953, 2.923373182914123 ], [ 38.770403628485049, 2.923460305382436 ], [ 38.770374036960035, 2.923554852212346 ], [ 38.770337832308364, 2.923658171287221 ], [ 38.770282950312748, 2.92380466463529 ], [ 38.770244303604514, 2.923898424540334 ], [ 38.77014567978128, 2.924116821691404 ], [ 38.770122261352725, 2.924174408719293 ], [ 38.770103147007319, 2.924227157163195 ], [ 38.770056440174997, 2.924371548687228 ], [ 38.770023820606212, 2.924488660564269 ], [ 38.770000560218307, 2.924595522322279 ], [ 38.769992324090538, 2.924645870965773 ], [ 38.76998627500565, 2.924694595748254 ], [ 38.769983810984407, 2.924731995509448 ], [ 38.769983748015157, 2.924774043865837 ], [ 38.769991505275854, 2.924910814008477 ], [ 38.769992813339016, 2.924959071825827 ], [ 38.769991203341121, 2.92500451688919 ], [ 38.769986275272714, 2.925045174369921 ], [ 38.769976844116457, 2.925089904501198 ], [ 38.769962956873954, 2.925139317230182 ], [ 38.769905363839023, 2.925305860843221 ], [ 38.769846017771592, 2.925476242125161 ], [ 38.769779426560746, 2.925650169105327 ], [ 38.769705301201178, 2.925828401718336 ], [ 38.769623156684077, 2.926012107863287 ], [ 38.769533140012186, 2.926201123554268 ], [ 38.769433397151197, 2.926399481443257 ], [ 38.769322301070758, 2.926610461247424 ], [ 38.769195142682733, 2.92684301419464 ], [ 38.76915802098236, 2.926906595713932 ], [ 38.769114091148857, 2.926975751755373 ], [ 38.768937400780338, 2.927232767621146 ], [ 38.768867077444995, 2.927342141198269 ], [ 38.768832012783825, 2.927402727975447 ], [ 38.768801923220799, 2.927460422999483 ], [ 38.768776216744854, 2.927516363172058 ], [ 38.768754625351036, 2.927571139442492 ], [ 38.768735661013473, 2.927630152343713 ], [ 38.768718643720959, 2.927696870575804 ], [ 38.768703903477714, 2.927767808440428 ], [ 38.768666630878805, 2.92796845908321 ], [ 38.768652667643707, 2.928029560799528 ], [ 38.768637754384017, 2.928083524135227 ], [ 38.768616278001367, 2.928149900400484 ], [ 38.768591583555555, 2.928218561470174 ], [ 38.768563412041857, 2.928290228282091 ], [ 38.768531209450238, 2.928366320713662 ], [ 38.768470803332825, 2.928498931269789 ], [ 38.76834655302337, 2.928757514959951 ], [ 38.768296129088561, 2.928865584634865 ], [ 38.768221691707929, 2.929024207948089 ], [ 38.768135083093988, 2.929199033866751 ], [ 38.768048669478887, 2.929367141367409 ], [ 38.767831208409255, 2.929783130491282 ], [ 38.767718664308859, 2.930005991268108 ], [ 38.767662614266705, 2.930122147246966 ], [ 38.767611840326076, 2.930231838781885 ], [ 38.767565444470414, 2.930337012704858 ], [ 38.767522976691218, 2.930438694927334 ], [ 38.76743827413879, 2.930643583240152 ], [ 38.767415302722831, 2.930705813865924 ], [ 38.76739711439901, 2.93076230598519 ], [ 38.767381051122065, 2.93082403864884 ], [ 38.767367053893032, 2.930893811614212 ], [ 38.767332164370622, 2.931131593038833 ], [ 38.767316203116685, 2.931220755325703 ], [ 38.767294105744796, 2.931317516958975 ], [ 38.767265864256849, 2.931424713692837 ], [ 38.767167100519202, 2.931758492849291 ], [ 38.76713584597335, 2.931869421262261 ], [ 38.767111058547854, 2.931967098818321 ], [ 38.767091450220697, 2.93205675106569 ], [ 38.767061652740807, 2.932215505333884 ], [ 38.767035851340104, 2.932372405759497 ], [ 38.767014062018816, 2.932527358350916 ], [ 38.766996294777215, 2.932680283114968 ], [ 38.766982559615315, 2.932831093059087 ], [ 38.766972861533191, 2.932979737187768 ], [ 38.766967203530861, 2.933126153506462 ], [ 38.766965588608429, 2.933270292019405 ], [ 38.766967073689436, 2.933337181222936 ], [ 38.766974117953161, 2.933496307430596 ], [ 38.766974579023227, 2.933575925532085 ], [ 38.76697114201351, 2.933653985771522 ], [ 38.766964389939332, 2.933735110748069 ], [ 38.766954270799971, 2.933819953404986 ], [ 38.766940643593657, 2.933909704639478 ], [ 38.766924330333879, 2.934000475787683 ], [ 38.766904059001369, 2.934100500137133 ], [ 38.766839726920878, 2.934384953541864 ], [ 38.766815291500748, 2.934480366294099 ], [ 38.766750013357886, 2.934708133610874 ], [ 38.766734685095685, 2.934769580299033 ], [ 38.766722855899616, 2.934825423469961 ], [ 38.766707407657911, 2.934916858560052 ], [ 38.766694129467318, 2.935018022805562 ], [ 38.766682663321596, 2.935129989113725 ], [ 38.766668915168765, 2.935292862013319 ], [ 38.766663839133408, 2.935380547420281 ], [ 38.766662223175757, 2.93547865192195 ], [ 38.766669337570164, 2.935806735491891 ], [ 38.766669260661672, 2.935928582935311 ], [ 38.766663415635598, 2.936048630539164 ], [ 38.76665803356898, 2.936103509788727 ], [ 38.766650935465812, 2.936155825261793 ], [ 38.766626688081587, 2.936293147383194 ], [ 38.766596976586165, 2.936429105627156 ], [ 38.76656204798352, 2.936562574090851 ], [ 38.766522150278114, 2.936692600856567 ], [ 38.766477606475469, 2.936818176011466 ], [ 38.76642861957945, 2.936938762602129 ], [ 38.766375441594498, 2.93705373968202 ], [ 38.766318300524958, 2.937162615293626 ], [ 38.766263432487968, 2.937253945423534 ], [ 38.766200363286053, 2.937346169482329 ], [ 38.766128569909476, 2.937440061403341 ], [ 38.766046974337591, 2.937537036064942 ], [ 38.765961734689597, 2.937630782009007 ], [ 38.765863291781415, 2.937732660258882 ], [ 38.765761671808384, 2.937833403609457 ], [ 38.765545147600875, 2.938043557570047 ], [ 38.765486757465077, 2.938098764832242 ], [ 38.765419694157735, 2.938158357721295 ], [ 38.765195799784415, 2.938346227618287 ], [ 38.765116576238533, 2.938414743743644 ], [ 38.765042749801154, 2.938482754908633 ], [ 38.764978767559477, 2.93854695339628 ], [ 38.764906197157451, 2.938628132419553 ], [ 38.764830724706712, 2.938722019344043 ], [ 38.764754705251377, 2.93882450152433 ], [ 38.764607592442488, 2.939032388628096 ], [ 38.764544734240538, 2.939118849186276 ], [ 38.764476543932496, 2.939207373569785 ], [ 38.76441238869689, 2.939284067975142 ], [ 38.764310619730281, 2.939397180254591 ], [ 38.764203486655624, 2.939510492520813 ], [ 38.764090804469191, 2.939624201757075 ], [ 38.763972311166185, 2.939738571940382 ], [ 38.763847869743728, 2.939853746058908 ], [ 38.763716858189781, 2.939970312061806 ], [ 38.763578704493213, 2.940088776905818 ], [ 38.763432461635475, 2.940209956520792 ], [ 38.763349206005898, 2.940275380917343 ], [ 38.763253989138498, 2.940345510915532 ], [ 38.762943989048743, 2.940560489531403 ], [ 38.762838320974552, 2.940635903079986 ], [ 38.762743165109882, 2.940707883917812 ], [ 38.762659308470397, 2.940776276057771 ], [ 38.762580711936927, 2.940844560203015 ], [ 38.762501034384535, 2.940916598023968 ], [ 38.762419925806455, 2.940992703493723 ], [ 38.76233686119231, 2.941073370569672 ], [ 38.762163202823885, 2.94124992740888 ], [ 38.761967067027207, 2.94145945540922 ], [ 38.761841837606269, 2.941597349560322 ], [ 38.761751303859938, 2.941702164550259 ], [ 38.761660925122548, 2.941814559883418 ], [ 38.761571767414964, 2.941933678633325 ], [ 38.761483493730687, 2.942059970761031 ], [ 38.761395612060404, 2.94219413820626 ], [ 38.761308092403446, 2.942336141972415 ], [ 38.761219413730849, 2.942488365854106 ], [ 38.761128367019957, 2.942652867673998 ], [ 38.761032091216926, 2.942834803987777 ], [ 38.76094689362786, 2.943004329368112 ], [ 38.760861279039261, 2.943185382750147 ], [ 38.760782711588497, 2.943360781616677 ], [ 38.760709365241091, 2.943533622700748 ], [ 38.760641164995782, 2.943704083987013 ], [ 38.760578056851465, 2.943872297464089 ], [ 38.760519987807179, 2.944038410119382 ], [ 38.760466938862585, 2.944202477947885 ], [ 38.760418886017362, 2.944364578942947 ], [ 38.760375811271167, 2.944524773099393 ], [ 38.76034472174014, 2.944650387242081 ], [ 38.760316636266417, 2.944771502772141 ], [ 38.760291387846927, 2.944888848626528 ], [ 38.760268877480208, 2.945002883765683 ], [ 38.760249008164571, 2.945114122145113 ], [ 38.760231760899842, 2.94522269175358 ], [ 38.760217098685445, 2.94532882157156 ], [ 38.760204998520933, 2.945432682584003 ], [ 38.760195724410515, 2.945532644932024 ], [ 38.760188549345465, 2.945636556936267 ], [ 38.760183427325302, 2.945745072540177 ], [ 38.760180305349927, 2.94585929964774 ], [ 38.760179144417528, 2.945977971368892 ], [ 38.760179828529878, 2.946106369246033 ], [ 38.7601870199167, 2.946421494943255 ], [ 38.76019338526951, 2.946713945605314 ], [ 38.76019985051078, 2.946858387088347 ], [ 38.760205425678912, 2.946930885804045 ], [ 38.760212558874699, 2.946998387951298 ], [ 38.760221377101445, 2.94706210442522 ], [ 38.760231970361623, 2.947122652172167 ], [ 38.760250538796527, 2.947201150358092 ], [ 38.760277024395911, 2.947285888997313 ], [ 38.760312975194992, 2.947381896653103 ], [ 38.760396338031448, 2.947583251146735 ], [ 38.76043047478769, 2.947671207501334 ], [ 38.760461781491458, 2.947765147339887 ], [ 38.760483695999376, 2.94785077690551 ], [ 38.760524666949465, 2.948011704933927 ], [ 38.760537742263217, 2.948076622300606 ], [ 38.760541909373856, 2.948111365287838 ], [ 38.760543272425977, 2.948143390512702 ], [ 38.760541853420364, 2.948173289923869 ], [ 38.760537637356755, 2.948201355496078 ], [ 38.760531820257405, 2.948224762473122 ], [ 38.760523860115391, 2.948249027377405 ], [ 38.760501254699172, 2.94830085090595 ], [ 38.760470041112647, 2.948357189050041 ], [ 38.760420765178161, 2.948435074341805 ], [ 38.760398010744638, 2.948468300481369 ], [ 38.760372503255716, 2.948501781600915 ], [ 38.760344035707412, 2.948535789677246 ], [ 38.760312198091881, 2.948570818667665 ], [ 38.760240840706892, 2.948642058552189 ], [ 38.760124090433962, 2.948749697319026 ], [ 38.760065209284875, 2.948800472966421 ], [ 38.759997088950755, 2.948852908477254 ], [ 38.759922252481417, 2.948905723960419 ], [ 38.75970608723221, 2.949051932463489 ], [ 38.759640985955514, 2.949099853363042 ], [ 38.759584680854367, 2.949145221476956 ], [ 38.759492113050534, 2.949228539331747 ], [ 38.759394048147094, 2.949326331937063 ], [ 38.759300156329957, 2.949427027287785 ], [ 38.759059339676355, 2.949694200332179 ], [ 38.758986618267834, 2.949770664765347 ], [ 38.758919409962985, 2.949837391037746 ], [ 38.758849810608922, 2.949902757429775 ], [ 38.758770705067747, 2.949974204302564 ], [ 38.758438471587532, 2.950264817387869 ], [ 38.758308079049549, 2.950385732015617 ], [ 38.7582012189756, 2.950492743829371 ], [ 38.758088103786186, 2.950613704439872 ], [ 38.75795902429364, 2.950759239934077 ], [ 38.757688410075957, 2.951074858806077 ], [ 38.757568972770684, 2.951211042102993 ], [ 38.757439479265976, 2.951351670022868 ], [ 38.7573191629319, 2.951473425570169 ], [ 38.757245334496083, 2.951543452562015 ], [ 38.757161293859099, 2.951619899005676 ], [ 38.756808680982516, 2.951929839433682 ], [ 38.756671872320432, 2.952057724462974 ], [ 38.756528560536253, 2.952197600458847 ], [ 38.756437754774055, 2.952288649643087 ], [ 38.756356523200566, 2.952373884323581 ], [ 38.756285295824355, 2.952453249504668 ], [ 38.756223585637727, 2.952529335962355 ], [ 38.75615951741328, 2.952618235312095 ], [ 38.75610175631482, 2.952705370809757 ], [ 38.755969941814158, 2.952912203997361 ], [ 38.755902831535906, 2.953010946496977 ], [ 38.755837292280226, 2.953097752029285 ], [ 38.755772857037471, 2.953172385615064 ], [ 38.755706184744959, 2.953241050719492 ], [ 38.755629573255504, 2.953314299434667 ], [ 38.755544166591527, 2.953391516812915 ], [ 38.755404260862782, 2.953513975315027 ], [ 38.755293944709663, 2.9536086182033 ], [ 38.755179210467332, 2.953703309091046 ], [ 38.755059830131579, 2.953798237961647 ], [ 38.754935488695949, 2.953893654793894 ], [ 38.754806013157321, 2.95398969957572 ], [ 38.754670680501356, 2.954086917260622 ], [ 38.754528829715134, 2.954185782807839 ], [ 38.754379383777497, 2.954287047153231 ], [ 38.754180892873123, 2.954417950969576 ], [ 38.753997759267719, 2.954534851986828 ], [ 38.753824172847018, 2.954641456888486 ], [ 38.753657721563549, 2.95473923354914 ], [ 38.753495514360296, 2.954829834828104 ], [ 38.753337523236439, 2.954913226728157 ], [ 38.753182840174176, 2.954989889208561 ], [ 38.753030860161552, 2.955060119243908 ], [ 38.752887988327018, 2.955123018907181 ], [ 38.75277981717926, 2.955168561046743 ], [ 38.752681341221987, 2.955207270770591 ], [ 38.752590342410898, 2.955239904014952 ], [ 38.752534594299263, 2.955257146564888 ], [ 38.752475317114708, 2.955272207306532 ], [ 38.752411901845107, 2.955285245226599 ], [ 38.752343129466048, 2.955296511304232 ], [ 38.752213832868911, 2.955311998063419 ], [ 38.751901538589202, 2.955340391846828 ], [ 38.751819167935089, 2.95535079101013 ], [ 38.751745876465293, 2.95536278302855 ], [ 38.751670160949885, 2.955378890692297 ], [ 38.751600550559978, 2.955398042087668 ], [ 38.751535886272457, 2.955420559187617 ], [ 38.75147556307526, 2.955446655974277 ], [ 38.751408764754778, 2.955482199947733 ], [ 38.751337329347841, 2.955527169108463 ], [ 38.751265889945088, 2.955577547800684 ], [ 38.751071300129631, 2.95572200344062 ], [ 38.751010320930838, 2.955763175922113 ], [ 38.750954133823221, 2.955797235016006 ], [ 38.750872657211282, 2.955839034459098 ], [ 38.750721263208327, 2.955906617723415 ], [ 38.750663713068057, 2.95593391540386 ], [ 38.750607213951263, 2.955964255820037 ], [ 38.750558566993242, 2.955994998195245 ], [ 38.750525322341289, 2.956019419106078 ], [ 38.750489717645152, 2.956048475617202 ], [ 38.750366791249689, 2.956159068134456 ], [ 38.750315833254298, 2.956201749477464 ], [ 38.750262648211958, 2.956241938038076 ], [ 38.750205687093292, 2.956281908620573 ], [ 38.750144377887032, 2.956322066190274 ], [ 38.750077579570778, 2.956363161682912 ], [ 38.749948669026253, 2.956437041384496 ], [ 38.749618023493113, 2.956617555007568 ], [ 38.74952537966535, 2.95667179738181 ], [ 38.7494437880584, 2.956723123999929 ], [ 38.749334047900071, 2.956796097765139 ], [ 38.749223749732487, 2.956871639308442 ], [ 38.74900108536167, 2.957030698705829 ], [ 38.748774917928792, 2.957200925138791 ], [ 38.748543950408461, 2.957383294523907 ], [ 38.748308097798734, 2.957577792862465 ], [ 38.748063309020587, 2.957787680875141 ], [ 38.747806220008322, 2.958015825316441 ], [ 38.74752888560689, 2.958269267582524 ], [ 38.747289644949078, 2.958490029649499 ], [ 38.74721575151338, 2.958562132462522 ], [ 38.747151299264189, 2.958628835735746 ], [ 38.747096516207222, 2.958691885317936 ], [ 38.746966324705227, 2.958854555331275 ], [ 38.746927579956655, 2.958897793616808 ], [ 38.746890585238305, 2.958934468469395 ], [ 38.746839056234272, 2.958980852492438 ], [ 38.74678903925745, 2.959023140868936 ], [ 38.746740063298866, 2.959061731564911 ], [ 38.746691893353727, 2.959096808564628 ], [ 38.746644246416729, 2.959128566851257 ], [ 38.746597107487389, 2.959157009424729 ], [ 38.7465503815638, 2.959182191280179 ], [ 38.746504008644976, 2.959204145414977 ], [ 38.74643322123773, 2.959231730081076 ], [ 38.746324205064944, 2.959267069105379 ], [ 38.746231950223908, 2.959293899853501 ], [ 38.746134457274607, 2.959317417892585 ], [ 38.746030785198172, 2.959337856203206 ], [ 38.745919092957848, 2.95935558075513 ], [ 38.745813417835777, 2.959369122664526 ], [ 38.745694831452212, 2.959381565679132 ], [ 38.745245386411803, 2.959419886710102 ], [ 38.744972980932033, 2.959442588955941 ], [ 38.744696224359707, 2.95945915473654 ], [ 38.74441534569938, 2.959469569053107 ], [ 38.744130606956489, 2.959473822906216 ], [ 38.743904766400725, 2.959476292868024 ], [ 38.743799048266958, 2.95947585798789 ], [ 38.743694094146015, 2.959472198386433 ], [ 38.743600187245264, 2.959464834097267 ], [ 38.743537695977864, 2.959456710849414 ], [ 38.743469235586979, 2.959444609950619 ], [ 38.743395185080431, 2.959428855372643 ], [ 38.743180554710904, 2.95937940282233 ], [ 38.74311281833382, 2.959366309009055 ], [ 38.743051788094981, 2.959356963865782 ], [ 38.742976785574925, 2.959348711638818 ], [ 38.742893264884565, 2.959342441246835 ], [ 38.742585053654651, 2.959329621596717 ], [ 38.742458437092758, 2.959321007441304 ], [ 38.742350890913521, 2.959309572515197 ], [ 38.742233193526239, 2.959293940960521 ], [ 38.742100177826082, 2.9592734968345 ], [ 38.74170189173779, 2.959208113806654 ], [ 38.741574782158843, 2.959190266451182 ], [ 38.741460529842961, 2.959177181673208 ], [ 38.741330136203594, 2.959166951660528 ], [ 38.741008447697865, 2.959149406430167 ], [ 38.740919752902009, 2.959141755161849 ], [ 38.740840208289335, 2.959132236048021 ], [ 38.740738389221463, 2.95911534459008 ], [ 38.740626734949636, 2.959091482743487 ], [ 38.74051066258486, 2.959062505343191 ], [ 38.740186512976329, 2.95897596608985 ], [ 38.740085924928209, 2.958952455204193 ], [ 38.73999513408198, 2.958934473832057 ], [ 38.739885517855619, 2.958916164502936 ], [ 38.739764131391937, 2.958898150157358 ], [ 38.739419763407632, 2.958853571285855 ], [ 38.739142406784673, 2.9588207013482 ], [ 38.73885991706095, 2.958791502096591 ], [ 38.738572015230872, 2.958765946533669 ], [ 38.738278353287178, 2.95874400166247 ], [ 38.737978667224681, 2.958725646485106 ], [ 38.737672345031022, 2.958710840005601 ], [ 38.737358828694816, 2.95869955722655 ], [ 38.737037371200955, 2.958691768151044 ], [ 38.736561224583866, 2.958682368335355 ], [ 38.736282433956141, 2.958681072664327 ], [ 38.736148284250042, 2.958683025599496 ], [ 38.736022331711027, 2.95868691536054 ], [ 38.735902515297262, 2.958692807943441 ], [ 38.735787738986879, 2.958700758344206 ], [ 38.735682976880234, 2.958710794556455 ], [ 38.735416380524093, 2.958742611008454 ], [ 38.735293281048818, 2.958754694057697 ], [ 38.73515371523785, 2.958762347503433 ], [ 38.734997636088998, 2.958764098473215 ], [ 38.734849037087713, 2.958761305830556 ], [ 38.734500705048553, 2.958749934086253 ], [ 38.734330610614158, 2.958748252364102 ], [ 38.734175287482635, 2.95875264610438 ], [ 38.734103505037339, 2.958757313756001 ], [ 38.734034658652689, 2.958763684257834 ], [ 38.733932864607297, 2.958775559308598 ], [ 38.733826394469467, 2.958789882151041 ], [ 38.733594140810041, 2.958826609150967 ], [ 38.733473482392618, 2.958849756240276 ], [ 38.733341633754527, 2.958879837737715 ], [ 38.733197747878791, 2.958916721655452 ], [ 38.732777689487982, 2.959030262149384 ], [ 38.732644485824004, 2.959062285479713 ], [ 38.732524312417709, 2.959087296407232 ], [ 38.732244173808908, 2.959146320513564 ], [ 38.732130765535942, 2.95916712380013 ], [ 38.732069099298002, 2.959175910087206 ], [ 38.732011397138031, 2.959181952608761 ], [ 38.73195654903359, 2.95918536435597 ], [ 38.7319039909734, 2.959186178326329 ], [ 38.73183851264961, 2.95918322463306 ], [ 38.73166125706031, 2.959168200072027 ], [ 38.731556445943134, 2.959166106334853 ], [ 38.731439991594975, 2.959169121164309 ], [ 38.731324898277094, 2.959175855670623 ], [ 38.73102669927507, 2.959197839998621 ], [ 38.730939516518795, 2.959202206688268 ], [ 38.73086113293818, 2.959204157580345 ], [ 38.730721313116405, 2.959204672644421 ], [ 38.730576466191771, 2.959203353871241 ], [ 38.730267782954961, 2.959195168820133 ], [ 38.72987262396795, 2.959181060349184 ], [ 38.729647500416128, 2.959170876406119 ], [ 38.729436155140029, 2.959157630717587 ], [ 38.729246013289448, 2.959141210287412 ], [ 38.729058491487692, 2.959119501313189 ], [ 38.728883085926782, 2.959093028742116 ], [ 38.728717261555353, 2.959061409609301 ], [ 38.728559652345545, 2.959024374938985 ], [ 38.728482800777407, 2.959002362904923 ], [ 38.728398029044342, 2.958973948431561 ], [ 38.72812261440437, 2.958868992734736 ], [ 38.728021679339356, 2.958833074923814 ], [ 38.727922441313012, 2.958802952609452 ], [ 38.72783144945997, 2.958781667523489 ], [ 38.727732681453325, 2.958764767063871 ], [ 38.727624080250401, 2.95875075136205 ], [ 38.72750308979932, 2.958739166459377 ], [ 38.727345980619226, 2.958727732571631 ], [ 38.727274984183389, 2.958724036946914 ], [ 38.72719612658998, 2.958721933190408 ], [ 38.7269071497564, 2.958721274472144 ], [ 38.726788591361377, 2.958718743783437 ], [ 38.726663099823398, 2.958712488422721 ], [ 38.726524399016157, 2.958702731375495 ], [ 38.725990526202537, 2.958654341981004 ], [ 38.725763712611467, 2.958637841586214 ], [ 38.725515591592789, 2.958624573928031 ], [ 38.725282173873012, 2.958613991025965 ], [ 38.725059749377003, 2.958605925897345 ], [ 38.724846352065114, 2.95860030954958 ], [ 38.724639745892084, 2.958597092988735 ], [ 38.724439611851643, 2.958596284214369 ], [ 38.724245091926299, 2.958597880227408 ], [ 38.724055583103919, 2.958601886027798 ], [ 38.723784996648817, 2.958610927455105 ], [ 38.723529349497355, 2.958622585644234 ], [ 38.723285298581992, 2.958637016584282 ], [ 38.723051002865844, 2.958654329267166 ], [ 38.722824390306961, 2.958674693679792 ], [ 38.722605126898969, 2.958698154818523 ], [ 38.722392398625246, 2.958724800676385 ], [ 38.722185629474382, 2.958754704247508 ], [ 38.721905116847942, 2.958801675397932 ], [ 38.721613980013807, 2.958857456793693 ], [ 38.721310164930813, 2.95892243740274 ], [ 38.720989939524216, 2.958997413158944 ], [ 38.720762948984579, 2.959052675549864 ], [ 38.720622814183301, 2.95908847455865 ], [ 38.720494191614108, 2.959124023580203 ], [ 38.720378608307954, 2.959159219622162 ], [ 38.720229505335183, 2.95920747255951 ], [ 38.720128144315929, 2.959242501604956 ], [ 38.720037267508125, 2.95927717067331 ], [ 38.719956070895776, 2.959312035717274 ], [ 38.719889739582172, 2.959345019912494 ], [ 38.719737954583088, 2.959429410722589 ], [ 38.719668386205925, 2.959464852707435 ], [ 38.719584503540666, 2.959501237621925 ], [ 38.719489293645914, 2.959536624631555 ], [ 38.719392694720213, 2.959568388955949 ], [ 38.719136084601061, 2.959647738284101 ], [ 38.719060854102217, 2.959673425118207 ], [ 38.718994124774483, 2.959698571992507 ], [ 38.718802450966578, 2.959778471222533 ], [ 38.718599686943953, 2.959870220435131 ], [ 38.718381364617919, 2.959975784463446 ], [ 38.718131069663094, 2.960103086634335 ], [ 38.718074663548066, 2.960133894010393 ], [ 38.71801334033826, 2.960170467890961 ], [ 38.717776488675064, 2.960324021778131 ], [ 38.717673547644544, 2.960385837505308 ], [ 38.717616205510382, 2.960416326909622 ], [ 38.71756160742796, 2.960441996729201 ], [ 38.717508662375621, 2.9604633579206 ], [ 38.717456808342085, 2.960480633465052 ], [ 38.717405109309105, 2.960494548300303 ], [ 38.717346540136688, 2.960507549219964 ], [ 38.717152266241591, 2.960542434350232 ], [ 38.717034917888064, 2.960562441708936 ], [ 38.716914901478305, 2.960579448329583 ], [ 38.716791965007246, 2.960593489209337 ], [ 38.716665775468243, 2.960604602345175 ], [ 38.716536118857093, 2.96061281373492 ], [ 38.716402313159982, 2.96061817337487 ], [ 38.716263737364358, 2.960620706263253 ], [ 38.716119450451323, 2.960620430399422 ], [ 38.715869166393574, 2.960613964154009 ], [ 38.715589989746555, 2.960599755601483 ], [ 38.715319094263343, 2.960581226416743 ], [ 38.714643776590009, 2.960529573414755 ], [ 38.714454138751989, 2.960517177635581 ], [ 38.714283463299246, 2.960508013561902 ], [ 38.714097256534451, 2.960500861326076 ], [ 38.713922909012076, 2.960497500752563 ], [ 38.713757328669502, 2.960497872849135 ], [ 38.71359890647436, 2.960501985616177 ], [ 38.713253219504509, 2.960513970847166 ], [ 38.713093038276, 2.960520848376215 ], [ 38.712933181056037, 2.960530420671621 ], [ 38.712789792170376, 2.960542437742543 ], [ 38.712579755947367, 2.960565007951447 ], [ 38.712386666068433, 2.960590133925896 ], [ 38.712205666436063, 2.960618453614301 ], [ 38.712034619007277, 2.96065030898883 ], [ 38.711847364255853, 2.960688161856677 ], [ 38.711733038967601, 2.960713917715307 ], [ 38.711628601880477, 2.960741719389086 ], [ 38.711535665027164, 2.960771663868373 ], [ 38.711482525970453, 2.96079255810045 ], [ 38.711362838594411, 2.960845021650554 ], [ 38.711306416471523, 2.960866050873419 ], [ 38.711267227689163, 2.960877478914369 ], [ 38.711223372811531, 2.960887659066904 ], [ 38.71103248498293, 2.960920502371425 ], [ 38.71098820809631, 2.96092989959202 ], [ 38.710949057313776, 2.960940211729568 ], [ 38.710882917995839, 2.960962726831365 ], [ 38.71073736610159, 2.961020411949448 ], [ 38.710672609810381, 2.961041340187631 ], [ 38.710638584129704, 2.961049588499825 ], [ 38.71060010635852, 2.961056931893856 ], [ 38.710439305130578, 2.961081008934071 ], [ 38.710375934862157, 2.961095275747899 ], [ 38.710333341012401, 2.961108494636402 ], [ 38.710286685083595, 2.961125626189228 ], [ 38.710128150934437, 2.961192563516322 ], [ 38.710065774693597, 2.961216630480869 ], [ 38.709996844319583, 2.961239582546964 ], [ 38.709920294791608, 2.961262278641217 ], [ 38.70957291784719, 2.961351984143609 ], [ 38.709491042212143, 2.961375391180511 ], [ 38.709418483765155, 2.961398662221844 ], [ 38.70928649613721, 2.961446512181069 ], [ 38.709150520434079, 2.961501393534682 ], [ 38.709009239629758, 2.961563832237855 ], [ 38.708860150674433, 2.961634930197389 ], [ 38.708720749914249, 2.961705434200783 ], [ 38.708566284858478, 2.961787057253128 ], [ 38.707995791581027, 2.962099820614611 ], [ 38.7078895264805, 2.962158234639235 ], [ 38.70777939930543, 2.962221038286692 ], [ 38.707541755616788, 2.962363160165198 ], [ 38.707319196230337, 2.962502224296881 ], [ 38.706809233184416, 2.962827307544921 ], [ 38.706566181392901, 2.962977578722225 ], [ 38.706352797181303, 2.963103126017291 ], [ 38.706155057272852, 2.963212234723581 ], [ 38.705991630037573, 2.963295877608346 ], [ 38.705599693271914, 2.963487758298764 ], [ 38.705497690252919, 2.963540353824015 ], [ 38.705406626452358, 2.963589782614962 ], [ 38.705235556074065, 2.963688138231691 ], [ 38.705055379520203, 2.963797223926435 ], [ 38.704862413718097, 2.963919234512121 ], [ 38.70464471143228, 2.964061715344553 ], [ 38.704323274108617, 2.964277813883514 ], [ 38.704193781563404, 2.964367792193392 ], [ 38.704075164233679, 2.96445257294487 ], [ 38.703962121015593, 2.964536030806546 ], [ 38.703855950934539, 2.964617308851711 ], [ 38.703755555969011, 2.964697245008472 ], [ 38.703660289106459, 2.964776357232612 ], [ 38.703495605895291, 2.964924191560465 ], [ 38.703431040633582, 2.964978614898433 ], [ 38.703382807687952, 2.965015267762483 ], [ 38.703330887667398, 2.965051344679139 ], [ 38.70327475856169, 2.965087211617326 ], [ 38.703213373350238, 2.965123541519386 ], [ 38.703094514, 2.965187997031133 ], [ 38.702788877949068, 2.965344043757759 ], [ 38.702703549262736, 2.96539154671119 ], [ 38.702628669785909, 2.965437064828359 ], [ 38.702495987175311, 2.965525839245152 ], [ 38.702353584379537, 2.965629119413514 ], [ 38.702201778404522, 2.96574602940924 ], [ 38.701896090420213, 2.965989889532842 ], [ 38.701764829848848, 2.966092398759481 ], [ 38.701624553097076, 2.966196980813683 ], [ 38.701495910568539, 2.96628654515904 ], [ 38.701353776768315, 2.966377006437337 ], [ 38.70109852573178, 2.966529309449285 ], [ 38.701003430856545, 2.966587519483387 ], [ 38.700910396024263, 2.966647601353797 ], [ 38.700828391412387, 2.966704542487563 ], [ 38.700693219756076, 2.966799290389365 ], [ 38.700635253618643, 2.966842105727451 ], [ 38.70057886251584, 2.966888542750686 ], [ 38.700531716598761, 2.966933767871727 ], [ 38.700500377993407, 2.966969483803798 ], [ 38.700438380802773, 2.967048822982724 ], [ 38.70041034926242, 2.967082090124221 ], [ 38.700376909614143, 2.967116934133446 ], [ 38.700338105858421, 2.967152986042194 ], [ 38.700290692932015, 2.967193154601208 ], [ 38.700142640034827, 2.967312830354853 ], [ 38.700097643157612, 2.967353497868837 ], [ 38.700059733421973, 2.967392217545966 ], [ 38.700031448876253, 2.967425192712935 ], [ 38.700001791307145, 2.96746371340094 ], [ 38.699882340025937, 2.967633251815128 ], [ 38.699852630454686, 2.967670341626955 ], [ 38.699823741896047, 2.967702344878568 ], [ 38.699754540550394, 2.967769374129062 ], [ 38.699668661873815, 2.967843924741262 ], [ 38.699601757562135, 2.967894756392379 ], [ 38.699427922140622, 2.968009636581429 ], [ 38.699387099338786, 2.96803876509129 ], [ 38.699351758646415, 2.968066407725492 ], [ 38.699276324175059, 2.968133526973014 ], [ 38.699102281790992, 2.968302374489793 ], [ 38.698959962016389, 2.968430883474448 ], [ 38.69882656141305, 2.968548002438184 ], [ 38.698698912919241, 2.968656508143281 ], [ 38.698575537505938, 2.968757651482513 ], [ 38.69845468813925, 2.968852836335628 ], [ 38.698336247816499, 2.968942123697526 ], [ 38.698219615526021, 2.969025965529497 ], [ 38.698104375259796, 2.969104660805995 ], [ 38.698054482276916, 2.969136583081069 ], [ 38.697997818158882, 2.969170471191298 ], [ 38.697801838286296, 2.969280319833458 ], [ 38.697727736823275, 2.969323584145489 ], [ 38.697655038390984, 2.969369799200937 ], [ 38.697591936151518, 2.969414788355031 ], [ 38.697514335632597, 2.969477092021379 ], [ 38.697382915066093, 2.969590078341699 ], [ 38.697143563384763, 2.969786849492189 ], [ 38.69705316261917, 2.969864436845354 ], [ 38.697004754675916, 2.969908809041483 ], [ 38.696960915823688, 2.969951543375808 ], [ 38.696920790045759, 2.969993475776693 ], [ 38.696883961334144, 2.970035044206491 ], [ 38.696850115682906, 2.970076710625491 ], [ 38.696762595003094, 2.970190107876153 ], [ 38.696717634136412, 2.970243340302458 ], [ 38.69666849018548, 2.970297120684544 ], [ 38.696614654140724, 2.970352010974296 ], [ 38.696555079981849, 2.970409078080067 ], [ 38.69644105975825, 2.970511204327225 ], [ 38.69616273732202, 2.970749532910599 ], [ 38.69609084892052, 2.970814494342585 ], [ 38.696027825694379, 2.97087468018099 ], [ 38.69596484347241, 2.970939194644791 ], [ 38.695908391381046, 2.971002186235225 ], [ 38.695857559402896, 2.971064674864872 ], [ 38.695811886528872, 2.971127232484445 ], [ 38.695721363811487, 2.971270319167231 ], [ 38.695690519223866, 2.971316006235952 ], [ 38.695661528668168, 2.971354498926023 ], [ 38.695629482050975, 2.971393243596599 ], [ 38.695594057366051, 2.971432633214118 ], [ 38.695554591600619, 2.971473407714833 ], [ 38.695476785086704, 2.971547600352285 ], [ 38.69527452014357, 2.971730480677131 ], [ 38.695219075065687, 2.971784598035215 ], [ 38.695171338140788, 2.971835132697431 ], [ 38.695118533121253, 2.97189572349294 ], [ 38.695061522023593, 2.971965093531782 ], [ 38.694829400565133, 2.972261431057629 ], [ 38.69477631054216, 2.972324927601904 ], [ 38.694726325576227, 2.972381226766807 ], [ 38.694657789247408, 2.97245263263844 ], [ 38.694583467801692, 2.972523875528602 ], [ 38.694502722226524, 2.972595572384526 ], [ 38.694414348498476, 2.97266879611426 ], [ 38.694323358715963, 2.97273986603251 ], [ 38.694220622700435, 2.972816325493349 ], [ 38.693813306698289, 2.973105169805086 ], [ 38.693642533347408, 2.973231625990689 ], [ 38.693552115576644, 2.973302997882362 ], [ 38.693469806967784, 2.97337190498116 ], [ 38.693393986489099, 2.973439709170381 ], [ 38.693323862125069, 2.973507124388804 ], [ 38.693192169567077, 2.973638420125065 ], [ 38.693115384077743, 2.97371765132578 ], [ 38.693046271740648, 2.973793472815682 ], [ 38.692986730593184, 2.973864445717918 ], [ 38.692923456379539, 2.973947386587001 ], [ 38.692838393753981, 2.974066702324066 ], [ 38.692752045106637, 2.974191459591082 ], [ 38.692673121604486, 2.974309953394486 ], [ 38.692600381223798, 2.974424053573526 ], [ 38.692533211952878, 2.974534724045042 ], [ 38.692470950779345, 2.97464308771261 ], [ 38.692413542702184, 2.974749271565023 ], [ 38.692360764717094, 2.974853690566652 ], [ 38.692312469821424, 2.974956633692529 ], [ 38.692283495289168, 2.975024996796914 ], [ 38.692254094755462, 2.975102637098568 ], [ 38.692170715261973, 2.975348667864735 ], [ 38.69214230175006, 2.975428609966399 ], [ 38.692116096272983, 2.975496045149008 ], [ 38.692089963792107, 2.975556662921806 ], [ 38.692049804042327, 2.975635743107215 ], [ 38.691967877497476, 2.975777491900118 ], [ 38.691937099919606, 2.975833908040221 ], [ 38.691908883395428, 2.975892942951663 ], [ 38.691887686009743, 2.975947693228541 ], [ 38.691874862783813, 2.975990495533195 ], [ 38.691840487192188, 2.976122983090787 ], [ 38.691816788765465, 2.976189997307913 ], [ 38.691785747194437, 2.976262166084633 ], [ 38.69174898451007, 2.976337206617196 ], [ 38.691639429460793, 2.976548084447489 ], [ 38.691608665891195, 2.97661480169595 ], [ 38.691584268445645, 2.976675818432898 ], [ 38.691539676646691, 2.976807019109986 ], [ 38.69149829992017, 2.976948002937602 ], [ 38.69145960725691, 2.977100524764486 ], [ 38.691422446636885, 2.977269106199786 ], [ 38.691410602448229, 2.977334404556329 ], [ 38.691400431299698, 2.977407824208582 ], [ 38.6913762989997, 2.977649904271262 ], [ 38.691365750854359, 2.977737313712793 ], [ 38.691351858638797, 2.977821261456594 ], [ 38.691334792352087, 2.977896102991137 ], [ 38.691321977127835, 2.977940695141017 ], [ 38.691305969842333, 2.977989479930359 ], [ 38.691234550549467, 2.978182548272978 ], [ 38.691206683052009, 2.978266906992215 ], [ 38.691192261801426, 2.978319348463742 ], [ 38.691178190562994, 2.978378429360444 ], [ 38.691124329674579, 2.978635840119594 ], [ 38.691108638405247, 2.978697318809954 ], [ 38.691092059113075, 2.9787523240613 ], [ 38.691060039536005, 2.978842140311335 ], [ 38.691020122805824, 2.978940205853606 ], [ 38.690974329960618, 2.97904303498799 ], [ 38.690889780393604, 2.979224257366605 ], [ 38.690857109786101, 2.979291814544084 ], [ 38.690818568065275, 2.979366073146078 ], [ 38.690683665529981, 2.979610123125499 ], [ 38.690634868615398, 2.979701669239081 ], [ 38.690589632773069, 2.979793616315125 ], [ 38.690552650091789, 2.979878222020237 ], [ 38.690530306686412, 2.979937492907021 ], [ 38.690508298294148, 2.980004818096381 ], [ 38.690445986206647, 2.980225411049774 ], [ 38.6904224517912, 2.980302635383383 ], [ 38.690397160335998, 2.980374407190356 ], [ 38.690370599848748, 2.980437799723683 ], [ 38.690340400285287, 2.980497740558634 ], [ 38.690302355567212, 2.980562628971505 ], [ 38.690263543830028, 2.980622697802137 ], [ 38.690171793082513, 2.980758678103069 ], [ 38.690131163311676, 2.980822891576359 ], [ 38.690099699718992, 2.980878079823782 ], [ 38.690073925238671, 2.980929958353245 ], [ 38.690030759445726, 2.98103154559336 ], [ 38.689990013708616, 2.981142320036379 ], [ 38.689951034015763, 2.981263990534775 ], [ 38.689912102336386, 2.981401891628302 ], [ 38.689901381155359, 2.981447673673686 ], [ 38.68989213500879, 2.981499452198904 ], [ 38.689868680677414, 2.981683116319012 ], [ 38.689857066498234, 2.98175452214707 ], [ 38.689839885206467, 2.981825766993503 ], [ 38.689829483021065, 2.981857549250586 ], [ 38.689817706806309, 2.981887307683853 ], [ 38.689799756472546, 2.981924364490181 ], [ 38.689776755038828, 2.981964148064482 ], [ 38.689679294182461, 2.982108460648885 ], [ 38.68964239848539, 2.982170468310402 ], [ 38.68959655563296, 2.982265106154383 ], [ 38.689551945816092, 2.982373459810144 ], [ 38.689510977076459, 2.982486643044977 ], [ 38.689433377687543, 2.982716562203892 ], [ 38.689379503725107, 2.982878528226291 ], [ 38.689312010529243, 2.983094108618634 ], [ 38.689276466905085, 2.983214893191372 ], [ 38.689242373315139, 2.983342003215459 ], [ 38.689209369753158, 2.983476768576175 ], [ 38.689176805207993, 2.983621838044624 ], [ 38.68912231931612, 2.98389061882201 ], [ 38.689002283386557, 2.984528192728726 ], [ 38.688968345829643, 2.984693838417443 ], [ 38.688935289277651, 2.984842804549196 ], [ 38.688898735655997, 2.984993045573384 ], [ 38.688860912001239, 2.985133561440374 ], [ 38.688821233303003, 2.985266520962982 ], [ 38.688779345555282, 2.98539309603979 ], [ 38.688681700794319, 2.98566501657987 ], [ 38.688638910016486, 2.985776246985782 ], [ 38.688597295255427, 2.985878513166579 ], [ 38.68855690651246, 2.98597225308452 ], [ 38.688513513710504, 2.98606801782956 ], [ 38.688466941846123, 2.986166194368284 ], [ 38.688416917914417, 2.986267361650933 ], [ 38.688305598831818, 2.986480598281406 ], [ 38.688172511330848, 2.986721250556107 ], [ 38.688071792433675, 2.986897704362112 ], [ 38.687993161948746, 2.987030372940755 ], [ 38.687919454551597, 2.987148212798984 ], [ 38.687848866208064, 2.98725386171002 ], [ 38.687797546227607, 2.987325943511305 ], [ 38.687743490191927, 2.987398020315089 ], [ 38.687686625099438, 2.987470191113134 ], [ 38.687626854948562, 2.987542577894612 ], [ 38.687564107737735, 2.987615269652061 ], [ 38.687498197463526, 2.987688485366693 ], [ 38.687428949122364, 2.987762420021697 ], [ 38.687356111709533, 2.987837340594183 ], [ 38.687203490743201, 2.987986618793399 ], [ 38.687032137405325, 2.988144774239022 ], [ 38.686838320623643, 2.988315527611903 ], [ 38.686581254602174, 2.988534822832981 ], [ 38.686394428952433, 2.988693727226047 ], [ 38.686389452984358, 2.988864238471875 ], [ 38.686380097927469, 2.989034160772188 ], [ 38.686366363781687, 2.989203493126986 ], [ 38.68634825154701, 2.989372236536269 ], [ 38.686329597282274, 2.989516309081302 ], [ 38.68630902597446, 2.989654846106955 ], [ 38.686286439622165, 2.989788495557189 ], [ 38.686261767224181, 2.989917678395744 ], [ 38.686234914779241, 2.990042856582661 ], [ 38.686205852286548, 2.990164157106891 ], [ 38.686174528745354, 2.99028179095023 ], [ 38.686140902154982, 2.990395916099049 ], [ 38.686108048571057, 2.990498377256894 ], [ 38.686073283947621, 2.990599637520179 ], [ 38.686036691286169, 2.990699455909677 ], [ 38.685998349588139, 2.990797612444348 ], [ 38.68595429877923, 2.990901502487402 ], [ 38.685901687805313, 2.991015504661857 ], [ 38.685845985768914, 2.991129446844036 ], [ 38.685726203535076, 2.991367763312121 ], [ 38.685576240742584, 2.991671651128923 ], [ 38.685526849817577, 2.991764902097012 ], [ 38.685479976934936, 2.991847208010391 ], [ 38.685424951889729, 2.991932244693889 ], [ 38.685283831193715, 2.992130507645608 ], [ 38.685249218537187, 2.992185100947874 ], [ 38.685220790002532, 2.992235947569508 ], [ 38.685201438645841, 2.992279854784738 ], [ 38.685169899079334, 2.992370406972419 ], [ 38.685155536817305, 2.992406505859414 ], [ 38.685137397478158, 2.99244148284656 ], [ 38.685117115090094, 2.992469191464377 ], [ 38.685104120837842, 2.992482304339725 ], [ 38.685089092543798, 2.992494484297422 ], [ 38.685071884205087, 2.992505852327035 ], [ 38.685052189815657, 2.992516613411168 ], [ 38.685010809993962, 2.992534602886718 ], [ 38.684892565639714, 2.992578226204199 ], [ 38.684859343981323, 2.992594381832083 ], [ 38.6848320094428, 2.992611728352196 ], [ 38.68478828458742, 2.992647466293568 ], [ 38.684742893705362, 2.992691983476366 ], [ 38.684703297939691, 2.992735830712718 ], [ 38.684598741923018, 2.992857930227555 ], [ 38.684356824238577, 2.993117040992603 ], [ 38.684297350089587, 2.993184181228575 ], [ 38.684246376107836, 2.99324553495864 ], [ 38.684194734117554, 2.993313308133747 ], [ 38.684150304271064, 2.993378600517957 ], [ 38.684112301553256, 2.993442571011421 ], [ 38.684080367957527, 2.993505828561851 ], [ 38.68405452448286, 2.993566613321485 ], [ 38.684030932056949, 2.993631621713902 ], [ 38.684009469677619, 2.993701187710146 ], [ 38.683989954341577, 2.993775901259442 ], [ 38.683972505050626, 2.993854918434577 ], [ 38.683956353791643, 2.993941314970131 ], [ 38.683941094557916, 2.994037015699737 ], [ 38.683924856320772, 2.994153727611593 ], [ 38.683914086180799, 2.994253255006569 ], [ 38.683906749118826, 2.994364025425795 ], [ 38.683902542126738, 2.994483452093344 ], [ 38.68389893821081, 2.994685003653155 ], [ 38.683889498263795, 2.99499796757547 ], [ 38.683887656328288, 2.995128451284456 ], [ 38.683889868467269, 2.995249688790328 ], [ 38.683896635688711, 2.995358498368315 ], [ 38.683908230001201, 2.995459126650499 ], [ 38.683924857410219, 2.99555318749718 ], [ 38.683937838713767, 2.995606289891383 ], [ 38.683955665119512, 2.995664915803683 ], [ 38.684020912578625, 2.995846404045823 ], [ 38.684041070032549, 2.995906420836049 ], [ 38.684056181378288, 2.995958570310986 ], [ 38.684067410642626, 2.996006716135489 ], [ 38.684079991949744, 2.996074824231404 ], [ 38.684090675220247, 2.996145109140431 ], [ 38.684099446453772, 2.996217473870883 ], [ 38.684106289649904, 2.996291791433926 ], [ 38.684112061843088, 2.996390213911687 ], [ 38.684113989958412, 2.996488188431301 ], [ 38.684112061994909, 2.996585133043093 ], [ 38.684106289952695, 2.996680530791749 ], [ 38.68409261078834, 2.996824308359787 ], [ 38.684076557551158, 2.996935919713335 ], [ 38.684066650390498, 2.996986681328185 ], [ 38.684055407200482, 2.997034208224024 ], [ 38.684042724979207, 2.997078932363497 ], [ 38.684028533725403, 2.997121101725308 ], [ 38.684012622434921, 2.99716070931014 ], [ 38.683993505080267, 2.997201192821675 ], [ 38.683970985658092, 2.997242977223417 ], [ 38.683944617159689, 2.997286891443695 ], [ 38.683895137218109, 2.997361063063859 ], [ 38.683787575162, 2.99751040522426 ], [ 38.683743428320476, 2.997574630700882 ], [ 38.683686784241459, 2.997658073524351 ], [ 38.683625362067644, 2.997743756157679 ], [ 38.68355852178685, 2.99783257852356 ], [ 38.683484946373888, 2.997926289471748 ], [ 38.683345501689708, 2.998096068888834 ], [ 38.683010266227619, 2.998492201871596 ], [ 38.682924917585105, 2.998596561907493 ], [ 38.682849513136517, 2.998692041704134 ], [ 38.68277549271783, 2.998789977287203 ], [ 38.682708180431533, 2.998883894212799 ], [ 38.682646544257885, 2.998975234356895 ], [ 38.682590047186551, 2.999064797650667 ], [ 38.682559165600438, 2.999113041500128 ], [ 38.682483615161431, 2.999224598905545 ], [ 38.682449797521038, 2.999279232204307 ], [ 38.682432049187859, 2.9993117394052 ], [ 38.682417275913586, 2.999342628743804 ], [ 38.682405186692677, 2.999372513167174 ], [ 38.682395657522989, 2.999401704648441 ], [ 38.68238680537489, 2.999440996255258 ], [ 38.682381245297499, 2.999485903373463 ], [ 38.682378757282436, 2.999530964475942 ], [ 38.682375902316473, 2.999648649294007 ], [ 38.682369739242041, 2.999712695756418 ], [ 38.682352074958949, 2.999807245588249 ], [ 38.682326762528113, 2.99991045167703 ], [ 38.682294182957534, 3.000022519004748 ], [ 38.68224014599835, 3.000192140368808 ], [ 38.682206250386827, 3.000285806289988 ], [ 38.682136810114443, 3.000452771896017 ], [ 38.68211130064995, 3.000517797289012 ], [ 38.682088431240182, 3.000584573528477 ], [ 38.682071674949341, 3.000645669254677 ], [ 38.682062836805457, 3.000690084418158 ], [ 38.68205598970637, 3.000740407068817 ], [ 38.682043045570794, 3.000901672123819 ], [ 38.682037320497429, 3.000955900435686 ], [ 38.682029684380879, 3.001004217260573 ], [ 38.682019838215737, 3.001047366534307 ], [ 38.682004292942835, 3.001100192975205 ], [ 38.681985815611725, 3.001154051329116 ], [ 38.681964397221961, 3.001208959594491 ], [ 38.681940025773322, 3.001264951768312 ], [ 38.68191270226604, 3.00132203385024 ], [ 38.681882377698983, 3.001380310831143 ], [ 38.681849005071477, 3.001439874703022 ], [ 38.681812488381439, 3.001500895451433 ], [ 38.681788719929685, 3.001537213327377 ], [ 38.681762047419504, 3.001573783183827 ], [ 38.681732223846147, 3.001610949991065 ], [ 38.681698748200048, 3.001649337695545 ], [ 38.681628050829623, 3.001723157363348 ], [ 38.681484135031766, 3.001862773395131 ], [ 38.681425792899375, 3.001921654345768 ], [ 38.681367995781535, 3.001985238889083 ], [ 38.681320033859564, 3.002045130744161 ], [ 38.681284607182583, 3.00209454749593 ], [ 38.681246797462727, 3.002150736663387 ], [ 38.681122835111708, 3.002346445825618 ], [ 38.681073806179562, 3.002420911420415 ], [ 38.680809446142007, 3.002807905140921 ], [ 38.680718266400326, 3.002935988129404 ], [ 38.680633885784701, 3.003049718354417 ], [ 38.680547281122102, 3.003160689820054 ], [ 38.6804628874971, 3.003262601067932 ], [ 38.680379445885414, 3.003356968967906 ], [ 38.680296246273286, 3.003444591451285 ], [ 38.680241580210854, 3.003498028870304 ], [ 38.680179202995554, 3.003555188973228 ], [ 38.679923800008105, 3.0037745301946 ], [ 38.679816750922079, 3.003872204827138 ], [ 38.679736307361829, 3.003954789744271 ], [ 38.679589960533498, 3.004118314709658 ], [ 38.679529492362676, 3.004183065154434 ], [ 38.679464150092677, 3.004246841687342 ], [ 38.679402051879762, 3.004299818152144 ], [ 38.679353412925877, 3.004336403024783 ], [ 38.679300936894123, 3.004372478944447 ], [ 38.67924413377483, 3.00440838788205 ], [ 38.679182032548873, 3.004444743785104 ], [ 38.679052828993036, 3.004513788912499 ], [ 38.678805922101866, 3.004636725469404 ], [ 38.678739149778522, 3.004669110719768 ], [ 38.678663568278353, 3.0047030588418 ], [ 38.678415187342253, 3.004806661073004 ], [ 38.678327178594401, 3.004844829839628 ], [ 38.678244285950512, 3.004883722539637 ], [ 38.678170914498203, 3.004921801302593 ], [ 38.678088278866369, 3.004969564234801 ], [ 38.678004073207298, 3.005023104668363 ], [ 38.677917398503354, 3.005082989554887 ], [ 38.677826513720184, 3.00515041579228 ], [ 38.677749225206306, 3.005210917617993 ], [ 38.6776641345417, 3.00528015569394 ], [ 38.677297385374104, 3.005587832360317 ], [ 38.677205680578901, 3.005661035098532 ], [ 38.677121207922688, 3.005725195613426 ], [ 38.677032101173232, 3.005789632108126 ], [ 38.676932146208692, 3.005859356153862 ], [ 38.676548528661613, 3.006117567113944 ], [ 38.676389050526687, 3.006228223664898 ], [ 38.676304005857141, 3.006289944391486 ], [ 38.676225787323411, 3.00634909833476 ], [ 38.676152859895353, 3.006406848395311 ], [ 38.676084460558258, 3.006463800521362 ], [ 38.675935934660195, 3.006594357341794 ], [ 38.675790949836795, 3.006728997806188 ], [ 38.675650177101154, 3.006867096967951 ], [ 38.675514249465657, 3.007008035880267 ], [ 38.675441436057959, 3.00708886494381 ], [ 38.675368905660839, 3.007175780480649 ], [ 38.675296024261947, 3.007269537425671 ], [ 38.675221680839954, 3.007371562656503 ], [ 38.675150286478782, 3.007475103753898 ], [ 38.675073534019404, 3.007591563737638 ], [ 38.674785894566128, 3.008048220452315 ], [ 38.674660398180791, 3.008239647988068 ], [ 38.674589583829999, 3.008341501231138 ], [ 38.674521169520958, 3.008434754216549 ], [ 38.67445380722782, 3.008521241786403 ], [ 38.674386786937099, 3.008601866863294 ], [ 38.674293091126387, 3.008706677868549 ], [ 38.674077418950326, 3.008937501067104 ], [ 38.673985048166493, 3.009042438060571 ], [ 38.673729875242508, 3.009337174760407 ], [ 38.673642388556061, 3.009440515888034 ], [ 38.673548207745327, 3.009557766817535 ], [ 38.673468541220039, 3.009665175587239 ], [ 38.673428832463109, 3.009722951619646 ], [ 38.673392360770563, 3.009779447760225 ], [ 38.67335891713843, 3.009834984981395 ], [ 38.673328372564335, 3.009889782264329 ], [ 38.673300593045667, 3.00994408558787 ], [ 38.67327554058172, 3.009997975944867 ], [ 38.673253159171566, 3.010051579324657 ], [ 38.673233406814298, 3.010104991718971 ], [ 38.673215603499841, 3.010162678741807 ], [ 38.673199648228412, 3.010227700128591 ], [ 38.673185289994763, 3.010299821899835 ], [ 38.673147651400775, 3.010512421535081 ], [ 38.673132876153865, 3.010578291847583 ], [ 38.673116772873925, 3.010636267844136 ], [ 38.67308224425765, 3.01074007189012 ], [ 38.67304244253603, 3.010845382809944 ], [ 38.672997330708419, 3.010952300594906 ], [ 38.672946848773698, 3.011060969232701 ], [ 38.672890973731455, 3.011171447718157 ], [ 38.672829530578412, 3.011284102019779 ], [ 38.672762348311451, 3.011399244110741 ], [ 38.672689114924566, 3.011517409944872 ], [ 38.672647554133363, 3.011579126637931 ], [ 38.672598078186311, 3.011646063885643 ], [ 38.672434350038579, 3.011850093362344 ], [ 38.672381516024728, 3.011918278504789 ], [ 38.672337767188452, 3.011978880296162 ], [ 38.672300334476709, 3.012035729407184 ], [ 38.67223178818189, 3.012150388541105 ], [ 38.672165641939962, 3.012270861170205 ], [ 38.672102036753728, 3.012396890316501 ], [ 38.672041148626519, 3.012528132009768 ], [ 38.671982764553448, 3.012663977302716 ], [ 38.671930987609429, 3.012794164080101 ], [ 38.671885338785778, 3.012919892238404 ], [ 38.671845591078295, 3.013041797722744 ], [ 38.671811519483086, 3.013160615469861 ], [ 38.671783115999965, 3.013276423472842 ], [ 38.6717603156279, 3.013389485708917 ], [ 38.671743084366419, 3.013499979162994 ], [ 38.671737075287709, 3.013554528448259 ], [ 38.671732735247488, 3.013615127208792 ], [ 38.671724586275033, 3.013860456990024 ], [ 38.671717165208165, 3.013966466824213 ], [ 38.671697615968604, 3.014164824678357 ], [ 38.671683102763453, 3.014277160970934 ], [ 38.671663770454131, 3.01438081301857 ], [ 38.671652278258591, 3.01442764097624 ], [ 38.671639410033258, 3.014471827163605 ], [ 38.671620897700855, 3.014524788596251 ], [ 38.671598404288957, 3.014579123913125 ], [ 38.671571707793831, 3.014635375067645 ], [ 38.671540310205863, 3.014694595968939 ], [ 38.671475111974921, 3.014804497512223 ], [ 38.671315426945419, 3.015054935971722 ], [ 38.671250055707283, 3.015160114923835 ], [ 38.671181719409901, 3.015266087809603 ], [ 38.671110376052376, 3.015372916623786 ], [ 38.671035972633767, 3.015480682359339 ], [ 38.670958468153415, 3.015589444011109 ], [ 38.670877763609212, 3.015699344566992 ], [ 38.670793762999423, 3.015810513015738 ], [ 38.67070633832158, 3.015923120342761 ], [ 38.670635672963016, 3.016011063790317 ], [ 38.670561786539615, 3.016099300215116 ], [ 38.67048452504838, 3.016188014601196 ], [ 38.670403681485332, 3.016277443928332 ], [ 38.67031912584801, 3.016367739183489 ], [ 38.670230415127818, 3.01645937932553 ], [ 38.670137143316857, 3.016552785318487 ], [ 38.670038679402893, 3.016648589108144 ], [ 38.669864769017792, 3.016812103099734 ], [ 38.669667471172446, 3.016991051774534 ], [ 38.669475261422853, 3.017161066218344 ], [ 38.669004445234521, 3.017572703979398 ], [ 38.668762437515319, 3.017789068453023 ], [ 38.668604112425911, 3.017928124548419 ], [ 38.668263554769801, 3.018213391139371 ], [ 38.668118153931026, 3.018338994388492 ], [ 38.668040467416688, 3.018409243372777 ], [ 38.66796942503408, 3.018476278629739 ], [ 38.667903608755552, 3.018541440044791 ], [ 38.667842324567687, 3.018605421558235 ], [ 38.667798277716514, 3.018654586339848 ], [ 38.66775095880481, 3.018711082489895 ], [ 38.66759950689633, 3.018903628952617 ], [ 38.667542292795517, 3.018973794927927 ], [ 38.667483553661263, 3.019040556198979 ], [ 38.66742762557633, 3.019097824288987 ], [ 38.667370329459459, 3.01914963685212 ], [ 38.667304019161811, 3.019203089280493 ], [ 38.667227900668088, 3.019259173489008 ], [ 38.667067353512508, 3.019371119931825 ], [ 38.666999395178138, 3.019420158743334 ], [ 38.666929921816902, 3.019474102131809 ], [ 38.666870373654234, 3.019525437737984 ], [ 38.666811367506433, 3.019581819907225 ], [ 38.666748034278143, 3.019647050314294 ], [ 38.666538533227396, 3.019878513456812 ], [ 38.666455674622114, 3.019966008953426 ], [ 38.666281473238136, 3.020138409177414 ], [ 38.666097779663239, 3.020311880316334 ], [ 38.665903823882473, 3.020487153307628 ], [ 38.665698402872287, 3.020665315058136 ], [ 38.665481587634318, 3.020846383566253 ], [ 38.665249325089142, 3.021033815536186 ], [ 38.664998134168798, 3.021230437726226 ], [ 38.664719123699122, 3.021443218540579 ], [ 38.664617314700898, 3.021517834166643 ], [ 38.664501989434079, 3.021598199306008 ], [ 38.664102258566849, 3.021863725653465 ], [ 38.663950164575944, 3.021967887763404 ], [ 38.663800113630579, 3.022077499400518 ], [ 38.663732756311013, 3.02213000591176 ], [ 38.663669417072065, 3.022181823479538 ], [ 38.663590405528858, 3.022249459691337 ], [ 38.663505008863083, 3.022325172209619 ], [ 38.663280636492267, 3.022531688522919 ], [ 38.66288064570081, 3.022900479938268 ], [ 38.662765488460551, 3.023010362524304 ], [ 38.662664305495177, 3.02311065592887 ], [ 38.66256259952354, 3.023216492854264 ], [ 38.662470334739538, 3.023318397112404 ], [ 38.662385957113095, 3.023418087555803 ], [ 38.662308685629263, 3.023516495104625 ], [ 38.662223945008357, 3.023632511136157 ], [ 38.662139674402162, 3.023755211589052 ], [ 38.662055699807503, 3.023884851441501 ], [ 38.661971743218928, 3.024021855657009 ], [ 38.66188799264102, 3.02416713915618 ], [ 38.66180614910688, 3.024319097076455 ], [ 38.661726117614791, 3.024477905402792 ], [ 38.661647760162097, 3.024643838111626 ], [ 38.661567451684554, 3.024828295219606 ], [ 38.661488291242328, 3.025028146995016 ], [ 38.66140867280599, 3.025247322099462 ], [ 38.661323777288665, 3.025499064391044 ], [ 38.661279363507958, 3.025647458590319 ], [ 38.661184650872173, 3.0260007981017 ], [ 38.661157050386009, 3.026091674262943 ], [ 38.661129387891002, 3.026172878260792 ], [ 38.661085954107548, 3.026292569942012 ], [ 38.661056993581745, 3.026367997440629 ], [ 38.66102829305558, 3.026436251559566 ], [ 38.66099979452747, 3.026496828342326 ], [ 38.660979212141847, 3.026535273033237 ], [ 38.660954534675568, 3.026576349499797 ], [ 38.660830255309236, 3.026760182697208 ], [ 38.660802368781255, 3.026805239821984 ], [ 38.660779485351497, 3.026846693254472 ], [ 38.660728658407791, 3.026952516141311 ], [ 38.660681507544005, 3.027065463409061 ], [ 38.660637994759419, 3.02718562305006 ], [ 38.660598055052787, 3.027313180048468 ], [ 38.660582028777164, 3.027374408765065 ], [ 38.660549787240328, 3.027520082190268 ], [ 38.660533258957663, 3.027585297562423 ], [ 38.660504272447085, 3.027680733330511 ], [ 38.660468757810811, 3.027784051422032 ], [ 38.66042619103991, 3.027897286661388 ], [ 38.66036478692083, 3.028051784346615 ], [ 38.66031777605486, 3.028158321168824 ], [ 38.660224030310296, 3.028348335807727 ], [ 38.660189030661748, 3.028422752398809 ], [ 38.660156633067594, 3.028499548781923 ], [ 38.660131519615689, 3.028570103699136 ], [ 38.660113627301257, 3.028629893541837 ], [ 38.66009602399803, 3.02869644479942 ], [ 38.660053763289461, 3.028881094861486 ], [ 38.660040068069542, 3.028953233632797 ], [ 38.66002893290861, 3.029034655599009 ], [ 38.660020828808584, 3.029115663598593 ], [ 38.66000354962307, 3.029323440640679 ], [ 38.659989865435072, 3.029435841929391 ], [ 38.659979662274992, 3.029494424870343 ], [ 38.659967612073928, 3.029548319218362 ], [ 38.659953483827998, 3.02959854488541 ], [ 38.659937130534715, 3.029645614827011 ], [ 38.659912320079556, 3.029704217777949 ], [ 38.65988240352209, 3.029763979632631 ], [ 38.659847071856703, 3.029825532336783 ], [ 38.659805622070117, 3.02989010278477 ], [ 38.659729502615996, 3.029996563636961 ], [ 38.659556052288025, 3.030220637393891 ], [ 38.659483552900959, 3.030319428906685 ], [ 38.659385263028362, 3.030463251545099 ], [ 38.659128163137893, 3.030849450345943 ], [ 38.659049553638681, 3.030962536627241 ], [ 38.658976984251005, 3.031062241061237 ], [ 38.65889132260746, 3.031172926555988 ], [ 38.658807746997432, 3.031272801983993 ], [ 38.658724656390348, 3.031363775181573 ], [ 38.65864119676948, 3.031446773069314 ], [ 38.658555980109199, 3.031524871382186 ], [ 38.658467290377601, 3.031601429830979 ], [ 38.658375356579015, 3.03167624943288 ], [ 38.658280434718598, 3.03174912220548 ], [ 38.658182776801098, 3.031819852165603 ], [ 38.658082702833056, 3.031888207333035 ], [ 38.657980529820485, 3.031953970726364 ], [ 38.657876595770141, 3.032016924364066 ], [ 38.657796190181436, 3.032062439491403 ], [ 38.657705992396679, 3.032110241428666 ], [ 38.657448937302938, 3.032237209651569 ], [ 38.657340313148019, 3.032287641376098 ], [ 38.657217350704705, 3.032339896954352 ], [ 38.657098528341244, 3.032387234954503 ], [ 38.656812465648407, 3.03249773762464 ], [ 38.65666847078537, 3.032556508656046 ], [ 38.656532523086405, 3.032617325504199 ], [ 38.656412189702692, 3.03267778137104 ], [ 38.656308702658194, 3.03273678834986 ], [ 38.656078397115991, 3.03287779733729 ], [ 38.655971572004134, 3.032936941306953 ], [ 38.655809454795921, 3.033022358048253 ], [ 38.655727037162201, 3.033062362653879 ], [ 38.65568502632749, 3.033080417125859 ], [ 38.655645232535512, 3.033095613843093 ], [ 38.655606956772012, 3.033108219783333 ], [ 38.655569832029919, 3.033118352936413 ], [ 38.655489977429426, 3.033134876570867 ], [ 38.65540864779485, 3.033145906681616 ], [ 38.655325842126089, 3.03315144426848 ], [ 38.655241561423246, 3.03315148933173 ], [ 38.655197860587933, 3.033212058127917 ], [ 38.655152885725599, 3.033270951070107 ], [ 38.655106744838292, 3.033328027170392 ], [ 38.655058799910734, 3.033380267690296 ], [ 38.655000184769001, 3.033434283065248 ], [ 38.654940284597366, 3.033483453860183 ], [ 38.654790597664714, 3.033599926905679 ], [ 38.654716821224191, 3.033663547461977 ], [ 38.654681929546165, 3.033697845523359 ], [ 38.654651308954165, 3.03373166762256 ], [ 38.654624433437874, 3.033765597709364 ], [ 38.654601048992383, 3.03379996075598 ], [ 38.654574671498445, 3.033849442497404 ], [ 38.654520620503732, 3.033973079847303 ], [ 38.654503889189698, 3.034003516228187 ], [ 38.654486424857019, 3.034029185022131 ], [ 38.654460627359178, 3.034058894473131 ], [ 38.65442817672718, 3.034088972897548 ], [ 38.654394287063774, 3.034116019585242 ], [ 38.65430719135508, 3.034180890044113 ], [ 38.654263918509919, 3.034217957872698 ], [ 38.654191925111775, 3.034289688726168 ], [ 38.654122156761829, 3.034365398233748 ], [ 38.654054870464805, 3.034444806419603 ], [ 38.653990336226094, 3.034527595310726 ], [ 38.653928803050505, 3.034613447934575 ], [ 38.653870557943378, 3.034701968325136 ], [ 38.653815860909774, 3.034792761516239 ], [ 38.653764964954384, 3.034885406544235 ], [ 38.653740691504225, 3.034936491145398 ], [ 38.653686812516028, 3.035063946165152 ], [ 38.653670293208869, 3.035097645263831 ], [ 38.653653711896915, 3.035126991738998 ], [ 38.653631208468951, 3.035160886825422 ], [ 38.653603625940121, 3.035196999724176 ], [ 38.653501939978057, 3.035314492643596 ], [ 38.653464919266511, 3.035360710675871 ], [ 38.653410619228374, 3.035435540247386 ], [ 38.653357381213738, 3.035513075584103 ], [ 38.653305207222822, 3.03559331168636 ], [ 38.653254099255477, 3.035676245554508 ], [ 38.653204059311939, 3.03576187318889 ], [ 38.653155090392062, 3.035850191589587 ], [ 38.653107191496034, 3.035941201756691 ], [ 38.653060362623734, 3.036034901690376 ], [ 38.652992594365521, 3.036175795559195 ], [ 38.652946964523771, 3.036277599791022 ], [ 38.652909732845131, 3.036370956746744 ], [ 38.652880559323798, 3.036457393294529 ], [ 38.652856984917726, 3.036546468609694 ], [ 38.652836879591227, 3.036647547883972 ], [ 38.652821424358009, 3.036747829223591 ], [ 38.652790657918544, 3.036978767275629 ], [ 38.652772787660489, 3.037109332998137 ], [ 38.652756911444428, 3.037242165522958 ], [ 38.652743014270307, 3.037377389839396 ], [ 38.652731079137837, 3.037515159934161 ], [ 38.652721096046989, 3.037655599796461 ], [ 38.652713044997391, 3.037798962404455 ], [ 38.652706912989132, 3.037945483737856 ], [ 38.652702686022081, 3.038095467770235 ], [ 38.652700369095456, 3.03824778159965 ], [ 38.652699905209559, 3.038404283065542 ], [ 38.652704536561991, 3.038732191703732 ], [ 38.652716631084694, 3.039084756203928 ], [ 38.652736718800838, 3.039477765200123 ], [ 38.652743660081164, 3.039655222848009 ], [ 38.652748124210028, 3.039704168611572 ], [ 38.652754699377063, 3.039747440864164 ], [ 38.652767194670389, 3.03979910338643 ], [ 38.652786272100236, 3.039855323509331 ], [ 38.652808575593752, 3.039909611796658 ], [ 38.652870016944348, 3.040047744801908 ], [ 38.652885954298284, 3.040088170293269 ], [ 38.652898542581688, 3.040124987099349 ], [ 38.652928563268532, 3.040226596288248 ], [ 38.65295511288523, 3.04032812348701 ], [ 38.652978094429379, 3.040429199727678 ], [ 38.65299743489939, 3.040529501038304 ], [ 38.653009650208347, 3.040608128228876 ], [ 38.653020223491126, 3.040695677649294 ], [ 38.653042386141379, 3.040951993465683 ], [ 38.653048617348276, 3.041054431602034 ], [ 38.653051250491828, 3.041168857704492 ], [ 38.65305088957183, 3.041279404144896 ], [ 38.653046707701769, 3.041550825676173 ], [ 38.653047906838282, 3.041692922387019 ], [ 38.653050722952358, 3.041765326123407 ], [ 38.6530551870962, 3.041833080260633 ], [ 38.653061378272078, 3.041897360696862 ], [ 38.653069357481783, 3.041958783378831 ], [ 38.653082866815446, 3.042035639721673 ], [ 38.653119236688433, 3.042210297588769 ], [ 38.653132288016245, 3.042291383566226 ], [ 38.653139788223555, 3.042361943458404 ], [ 38.653144803383221, 3.042435785068782 ], [ 38.653147381496808, 3.042513552341691 ], [ 38.653147562565913, 3.04259645117274 ], [ 38.653141538582155, 3.042770967085957 ], [ 38.65312329843848, 3.04305546549813 ], [ 38.65310683729512, 3.043294810813632 ], [ 38.65309803818247, 3.043377233693049 ], [ 38.653087339024502, 3.043450990323495 ], [ 38.653073938810728, 3.043523023105119 ], [ 38.653057731540692, 3.043595703832926 ], [ 38.653038721214564, 3.043669023507777 ], [ 38.653016909832274, 3.043742969130617 ], [ 38.652992300393983, 3.04381752970266 ], [ 38.652964898899675, 3.04389269022502 ], [ 38.652934709349637, 3.043968435699079 ], [ 38.652901739743726, 3.044044751125948 ], [ 38.652865986082055, 3.044121638505726 ], [ 38.652827466364947, 3.044199059841502 ], [ 38.652786190592607, 3.044276994135084 ], [ 38.652742169765133, 3.044355418388538 ], [ 38.652695416882864, 3.044434314603322 ], [ 38.652645947945935, 3.044513649782362 ], [ 38.652593781954955, 3.044593396927975 ], [ 38.652538939910173, 3.044673522042991 ], [ 38.6525073093038, 3.044714896490485 ], [ 38.652439900004033, 3.044793668732608 ], [ 38.652412966486288, 3.044827168857252 ], [ 38.652387484000187, 3.044863664721579 ], [ 38.652368126636397, 3.044898252746102 ], [ 38.65235597341298, 3.044926185340375 ], [ 38.652344632209328, 3.044958489555979 ], [ 38.652305196521262, 3.045096014695198 ], [ 38.65222053800661, 3.045343741341062 ], [ 38.652153383795721, 3.045528438423397 ], [ 38.652088069606314, 3.045693180229845 ], [ 38.652023065409978, 3.045841223480177 ], [ 38.651988973777605, 3.045912617333771 ], [ 38.651954351132026, 3.045980929454381 ], [ 38.651919072471003, 3.046046406820592 ], [ 38.651883043792644, 3.046109222417536 ], [ 38.651846157095008, 3.046169564229145 ], [ 38.651808365377285, 3.046227500249497 ], [ 38.651769605638094, 3.046283129470086 ], [ 38.651729826876561, 3.046336524884648 ], [ 38.651678666891065, 3.04639760064419 ], [ 38.651551847437723, 3.046535543817406 ], [ 38.651521563854651, 3.046572038685841 ], [ 38.651496083366844, 3.046606200752143 ], [ 38.651469261858118, 3.046648217140374 ], [ 38.651444854401412, 3.046694279176827 ], [ 38.651422596991637, 3.046744871819818 ], [ 38.651402040620766, 3.046801011981767 ], [ 38.651386462345371, 3.046850841685337 ], [ 38.651370889075451, 3.04690745380254 ], [ 38.651309547033321, 3.047156737295752 ], [ 38.651292140728607, 3.047216153171968 ], [ 38.651274195407559, 3.047268756637662 ], [ 38.651255638069365, 3.047315136641923 ], [ 38.651235642699035, 3.047357688978443 ], [ 38.651213958291926, 3.04739694760103 ], [ 38.651190417844866, 3.047433207484512 ], [ 38.651169850451055, 3.047460627129928 ], [ 38.651145176975774, 3.047490168595238 ], [ 38.651035065846777, 3.047611359203879 ], [ 38.651012021403794, 3.04763992975177 ], [ 38.650992635033425, 3.047666927432791 ], [ 38.650966576539062, 3.047707630933986 ], [ 38.650941515066606, 3.047750561241842 ], [ 38.650917462616377, 3.047795697358163 ], [ 38.650894433188448, 3.047843016284924 ], [ 38.650872436783182, 3.047892494024195 ], [ 38.650851493400786, 3.047944089579497 ], [ 38.650812831706247, 3.048053463152918 ], [ 38.650791475335225, 3.048129897560687 ], [ 38.650773343037606, 3.048216870054739 ], [ 38.650759495826172, 3.048303202600749 ], [ 38.650731921427152, 3.048502922353243 ], [ 38.650714985178297, 3.048620929162878 ], [ 38.650699685964121, 3.048740771812541 ], [ 38.650686019784303, 3.048862485299041 ], [ 38.650673980638999, 3.048986110619013 ], [ 38.65065477145135, 3.049239266744444 ], [ 38.650642020400788, 3.049500724147065 ], [ 38.650625527303013, 3.049798054450796 ], [ 38.650622263336643, 3.04992376058397 ], [ 38.65062346941378, 3.049990352824976 ], [ 38.650627118536484, 3.050052227472004 ], [ 38.650633279707165, 3.05011055442367 ], [ 38.650642020927762, 3.050165924628956 ], [ 38.650659644349389, 3.05024867445985 ], [ 38.650682133871172, 3.050333668092764 ], [ 38.650709318489113, 3.050420251584326 ], [ 38.650740913196728, 3.050507514013896 ], [ 38.650767931792664, 3.050570675530832 ], [ 38.650800529501993, 3.05063454698207 ], [ 38.650839045331985, 3.050699806308601 ], [ 38.650884240299071, 3.050767747397774 ], [ 38.650926259193902, 3.05082559536226 ], [ 38.650975271234564, 3.050888980842359 ], [ 38.651143344793581, 3.051094452941586 ], [ 38.651203730074137, 3.051170600309123 ], [ 38.651259916269531, 3.051246341715093 ], [ 38.651307293282514, 3.051316541607343 ], [ 38.651467715726312, 3.05157169541696 ], [ 38.651592586414743, 3.051780083298746 ], [ 38.651648391619915, 3.051877895796737 ], [ 38.651700066738734, 3.051972044614784 ], [ 38.651748095781642, 3.052063410676405 ], [ 38.65179276275483, 3.052152536934383 ], [ 38.651841693828501, 3.05225960163789 ], [ 38.651946303138999, 3.052507640107668 ], [ 38.651973430734138, 3.052566990954253 ], [ 38.651999536303691, 3.052619975352048 ], [ 38.652052812458443, 3.052718673775526 ], [ 38.652112364741747, 3.052819457013722 ], [ 38.652178735165151, 3.05292324798639 ], [ 38.652253014752148, 3.053031756544958 ], [ 38.652328394357902, 3.053135999471303 ], [ 38.65241490519697, 3.053250666487591 ], [ 38.652709760453206, 3.053626764732737 ], [ 38.652824185877762, 3.053768564380773 ], [ 38.653112166965883, 3.054107627833659 ], [ 38.653240179677333, 3.054264998124546 ], [ 38.653304985054596, 3.054350407687884 ], [ 38.653374562537479, 3.054447461240713 ], [ 38.653603379428304, 3.054784323931554 ], [ 38.653693136343243, 3.054912015819169 ], [ 38.653787880357164, 3.055037394902757 ], [ 38.65383342532197, 3.055093429021484 ], [ 38.653878482273967, 3.055145938445328 ], [ 38.653915405051727, 3.055185828966765 ], [ 38.653958387954219, 3.055228637231048 ], [ 38.654116415263054, 3.055374428499091 ], [ 38.654177354541474, 3.055433774319169 ], [ 38.65423584277422, 3.055497890728693 ], [ 38.654260693300806, 3.055528794036826 ], [ 38.654283039776651, 3.055559441369165 ], [ 38.654315556474508, 3.055610846898521 ], [ 38.654347652170529, 3.055670585707693 ], [ 38.654376957811699, 3.055732424337636 ], [ 38.654451412448708, 3.055899507831766 ], [ 38.654475457973298, 3.05594825059811 ], [ 38.654498803478958, 3.055990922889992 ], [ 38.654512917785617, 3.056017952541698 ], [ 38.65452847112762, 3.056052941504031 ], [ 38.654596910647356, 3.056225348542757 ], [ 38.654614347028875, 3.056262111350279 ], [ 38.654630712382108, 3.056290589874858 ], [ 38.654641386609768, 3.056305575570632 ], [ 38.654651906831688, 3.056317373542231 ], [ 38.654662340049462, 3.056326058782949 ], [ 38.654672731263858, 3.056331666289723 ], [ 38.654683130475981, 3.056334219060707 ], [ 38.654693553686236, 3.056333715095882 ], [ 38.654704025894986, 3.056330151395664 ], [ 38.654714567102701, 3.056323522960293 ], [ 38.654750527800736, 3.056287566040353 ], [ 38.654763881063538, 3.056278687797238 ], [ 38.6547775313351, 3.05627335724718 ], [ 38.654791501615954, 3.056271567390673 ], [ 38.654805823906678, 3.056273312228299 ], [ 38.654820517207824, 3.056278588760391 ], [ 38.654835647520557, 3.056287413985161 ], [ 38.654851274846131, 3.056299822899804 ], [ 38.654867494186625, 3.056315888497763 ], [ 38.654894020748344, 3.056348211681836 ], [ 38.654923153370625, 3.056390677986888 ], [ 38.654953308019138, 3.056440053693594 ], [ 38.655031346703005, 3.056574778982721 ], [ 38.655054123191462, 3.056610429882104 ], [ 38.655074173618573, 3.056638144469813 ], [ 38.655124589691788, 3.056706682503588 ], [ 38.655176477803089, 3.056785930610195 ], [ 38.65522463283979, 3.056866038645524 ], [ 38.655345019437945, 3.057074625514607 ], [ 38.655381513222459, 3.057134080344949 ], [ 38.655415800956966, 3.057186485786498 ], [ 38.655462933962909, 3.057254088903784 ], [ 38.655516425101908, 3.057327216538341 ], [ 38.655759932273597, 3.057643846967501 ], [ 38.655816264472051, 3.057719723362111 ], [ 38.655865308517832, 3.057788761353866 ], [ 38.655996395315391, 3.057976048056222 ], [ 38.656061668711132, 3.058072813637588 ], [ 38.656121454994917, 3.058168234339705 ], [ 38.6561709750654, 3.058256199694648 ], [ 38.656195322596169, 3.058305085448592 ], [ 38.656218409104021, 3.058357108932173 ], [ 38.656240442593365, 3.058412734105327 ], [ 38.65626177207217, 3.058472835891847 ], [ 38.656300530955257, 3.058598703978491 ], [ 38.656369556552477, 3.058853547889943 ], [ 38.656400575263625, 3.05895977568087 ], [ 38.656437601098581, 3.059068977209867 ], [ 38.656476640962936, 3.059164108953772 ], [ 38.656512483745836, 3.059237895545613 ], [ 38.656553774639868, 3.059313117008974 ], [ 38.656600948654599, 3.059390575274327 ], [ 38.656654946810256, 3.0594718222067 ], [ 38.656704023856861, 3.059541020184634 ], [ 38.656760628061186, 3.05961721155195 ], [ 38.657015433472495, 3.059947975750745 ], [ 38.657076308769241, 3.060031959440987 ], [ 38.657128984895067, 3.060109285713374 ], [ 38.657175988904065, 3.060183762236639 ], [ 38.657217457799142, 3.060255730981312 ], [ 38.657253951592509, 3.060326166862382 ], [ 38.657285756290321, 3.060395628831431 ], [ 38.657357677886459, 3.060575412230432 ], [ 38.65739166264482, 3.060665487415639 ], [ 38.657425009393677, 3.060759908225668 ], [ 38.657458000139414, 3.060859470591459 ], [ 38.657491117892967, 3.060965628386963 ], [ 38.657557117408402, 3.061194309563332 ], [ 38.657684350355048, 3.061666956598665 ], [ 38.657741000660032, 3.061868472131271 ], [ 38.657805656133775, 3.062078936883828 ], [ 38.657837703857318, 3.062174532593477 ], [ 38.657870117584551, 3.062265381713165 ], [ 38.65791812665163, 3.062387409124952 ], [ 38.658016733827857, 3.062618494067597 ], [ 38.658055573688102, 3.062713347836012 ], [ 38.658092687517275, 3.062812911198613 ], [ 38.658121843178549, 3.062903614333586 ], [ 38.658148158792706, 3.06300726935122 ], [ 38.658200359056565, 3.063270037592247 ], [ 38.658214801398529, 3.063333104128362 ], [ 38.658229724744558, 3.063389031281343 ], [ 38.658253556286617, 3.063465075687964 ], [ 38.658283312954218, 3.063548494452376 ], [ 38.658401217571722, 3.063843930816485 ], [ 38.658445489562013, 3.063964340371388 ], [ 38.658553763007639, 3.064288391269659 ], [ 38.658592780895084, 3.064412826480619 ], [ 38.658626464666654, 3.064527052578605 ], [ 38.658656844369048, 3.064638387929107 ], [ 38.658683073983354, 3.064744258755451 ], [ 38.658705467516761, 3.064845938947097 ], [ 38.658724184973195, 3.064944162440611 ], [ 38.658734562236454, 3.065011486612033 ], [ 38.658742647455753, 3.065081790527683 ], [ 38.658748501632864, 3.065155607141484 ], [ 38.658752200769968, 3.06523387137254 ], [ 38.658753823871479, 3.065320214906861 ], [ 38.658753302937122, 3.065415806643376 ], [ 38.65874150901184, 3.065808931667328 ], [ 38.658740542128839, 3.065980323851327 ], [ 38.658743416261132, 3.066073542790298 ], [ 38.658749067444319, 3.066160136299792 ], [ 38.658757609682084, 3.066241837230055 ], [ 38.658769136976765, 3.066319509506043 ], [ 38.658809840979657, 3.066545948897898 ], [ 38.658827543405884, 3.066632043440928 ], [ 38.658845494830949, 3.066710228667481 ], [ 38.658864929283418, 3.066785381155039 ], [ 38.658885505755215, 3.066855693060098 ], [ 38.658907465251765, 3.06692198431174 ], [ 38.658930960776459, 3.066984710870193 ], [ 38.658957259354757, 3.067043563761302 ], [ 38.658991433096006, 3.067107403215057 ], [ 38.65902709386404, 3.067166894043456 ], [ 38.659113948728709, 3.067304762055223 ], [ 38.659153578583947, 3.067373069118315 ], [ 38.659185606282001, 3.067437112556198 ], [ 38.659209655815751, 3.067497094351555 ], [ 38.659230434292063, 3.067567931211167 ], [ 38.659246807687104, 3.06764859222507 ], [ 38.659258551991172, 3.067732271981726 ], [ 38.65928415569126, 3.067961584137716 ], [ 38.659295284970668, 3.068029986215675 ], [ 38.659308548286745, 3.068090381983911 ], [ 38.659323066622122, 3.068143167409113 ], [ 38.659340280013275, 3.068197450702607 ], [ 38.659360331463219, 3.068253687824991 ], [ 38.659383508978514, 3.068312688705909 ], [ 38.659438566191092, 3.068438290803732 ], [ 38.659561402877998, 3.0686953984789 ], [ 38.659611798984834, 3.068806627822957 ], [ 38.659637314549236, 3.068867823512297 ], [ 38.659659455042522, 3.068925490509372 ], [ 38.659678659474615, 3.068980771715037 ], [ 38.659695125849986, 3.069034247079133 ], [ 38.659720286430918, 3.06912532418564 ], [ 38.659743698977358, 3.069217275217999 ], [ 38.659765298487521, 3.069309852197769 ], [ 38.659785026960279, 3.069402805146497 ], [ 38.659800365340288, 3.069490672538503 ], [ 38.65981301467469, 3.069589521983271 ], [ 38.659822071932609, 3.069683532849169 ], [ 38.659839694460565, 3.069899006208394 ], [ 38.659850003748538, 3.069998836570292 ], [ 38.659861408045408, 3.070082191355511 ], [ 38.659874929378958, 3.070157897800267 ], [ 38.659908742198489, 3.070328768002296 ], [ 38.659922519518837, 3.070381420439708 ], [ 38.659937860865639, 3.070427573437696 ], [ 38.659957748305338, 3.070474973324164 ], [ 38.659983465865828, 3.070526329864059 ], [ 38.660012628496453, 3.070578209355932 ], [ 38.660072713791088, 3.070679270571334 ], [ 38.660115380706529, 3.070746082761488 ], [ 38.660168146829506, 3.070817448549903 ], [ 38.66022257798263, 3.070884231733004 ], [ 38.660359821884143, 3.07104536469355 ], [ 38.660427492320579, 3.071132047145885 ], [ 38.660459375001295, 3.07117789015744 ], [ 38.660487009595016, 3.071222124311449 ], [ 38.660510880111872, 3.071265525540425 ], [ 38.660531211556965, 3.07130851480792 ], [ 38.660557865147268, 3.07137331718476 ], [ 38.660581918685537, 3.07143888749729 ], [ 38.660603077165298, 3.071504416815609 ], [ 38.660621113581414, 3.071569201200958 ], [ 38.660635645928672, 3.071636359383957 ], [ 38.660645888192313, 3.071707462229313 ], [ 38.660651951375264, 3.071783236674337 ], [ 38.660653955481209, 3.071865145592336 ], [ 38.660652708512387, 3.07193580248557 ], [ 38.660648907498484, 3.072014656672246 ], [ 38.660627357286479, 3.07229444750396 ], [ 38.66062111424867, 3.07240519693553 ], [ 38.660614154199187, 3.072519313076771 ], [ 38.660601302040789, 3.072646181120473 ], [ 38.660585210814659, 3.072770166415935 ], [ 38.660540359158837, 3.073083752345379 ], [ 38.660520933902298, 3.073254022642789 ], [ 38.66051410683577, 3.073343490914539 ], [ 38.6605105788313, 3.073427202681291 ], [ 38.660510287888975, 3.073506700809676 ], [ 38.660513233009212, 3.073582782230785 ], [ 38.66052113523606, 3.073666985945862 ], [ 38.660535247596172, 3.07376073383093 ], [ 38.660552086007215, 3.073849469147038 ], [ 38.660594799034229, 3.074054852359325 ], [ 38.660612457469618, 3.074153209843061 ], [ 38.660624104774442, 3.074240337302423 ], [ 38.660630105959285, 3.074319896420544 ], [ 38.66063086205741, 3.074423524462352 ], [ 38.660624624023399, 3.074538825500887 ], [ 38.660613507889721, 3.074652683667975 ], [ 38.66057876142326, 3.074947500212465 ], [ 38.660571305341371, 3.075033566779023 ], [ 38.660567175319763, 3.075110946093812 ], [ 38.660566617348536, 3.075161124756876 ], [ 38.660568236425945, 3.075217006925213 ], [ 38.660583349907689, 3.075437864822447 ], [ 38.660586361043364, 3.075531533723492 ], [ 38.660585192060154, 3.075581991362984 ], [ 38.660581652025797, 3.075628548341501 ], [ 38.660575668939785, 3.075672136578713 ], [ 38.66056717580102, 3.075713222034258 ], [ 38.660553316560488, 3.075762635774235 ], [ 38.660535526241695, 3.075813555387171 ], [ 38.660513665842188, 3.075866385838208 ], [ 38.66048742735645, 3.075921877062922 ], [ 38.660458641818693, 3.075976841335201 ], [ 38.6604245141774, 3.076037169148097 ], [ 38.660315452117281, 3.076216617725194 ], [ 38.66027972644018, 3.076272506923048 ], [ 38.660237671638889, 3.076333108718799 ], [ 38.660079859618733, 3.076543926623797 ], [ 38.660018777453587, 3.076630121222677 ], [ 38.659959241324209, 3.076722172314149 ], [ 38.65989625613549, 3.076827086296686 ], [ 38.659706409570802, 3.077166345125705 ], [ 38.659639975320339, 3.077281211250816 ], [ 38.659576488119832, 3.077383990418372 ], [ 38.659515328956971, 3.077475106592084 ], [ 38.65946544800294, 3.07754246980978 ], [ 38.659336251524159, 3.077707134681313 ], [ 38.659301808866275, 3.077754704597451 ], [ 38.659272595311187, 3.077798717816764 ], [ 38.659242155737523, 3.077850392374789 ], [ 38.659172050426569, 3.077982402021191 ], [ 38.659137742780601, 3.078041425947189 ], [ 38.659080673697964, 3.07812954737656 ], [ 38.659023144601846, 3.078212378263603 ], [ 38.658964975488743, 3.078290178585926 ], [ 38.658906056356599, 3.078363092331359 ], [ 38.658846257202903, 3.078431277486098 ], [ 38.658785557027151, 3.078494749049039 ], [ 38.658723904828456, 3.078553561015472 ], [ 38.658661264606202, 3.078607746382663 ], [ 38.6586312330178, 3.078630731420275 ], [ 38.658554894518431, 3.078684595826163 ], [ 38.658517422786119, 3.078715616175221 ], [ 38.658493957331459, 3.078739944091487 ], [ 38.65847055188182, 3.078769134587284 ], [ 38.658447133435715, 3.078802842692731 ], [ 38.658381947199139, 3.078903608035894 ], [ 38.658359557770616, 3.078933417477432 ], [ 38.658337619347314, 3.078958325342307 ], [ 38.65831086582692, 3.078983646175322 ], [ 38.658278695197694, 3.079009624955898 ], [ 38.658171640094345, 3.079084278589883 ], [ 38.658137425423348, 3.079109674422454 ], [ 38.658109569879194, 3.079133023426811 ], [ 38.658085895419283, 3.079156087452488 ], [ 38.658039864532668, 3.079210386796392 ], [ 38.657960033005608, 3.079317893568799 ], [ 38.657919631229539, 3.079368185254674 ], [ 38.657823661380753, 3.079481134569652 ], [ 38.657781922580035, 3.079534419997757 ], [ 38.657758938141853, 3.079567144187945 ], [ 38.657739233768794, 3.079598527491358 ], [ 38.657722415453463, 3.079629198853916 ], [ 38.657708309192749, 3.079659483247788 ], [ 38.65769830301155, 3.079685751985364 ], [ 38.657689057848714, 3.079715676406484 ], [ 38.657660279362503, 3.079834712141241 ], [ 38.657645378100945, 3.079884212874854 ], [ 38.65762320969926, 3.079941968900795 ], [ 38.657597350223796, 3.080000763839926 ], [ 38.657567680672436, 3.080060875668338 ], [ 38.657533979040963, 3.080122750347618 ], [ 38.657496467333708, 3.080186098902625 ], [ 38.657454092530834, 3.080252799171885 ], [ 38.657406009616459, 3.080324220037794 ], [ 38.657348703523731, 3.080405587051443 ], [ 38.657314730872656, 3.080449860252251 ], [ 38.657273957086737, 3.08049716419677 ], [ 38.657133467365526, 3.080644040615639 ], [ 38.657085073430487, 3.080697400042832 ], [ 38.657042129605117, 3.080750423494636 ], [ 38.657007076937461, 3.080801112141939 ], [ 38.656987512570254, 3.080836245121168 ], [ 38.656941107709628, 3.080932508838626 ], [ 38.65692497840503, 3.080959014560738 ], [ 38.656908186083179, 3.080980896683069 ], [ 38.656889025711671, 3.081000415011596 ], [ 38.656865309248232, 3.08102013332645 ], [ 38.656782806626765, 3.081077047474036 ], [ 38.656755353088585, 3.081097755706437 ], [ 38.656655892147256, 3.08118312440837 ], [ 38.656559279268031, 3.081274214613535 ], [ 38.656465932459056, 3.081370633355617 ], [ 38.656376283728761, 3.081471933672686 ], [ 38.65629073808482, 3.081577662603795 ], [ 38.65620975253622, 3.081687259196831 ], [ 38.656133744090809, 3.081800161500341 ], [ 38.656063111756112, 3.081915773565192 ], [ 38.656022817002153, 3.08199096509906 ], [ 38.655935201379584, 3.082175510219914 ], [ 38.65589229857823, 3.082257363180115 ], [ 38.655821228239446, 3.082378856737116 ], [ 38.655756809019586, 3.082481009960308 ], [ 38.655694045823999, 3.082571729170424 ], [ 38.655631584626882, 3.082652888206495 ], [ 38.655594015902842, 3.082696696450608 ], [ 38.655549969050632, 3.082743797415388 ], [ 38.655402922195726, 3.082889171969968 ], [ 38.655352890225942, 3.082940543570502 ], [ 38.655231472879748, 3.083074381101452 ], [ 38.655103305410762, 3.083225133176086 ], [ 38.654957846615979, 3.083405452709287 ], [ 38.654653906786599, 3.083795139275923 ], [ 38.654519728210097, 3.083963351846497 ], [ 38.654373954404079, 3.084137508912788 ], [ 38.654305243078177, 3.084215541224361 ], [ 38.654238111780529, 3.084288923936569 ], [ 38.654069437515901, 3.084468384563117 ], [ 38.653939640000928, 3.084602794051718 ], [ 38.653820028679363, 3.084721853858765 ], [ 38.653707692494727, 3.084828276752109 ], [ 38.653548452390979, 3.084970521587569 ], [ 38.653366066829314, 3.085124920391337 ], [ 38.653223460041268, 3.085241671416623 ], [ 38.653092924486877, 3.085345693532259 ], [ 38.652969506069319, 3.085440930401478 ], [ 38.652851269750599, 3.085528862897719 ], [ 38.652735858484533, 3.085611205874735 ], [ 38.652623300271564, 3.085687894338113 ], [ 38.652512880097639, 3.085759416246386 ], [ 38.652404119953339, 3.085826078573259 ], [ 38.652338561658425, 3.085863305409038 ], [ 38.652178276488584, 3.085949467092455 ], [ 38.652098454913684, 3.085996874060037 ], [ 38.652056549089622, 3.086025231643166 ], [ 38.65201424126014, 3.086057026929633 ], [ 38.651971084416566, 3.0860925938907 ], [ 38.651926219542098, 3.086132637466376 ], [ 38.65184665799628, 3.086209865856508 ], [ 38.65166693151243, 3.086394307062155 ], [ 38.651578185786008, 3.086477807917664 ], [ 38.651536325968621, 3.086513334881339 ], [ 38.65149554617016, 3.086545143165385 ], [ 38.651455280379324, 3.086573671732454 ], [ 38.651415203589892, 3.086599150563037 ], [ 38.65133707104512, 3.086641625955454 ], [ 38.651153412403161, 3.086728055634791 ], [ 38.651073577823468, 3.08676994607919 ], [ 38.65102042377525, 3.08680218133632 ], [ 38.650966704718627, 3.086838228264547 ], [ 38.650911945644289, 3.08687840283698 ], [ 38.650855298535554, 3.086923325000687 ], [ 38.650800685469079, 3.086969485055608 ], [ 38.650741337312077, 3.087022240544484 ], [ 38.650518032966822, 3.087230714708778 ], [ 38.650421971094616, 3.087316654359602 ], [ 38.650368575051459, 3.087361440532366 ], [ 38.650317621054107, 3.087401653098476 ], [ 38.650268107082745, 3.087438080990448 ], [ 38.65021951312724, 3.087471104175898 ], [ 38.65008587549319, 3.087554011119292 ], [ 38.649936468542194, 3.08763892090237 ], [ 38.649767886206874, 3.08772799234133 ], [ 38.649545251797541, 3.087839661871076 ], [ 38.649459142090201, 3.087880514410351 ], [ 38.649361717155848, 3.087923385784408 ], [ 38.649045587871399, 3.088052798856582 ], [ 38.648936051695095, 3.088099279928458 ], [ 38.648835004690071, 3.088145355028515 ], [ 38.648745127909955, 3.088190241222264 ], [ 38.648640542843275, 3.088248591264448 ], [ 38.648534834760007, 3.088314468656952 ], [ 38.648427082641852, 3.088388438351934 ], [ 38.648315661456891, 3.088471615254096 ], [ 38.648206699324909, 3.088558753811982 ], [ 38.648088341013363, 3.088658723268662 ], [ 38.647967870663706, 3.08876458021824 ], [ 38.647637434223583, 3.089060390922617 ], [ 38.647535007224747, 3.089148972350554 ], [ 38.647441832404098, 3.089226563720811 ], [ 38.647332839270618, 3.08931273236258 ], [ 38.647228740228613, 3.089389594804731 ], [ 38.647127484237785, 3.089458658918387 ], [ 38.647028008277303, 3.089520644642428 ], [ 38.646947261682421, 3.089566648732305 ], [ 38.646753771856687, 3.089671861796903 ], [ 38.64665941199447, 3.089727396074248 ], [ 38.646580074432173, 3.089778486723507 ], [ 38.646494608751709, 3.089836711761087 ], [ 38.646272835398698, 3.089997072083078 ], [ 38.645980599659836, 3.090204999351619 ], [ 38.64591066528822, 3.090256927920876 ], [ 38.645849393088426, 3.090304837830328 ], [ 38.645784426819212, 3.090359201185191 ], [ 38.645726084682813, 3.090412346639833 ], [ 38.64567329665848, 3.090465253110702 ], [ 38.645625544736198, 3.090518446552629 ], [ 38.645601410272612, 3.090548585967686 ], [ 38.645576038788079, 3.090583646958414 ], [ 38.645472000810933, 3.090739795549169 ], [ 38.645445012294111, 3.09077543149158 ], [ 38.645418770788382, 3.090806100862519 ], [ 38.645375731953081, 3.090849045186371 ], [ 38.645324109945221, 3.090893113420069 ], [ 38.645270903902656, 3.090933756950981 ], [ 38.645131750171437, 3.091034656344585 ], [ 38.645092883410499, 3.09106510574476 ], [ 38.645059164752041, 3.091093756296331 ], [ 38.644877970220584, 3.091256051418592 ], [ 38.644817348041691, 3.091313564497749 ], [ 38.644764234011106, 3.091366929929342 ], [ 38.644713744034469, 3.091421387264371 ], [ 38.644668526163265, 3.091474468714089 ], [ 38.644627945385302, 3.091526923214088 ], [ 38.644591676694219, 3.091579172728471 ], [ 38.644563755166665, 3.091624797808429 ], [ 38.644492785832938, 3.091749968049605 ], [ 38.644438188799178, 3.091836732596227 ], [ 38.644379877690902, 3.091924017100986 ], [ 38.64431776050619, 3.092011954552296 ], [ 38.644251712242657, 3.092100725934899 ], [ 38.644181662899115, 3.092190430240132 ], [ 38.644107310469593, 3.092281465433795 ], [ 38.644028371948792, 3.092374175486423 ], [ 38.643944386327718, 3.092469104351518 ], [ 38.643886078198896, 3.092530833064629 ], [ 38.643818150879305, 3.092597071395967 ], [ 38.64359429851811, 3.092799610075674 ], [ 38.64351911505527, 3.092870044050278 ], [ 38.643453086774166, 3.092936453365267 ], [ 38.643395987670822, 3.092999467966436 ], [ 38.643362885034215, 3.093039751512274 ], [ 38.643285224544705, 3.093139229979232 ], [ 38.643243154733845, 3.09318824077823 ], [ 38.643193829776258, 3.093237084597531 ], [ 38.643135098629067, 3.093286643362745 ], [ 38.643069576344331, 3.093335624183367 ], [ 38.642935069701196, 3.0934292602013 ], [ 38.642879445609488, 3.09346960276043 ], [ 38.642823272509951, 3.093514080962542 ], [ 38.642775666582139, 3.093556798309987 ], [ 38.642715517414786, 3.093616846169902 ], [ 38.642655751258239, 3.093680673703044 ], [ 38.642596295110991, 3.093748359902475 ], [ 38.64253704497122, 3.093820021758183 ], [ 38.642477953837812, 3.093895707266151 ], [ 38.642418776706144, 3.093975724399816 ], [ 38.642359303572164, 3.094060353135269 ], [ 38.642299188429362, 3.094150086430236 ], [ 38.642220381935275, 3.094272693899606 ], [ 38.642154578691859, 3.094380323652762 ], [ 38.642097031609588, 3.094480750021614 ], [ 38.642046628667487, 3.094575976834079 ], [ 38.642001995839983, 3.094668767852236 ], [ 38.641963446133161, 3.094758671115117 ], [ 38.641930703541952, 3.094846332566912 ], [ 38.641903622063495, 3.094932147173732 ], [ 38.641880878675259, 3.09502089652343 ], [ 38.64186068634627, 3.095119279038677 ], [ 38.641842459066503, 3.095229506528929 ], [ 38.641822711782417, 3.09537261817893 ], [ 38.641813334670339, 3.095468899866977 ], [ 38.641808958668868, 3.095577079522905 ], [ 38.641808788748229, 3.095680098621362 ], [ 38.641812649017723, 3.095918178046286 ], [ 38.641811367082326, 3.096030763319182 ], [ 38.641805850049707, 3.096128887844915 ], [ 38.641795741916731, 3.09621760218752 ], [ 38.641779605667246, 3.096312907965582 ], [ 38.641758671323736, 3.096411802437405 ], [ 38.641732744882916, 3.09651522252218 ], [ 38.641701377337206, 3.096624960065597 ], [ 38.641668618758914, 3.096729046098464 ], [ 38.641629582063011, 3.096844766131177 ], [ 38.641481086396141, 3.097260350342733 ], [ 38.641373538467768, 3.097565050102269 ], [ 38.641294481039324, 3.097775596974117 ], [ 38.641255456328892, 3.097872807606278 ], [ 38.641216921623425, 3.097963936763642 ], [ 38.641178358913486, 3.098050208340623 ], [ 38.64113946119339, 3.098132302278954 ], [ 38.641089322256569, 3.098227456097919 ], [ 38.640962109864425, 3.098449665001432 ], [ 38.640931231288228, 3.098509132888188 ], [ 38.640905717816509, 3.098563784186897 ], [ 38.640865429082105, 3.098662949651275 ], [ 38.640828733425145, 3.098768172589417 ], [ 38.640795413841786, 3.098880066948413 ], [ 38.640765147326363, 3.098999713635139 ], [ 38.640738172882386, 3.099125453792595 ], [ 38.64071310348649, 3.099262996928797 ], [ 38.640689258127367, 3.099415584764122 ], [ 38.640662984750129, 3.099606532287044 ], [ 38.640651741610007, 3.099714790942328 ], [ 38.640645240574543, 3.099833953651647 ], [ 38.640643097645174, 3.099975489424346 ], [ 38.640646132951524, 3.100279807128224 ], [ 38.640645215039775, 3.10041245766768 ], [ 38.640639132029257, 3.100552020614152 ], [ 38.640633861973967, 3.100615629122585 ], [ 38.640627024884573, 3.100676246890631 ], [ 38.640595247450982, 3.1009353055335 ], [ 38.640578990219183, 3.101055477163762 ], [ 38.640559743926346, 3.101174842866127 ], [ 38.640538702586447, 3.101280887720865 ], [ 38.640512779147279, 3.101386123649502 ], [ 38.640483169626812, 3.101482881313687 ], [ 38.640449426017092, 3.101572614588107 ], [ 38.640411261313027, 3.101656069408696 ], [ 38.640383532790757, 3.10170340934108 ], [ 38.640323020637332, 3.101789797926271 ], [ 38.640300264206033, 3.101825217884497 ], [ 38.640280435835791, 3.101863131624907 ], [ 38.640267419601422, 3.101898778555534 ], [ 38.640261811508253, 3.101923845394357 ], [ 38.640258121456718, 3.101952489922538 ], [ 38.640253607448948, 3.10205599698318 ], [ 38.640249439397373, 3.102096540483608 ], [ 38.640240661256691, 3.102142146550447 ], [ 38.640228435047383, 3.102188986513413 ], [ 38.640212640767224, 3.102237539331344 ], [ 38.640192981411182, 3.102288717925509 ], [ 38.640150191622809, 3.102383666756849 ], [ 38.640064499028298, 3.102554157096333 ], [ 38.640032408433633, 3.102621052342792 ], [ 38.640002737889418, 3.102689817425625 ], [ 38.639979734475176, 3.102752753006841 ], [ 38.639957700087329, 3.102824043865281 ], [ 38.639935738707699, 3.102903776994348 ], [ 38.639861437452325, 3.103209444645617 ], [ 38.63982690285718, 3.103337050648891 ], [ 38.639785102119575, 3.103470062190989 ], [ 38.639734448213083, 3.103615461669987 ], [ 38.639677437183522, 3.103767774556927 ], [ 38.639511505175669, 3.104196648638563 ], [ 38.63946299130324, 3.10433060810438 ], [ 38.639422346579323, 3.104451711674521 ], [ 38.639405233279255, 3.10450850378181 ], [ 38.639388209986386, 3.104571970312404 ], [ 38.639327324964242, 3.104830400034625 ], [ 38.639297776456225, 3.104941073496961 ], [ 38.639279068126029, 3.105000432383862 ], [ 38.639259367771743, 3.105054882695606 ], [ 38.639238278386372, 3.105105516338267 ], [ 38.639215572965647, 3.10515286926568 ], [ 38.639158588897345, 3.105256276378204 ], [ 38.639128950337295, 3.105304681220302 ], [ 38.639098701763082, 3.105350632275052 ], [ 38.639074957309546, 3.105383338468678 ], [ 38.639048425799608, 3.105416012667339 ], [ 38.639018863228742, 3.105448962844737 ], [ 38.63898577158718, 3.105482739953548 ], [ 38.638916101230976, 3.105547080451577 ], [ 38.638774763471574, 3.105667633151473 ], [ 38.63871748135503, 3.105718623792842 ], [ 38.638660605250301, 3.105774161041013 ], [ 38.638613233335526, 3.105827060509388 ], [ 38.638551661152761, 3.105903567949647 ], [ 38.638493562040289, 3.105980166379322 ], [ 38.638439121001667, 3.106056606819664 ], [ 38.638388479039499, 3.106132693287472 ], [ 38.638363465567004, 3.106173599773776 ], [ 38.638339248112636, 3.106217175028825 ], [ 38.638315628672864, 3.106263777021969 ], [ 38.638292273241412, 3.106314060696778 ], [ 38.638245783392328, 3.106426330035237 ], [ 38.638156953789199, 3.106664563525758 ], [ 38.638116512053585, 3.106765972797663 ], [ 38.63809269961618, 3.106820261126882 ], [ 38.638068937176087, 3.10687006884323 ], [ 38.638044751724685, 3.106916385861479 ], [ 38.638019883256909, 3.10695970013963 ], [ 38.63793535365712, 3.107094336576904 ], [ 38.637850556043247, 3.107218164948066 ], [ 38.637764950404829, 3.107331973185722 ], [ 38.637678257736731, 3.107436127258242 ], [ 38.637629621797011, 3.107489783662371 ], [ 38.637577803793192, 3.107543608054599 ], [ 38.637522636721869, 3.10759777541987 ], [ 38.63746386457823, 3.107652537736733 ], [ 38.637401461361669, 3.107707937001586 ], [ 38.637334615056417, 3.107764715150877 ], [ 38.637183800105831, 3.107885587831339 ], [ 38.637104963560525, 3.107945229742985 ], [ 38.637023184955176, 3.108004106723144 ], [ 38.63693855029144, 3.108062156777096 ], [ 38.6368511635714, 3.108119307910972 ], [ 38.636669426989037, 3.108231958327074 ], [ 38.636589618413531, 3.108278411379014 ], [ 38.636513895916771, 3.108320225828331 ], [ 38.636440224458667, 3.10835848358322 ], [ 38.636368813043248, 3.108393029656972 ], [ 38.636299131659882, 3.108424121027752 ], [ 38.63623084330213, 3.108451908682803 ], [ 38.636150656705503, 3.108481710173564 ], [ 38.636073033157885, 3.108508107956359 ], [ 38.635997886657712, 3.10853113102858 ], [ 38.635925178203955, 3.108550790389484 ], [ 38.635870516109357, 3.108563445340838 ], [ 38.635814370983304, 3.108574291449518 ], [ 38.635756652824035, 3.108583345714395 ], [ 38.635697244629128, 3.10859062713375 ], [ 38.635636066397069, 3.108596146706786 ], [ 38.635572888123185, 3.108599928431619 ], [ 38.635439585430802, 3.108602328332865 ], [ 38.635304344694234, 3.108598366785352 ], [ 38.635153976646734, 3.10858824578222 ], [ 38.63499475841644, 3.108573083221954 ], [ 38.634711506666108, 3.108541802155162 ], [ 38.634382172980466, 3.108505839530327 ], [ 38.634273298767859, 3.108490877911595 ], [ 38.634176001788219, 3.108474661391823 ], [ 38.634080125834572, 3.108455138156553 ], [ 38.633991332022035, 3.108433048137309 ], [ 38.63390833832436, 3.108408069362836 ], [ 38.633830470727766, 3.108379996851466 ], [ 38.633756971217316, 3.108349154575851 ], [ 38.633682186677255, 3.108313921680582 ], [ 38.633605965104685, 3.10827422717191 ], [ 38.633528074494549, 3.108229950060466 ], [ 38.633448486846454, 3.108181093346104 ], [ 38.633366488145647, 3.108127236065649 ], [ 38.633281475379498, 3.108067985253597 ], [ 38.6331921695215, 3.108002450987889 ], [ 38.633144696531105, 3.107964252326604 ], [ 38.633094124471974, 3.107918486321499 ], [ 38.632934223110119, 3.107757554354785 ], [ 38.632873880844343, 3.107700343346415 ], [ 38.632811612543783, 3.107648453879972 ], [ 38.632751651298314, 3.10760692651643 ], [ 38.632693005086296, 3.107573882418932 ], [ 38.632574888651774, 3.107515541555242 ], [ 38.632526897661215, 3.10749006679506 ], [ 38.632421491479668, 3.107426861341312 ], [ 38.632315021270095, 3.107355591585071 ], [ 38.632206574013587, 3.107275652579469 ], [ 38.632094499675766, 3.107185832430451 ], [ 38.631985519397531, 3.107092287600652 ], [ 38.631866996915178, 3.106984879976265 ], [ 38.631747458408185, 3.106872264802615 ], [ 38.631511008445571, 3.10664508362175 ], [ 38.631342200903298, 3.106483711700391 ], [ 38.631236453681268, 3.10637881884833 ], [ 38.631142632704929, 3.106279741484278 ], [ 38.63106149998994, 3.106186634593973 ], [ 38.631026670250456, 3.106142599426711 ], [ 38.630989835464952, 3.106091828842859 ], [ 38.630877030048751, 3.10592323949952 ], [ 38.630836104174257, 3.105864541603922 ], [ 38.630795305306208, 3.105810749284379 ], [ 38.630755834470733, 3.105764142342969 ], [ 38.630718638687469, 3.10572514574224 ], [ 38.630619755611853, 3.105629803059753 ], [ 38.63057603169144, 3.10558435802144 ], [ 38.630521241530538, 3.105518121788311 ], [ 38.630466277356923, 3.105440483540503 ], [ 38.630412657204218, 3.105355051964871 ], [ 38.63031109501118, 3.105181189068094 ], [ 38.630267262067136, 3.105109178324915 ], [ 38.630218616024763, 3.105035927692938 ], [ 38.630171474021225, 3.104973093159747 ], [ 38.630114090805776, 3.10490423615532 ], [ 38.630051821490831, 3.104834427237034 ], [ 38.629984121064844, 3.104763053458324 ], [ 38.629909940505804, 3.104689006915848 ], [ 38.629834353919804, 3.104616919205274 ], [ 38.629748779126658, 3.104538229073227 ], [ 38.629479230485266, 3.104298903968818 ], [ 38.629270711121769, 3.104114529067422 ], [ 38.629127347125873, 3.103992868694893 ], [ 38.628993505334911, 3.103886675978251 ], [ 38.628929983012839, 3.103839447110158 ], [ 38.628867899722444, 3.103795508956689 ], [ 38.628731298887651, 3.103704086966262 ], [ 38.628616175503858, 3.103633703140655 ], [ 38.628531088745937, 3.103586562282603 ], [ 38.628443511939544, 3.103541757224793 ], [ 38.628353657089143, 3.103499397957469 ], [ 38.628261762199585, 3.103459595471034 ], [ 38.628168057275495, 3.103422450756319 ], [ 38.628072832322985, 3.103388080803167 ], [ 38.627976373347828, 3.103356587602454 ], [ 38.627878982356144, 3.103328071145392 ], [ 38.627750664736141, 3.103295478065615 ], [ 38.627620389080619, 3.103268013544418 ], [ 38.627489051407991, 3.103245866564583 ], [ 38.627357552736413, 3.103229190112349 ], [ 38.627286507295118, 3.103222651735015 ], [ 38.627210480754151, 3.103217571235808 ], [ 38.627033907179836, 3.103211211928858 ], [ 38.626907997631783, 3.103207627340935 ], [ 38.626869932863087, 3.10320850729586 ], [ 38.626836123181803, 3.103211212089727 ], [ 38.626799791451731, 3.103216587654861 ], [ 38.626762227698897, 3.10322463099047 ], [ 38.626723118916992, 3.103235408091202 ], [ 38.626681882094495, 3.103249077943719 ], [ 38.626596368393372, 3.103283236062278 ], [ 38.626458536657807, 3.103346050747513 ], [ 38.62639221634219, 3.103377054122934 ], [ 38.626334359195994, 3.103405999669264 ], [ 38.62628186315775, 3.103434443254649 ], [ 38.626233783208818, 3.103462910834283 ], [ 38.626183538219358, 3.103495420066573 ], [ 38.626133617238374, 3.103530377087065 ], [ 38.626084322271879, 3.103567569913984 ], [ 38.626035999326625, 3.103606737569399 ], [ 38.626000723638917, 3.103638205879452 ], [ 38.62596583196175, 3.10367307189567 ], [ 38.625930965288028, 3.10371169158744 ], [ 38.625895456605058, 3.103754799892052 ], [ 38.625832605402536, 3.103839219649819 ], [ 38.625682262537666, 3.104055405095159 ], [ 38.625637767685184, 3.104113717093627 ], [ 38.625595481871024, 3.104164068777981 ], [ 38.625463919326798, 3.104307114526891 ], [ 38.62532079855098, 3.104452558078023 ], [ 38.625164814518044, 3.104601735317138 ], [ 38.62499314217321, 3.104757356012394 ], [ 38.624838577156595, 3.10489115157935 ], [ 38.624689051233332, 3.105014430050756 ], [ 38.624543073374326, 3.105128421321671 ], [ 38.624399792562933, 3.10523378433582 ], [ 38.624228257191497, 3.10535308216905 ], [ 38.624073789150557, 3.1054542915512 ], [ 38.623928084276578, 3.105542842019873 ], [ 38.623788461516575, 3.105620320440105 ], [ 38.623688997545251, 3.105669044311719 ], [ 38.623446773734408, 3.105775303329103 ], [ 38.62333895359653, 3.105827072944487 ], [ 38.623281318456321, 3.105858011318607 ], [ 38.62322226929011, 3.105891975432471 ], [ 38.623097375828642, 3.105970472752744 ], [ 38.62296833529139, 3.106058941214935 ], [ 38.622714446306432, 3.1062417326304 ], [ 38.622606681188742, 3.106317178200347 ], [ 38.622491705925512, 3.106392857756071 ], [ 38.622385997839729, 3.106456317359813 ], [ 38.622212997423929, 3.106557220783686 ], [ 38.622135029882706, 3.106600589100648 ], [ 38.622054898295232, 3.106640756695883 ], [ 38.621981440835476, 3.106672058051524 ], [ 38.621907153354528, 3.106697762891478 ], [ 38.62182789976999, 3.106719676062901 ], [ 38.621743063069729, 3.106737973551282 ], [ 38.621651470230248, 3.106752909335567 ], [ 38.621557891347528, 3.106764119443375 ], [ 38.621453351241364, 3.106773045757391 ], [ 38.621341913994037, 3.106779761267918 ], [ 38.621145356027895, 3.10678891863692 ], [ 38.621070986526334, 3.106791158503984 ], [ 38.620988434857395, 3.106791006584313 ], [ 38.620680172617405, 3.106780891709088 ], [ 38.620552005025679, 3.106779929896546 ], [ 38.620346533875519, 3.106784437674445 ], [ 38.620165423220094, 3.106791683195961 ], [ 38.619998263849247, 3.106802090433065 ], [ 38.61984178269698, 3.106815887368569 ], [ 38.619616525158946, 3.106835417864792 ], [ 38.619516247141021, 3.106846983947248 ], [ 38.619464471100869, 3.106855141284674 ], [ 38.619416580140332, 3.106864556510283 ], [ 38.619371687241539, 3.106875406609526 ], [ 38.619329344395496, 3.106887801573184 ], [ 38.61924961880667, 3.106916243181129 ], [ 38.619167578176373, 3.10695120522759 ], [ 38.619083266505314, 3.106992667714347 ], [ 38.618996707794132, 3.107040617642596 ], [ 38.61892825344443, 3.107082978038956 ], [ 38.618858056064127, 3.107131154934124 ], [ 38.618785467640599, 3.107185587291011 ], [ 38.618709023145001, 3.107247370015963 ], [ 38.618620048407124, 3.107322918562003 ], [ 38.618556459168609, 3.107381141584076 ], [ 38.618502492122204, 3.107436472848068 ], [ 38.618457299251801, 3.107490078254045 ], [ 38.618404302239128, 3.10756282701263 ], [ 38.618359732394978, 3.107633412951289 ], [ 38.618323462717129, 3.107702041052251 ], [ 38.618295476205134, 3.107768744312775 ], [ 38.618285184023705, 3.107801709473379 ], [ 38.618276645881259, 3.107839217240157 ], [ 38.618254739557166, 3.107986381544987 ], [ 38.618241535339436, 3.108047409283759 ], [ 38.618219215948777, 3.108122442820056 ], [ 38.618195422523975, 3.108192034827628 ], [ 38.618169938060959, 3.108256817252112 ], [ 38.618142644557871, 3.108317085068058 ], [ 38.618126642258346, 3.108346805513633 ], [ 38.618106315873199, 3.108378852761834 ], [ 38.618032916470675, 3.108479601118378 ], [ 38.618008135999176, 3.108516150981093 ], [ 38.61798718360496, 3.108552503857779 ], [ 38.617971831322123, 3.108586760911048 ], [ 38.617963525174062, 3.108611343794198 ], [ 38.617956630055836, 3.108637622529665 ], [ 38.617946743903666, 3.108696643439163 ], [ 38.617941960853933, 3.10875488241208 ], [ 38.617935556841083, 3.108899388934105 ], [ 38.61793191779914, 3.108938522556455 ], [ 38.617926880725392, 3.108973296556546 ], [ 38.617908022425638, 3.109074338843373 ], [ 38.617888713107909, 3.109164346083908 ], [ 38.617868139758755, 3.109247095952254 ], [ 38.617845969372553, 3.109323876337711 ], [ 38.617831512114911, 3.109366845637605 ], [ 38.617814512806845, 3.109410943842057 ], [ 38.617794814445425, 3.109456587915123 ], [ 38.617772080024523, 3.109504556789942 ], [ 38.617723204111776, 3.109597871768808 ], [ 38.61762292722797, 3.109775520504435 ], [ 38.617582965479471, 3.109849118179388 ], [ 38.61754429976051, 3.109926831497666 ], [ 38.617513334192004, 3.109998066369393 ], [ 38.617484912682514, 3.110078750422693 ], [ 38.617439368887219, 3.110234074042465 ], [ 38.617419491535173, 3.11029582472439 ], [ 38.617395488100108, 3.110357953377152 ], [ 38.617369492617847, 3.110411569766777 ], [ 38.617351308275275, 3.110442607100489 ], [ 38.617329221855719, 3.110476064228373 ], [ 38.617241497178476, 3.110595249004251 ], [ 38.617207669534949, 3.110645288709305 ], [ 38.61718030501892, 3.110691289757896 ], [ 38.617154584537573, 3.110739133645937 ], [ 38.617130457089942, 3.110788915365358 ], [ 38.617107863675045, 3.110840756905593 ], [ 38.617086764292104, 3.110894741259421 ], [ 38.617067055939152, 3.11095111940545 ], [ 38.617048657614831, 3.111010124323457 ], [ 38.617031460317293, 3.111072100983764 ], [ 38.617004006856199, 3.111188483952761 ], [ 38.616978748451693, 3.111319863624451 ], [ 38.616957104122164, 3.11145365908456 ], [ 38.616903892337241, 3.111813852013958 ], [ 38.616885525052467, 3.111920901781903 ], [ 38.61686669674873, 3.112016163568411 ], [ 38.616841733330361, 3.112123054355395 ], [ 38.616814143851954, 3.112221259894858 ], [ 38.616783397304218, 3.112312658024817 ], [ 38.616749172681402, 3.112398183665031 ], [ 38.616685964520158, 3.112542635238749 ], [ 38.61664129168917, 3.11263190256426 ], [ 38.616602019949582, 3.112699265777512 ], [ 38.616557622107536, 3.112767926882679 ], [ 38.616507913159303, 3.112838173855333 ], [ 38.616452498097502, 3.112910567647117 ], [ 38.616410581291319, 3.112961621271269 ], [ 38.616366039431782, 3.113012373923716 ], [ 38.616318931520134, 3.113062757610013 ], [ 38.616269333557824, 3.11311269233709 ], [ 38.616217306545899, 3.113162113110594 ], [ 38.616162978486997, 3.113210896941035 ], [ 38.616106471383347, 3.113258933837715 ], [ 38.616047941238193, 3.113306092811901 ], [ 38.615995554210258, 3.113344658523359 ], [ 38.615938700090716, 3.113381629376182 ], [ 38.615876839868911, 3.113417364339924 ], [ 38.615808910523924, 3.113452476362377 ], [ 38.615743922234792, 3.113483036775664 ], [ 38.615670501776236, 3.113515017073125 ], [ 38.615397000335989, 3.113625327767841 ], [ 38.615285934129027, 3.113672905748682 ], [ 38.615227404967776, 3.113700238435518 ], [ 38.615173672903339, 3.113727312140706 ], [ 38.615123708915334, 3.113754645820472 ], [ 38.615077004993587, 3.113782521450725 ], [ 38.614997183421842, 3.113834558020975 ], [ 38.614910378716118, 3.1138954688305 ], [ 38.614612443873497, 3.114119171750628 ], [ 38.614492644520794, 3.114205014433484 ], [ 38.614399774693389, 3.114267057150059 ], [ 38.614294696622999, 3.114333887463282 ], [ 38.613947947782812, 3.114544476556066 ], [ 38.613824041340017, 3.114621600995391 ], [ 38.613813818138794, 3.114628294425597 ], [ 38.613706594027747, 3.114698509448095 ], [ 38.613602618984409, 3.114771335242569 ], [ 38.613468704356897, 3.11487008382229 ], [ 38.613353337095631, 3.114958210304312 ], [ 38.613248861050721, 3.115041568189489 ], [ 38.613153112179923, 3.115121914327629 ], [ 38.612996109116224, 3.11525869464127 ], [ 38.612887372998827, 3.115358922072736 ], [ 38.612793262172666, 3.115453593972216 ], [ 38.612751438364029, 3.115499278060413 ], [ 38.612712594615161, 3.11554440719398 ], [ 38.612681926026958, 3.11558386481091 ], [ 38.61261000765392, 3.115684033217469 ], [ 38.612568751859605, 3.115733180006058 ], [ 38.612527001047049, 3.115772202669581 ], [ 38.612476164050008, 3.115810310419564 ], [ 38.612420002943381, 3.115845901391165 ], [ 38.612305932690063, 3.115911418825315 ], [ 38.612259290769885, 3.115939701420429 ], [ 38.612212562850786, 3.115971468714736 ], [ 38.612173185080046, 3.11600285603574 ], [ 38.612114991946491, 3.1160560474889 ], [ 38.612055757796718, 3.116115095437012 ], [ 38.611994793617107, 3.116180674822311 ], [ 38.611930451375983, 3.116254554493597 ], [ 38.611864607109226, 3.116334246664015 ], [ 38.611810530072439, 3.116404201665869 ], [ 38.611763874182451, 3.116470053016048 ], [ 38.611723677420798, 3.116533219592899 ], [ 38.611682643649409, 3.11660514541397 ], [ 38.611646422974097, 3.1166756993495 ], [ 38.611615127397123, 3.116744662418384 ], [ 38.611588825919767, 3.116811884633682 ], [ 38.611571569614021, 3.11686522004097 ], [ 38.611556852362327, 3.116921983150143 ], [ 38.611544544162598, 3.116982660919196 ], [ 38.611534455011594, 3.117048191267445 ], [ 38.611526986913418, 3.117113486633746 ], [ 38.611520875849145, 3.117186721313236 ], [ 38.611507914778358, 3.117423150902597 ], [ 38.611505599777118, 3.117479473039732 ], [ 38.61150504181343, 3.11753823796456 ], [ 38.611509193000508, 3.117665739948453 ], [ 38.611519068307075, 3.117797835530954 ], [ 38.611544559031543, 3.118056255189793 ], [ 38.611553745304079, 3.118163573913028 ], [ 38.611560173524687, 3.118275582233336 ], [ 38.611561856640037, 3.118376005558261 ], [ 38.611559523783967, 3.118612132165522 ], [ 38.611555287839963, 3.118787109055986 ], [ 38.61154807982205, 3.118945006424014 ], [ 38.611537595726524, 3.119088939000991 ], [ 38.611522979543288, 3.119227588037722 ], [ 38.611504304271214, 3.11935785380188 ], [ 38.611481355906996, 3.119481225164988 ], [ 38.611453975448519, 3.11959853705504 ], [ 38.611434322109524, 3.119670765832717 ], [ 38.611412379725607, 3.119744461485523 ], [ 38.61136146381957, 3.119896806369206 ], [ 38.611300792722481, 3.120056902591263 ], [ 38.611229221413829, 3.120227780891116 ], [ 38.611168490298454, 3.120366788934786 ], [ 38.611128744563999, 3.120452165593332 ], [ 38.611089023823254, 3.120529042986039 ], [ 38.611049419076927, 3.120596339206091 ], [ 38.611000499147544, 3.120670118873804 ], [ 38.610949336169888, 3.120740187863894 ], [ 38.610896555155861, 3.120805687249963 ], [ 38.610842645114715, 3.120866015083637 ], [ 38.610808055443734, 3.120901069084332 ], [ 38.610771266727582, 3.120935247162494 ], [ 38.610732250965704, 3.120968575315906 ], [ 38.610690971157467, 3.121001086541749 ], [ 38.610647397302188, 3.121032803837975 ], [ 38.610601454398392, 3.121063785199728 ], [ 38.610553071444706, 3.121094078622928 ], [ 38.610502147439071, 3.121123746102217 ], [ 38.610393857295719, 3.121180668274523 ], [ 38.610273555908442, 3.121236307567531 ], [ 38.610139065234094, 3.121291741889747 ], [ 38.609979591058114, 3.121351432864763 ], [ 38.609896750406527, 3.12138028144092 ], [ 38.609821180898123, 3.121404411418721 ], [ 38.609750229479957, 3.121424669727076 ], [ 38.60968291513246, 3.121441324343759 ], [ 38.609621119892658, 3.121453154372483 ], [ 38.609551931501024, 3.121462175649962 ], [ 38.609480308057911, 3.121468378172914 ], [ 38.609283242084047, 3.121481403209073 ], [ 38.609223602883155, 3.121487577724641 ], [ 38.609170476815272, 3.12149526010451 ], [ 38.609099004380653, 3.121508264039861 ], [ 38.609025006896935, 3.121523612774781 ], [ 38.608866772728589, 3.121561920595632 ], [ 38.608693162257687, 3.121610459545479 ], [ 38.608451264426378, 3.12168403438894 ], [ 38.608307463556031, 3.121730042532969 ], [ 38.608161450644303, 3.121779984339045 ], [ 38.608012975685931, 3.121833945800043 ], [ 38.60786170467442, 3.121892046905796 ], [ 38.607707434605601, 3.121954360650173 ], [ 38.607549466465777, 3.122021165009676 ], [ 38.607387177242252, 3.122092721962388 ], [ 38.607219612916438, 3.12216945147259 ], [ 38.60707743009489, 3.122235329899282 ], [ 38.606994858459373, 3.12227732234013 ], [ 38.606879796186362, 3.122343377729296 ], [ 38.606776175145129, 3.122409908068131 ], [ 38.606682827312582, 3.122477667292451 ], [ 38.606639856471645, 3.122512118352234 ], [ 38.606599291679714, 3.122546999372865 ], [ 38.606553025779256, 3.122590225677488 ], [ 38.606507042887536, 3.122637155662054 ], [ 38.606461186001425, 3.122687950312624 ], [ 38.606415211116349, 3.122742878606368 ], [ 38.606369152232858, 3.122801854550591 ], [ 38.606322168334778, 3.122865913056597 ], [ 38.606273600409473, 3.122935937048751 ], [ 38.606221705423756, 3.123014437311573 ], [ 38.606138156842221, 3.12314744189305 ], [ 38.606075821670764, 3.123257196465195 ], [ 38.606049400178527, 3.123308973015194 ], [ 38.606026065747223, 3.123358931719606 ], [ 38.6060056213732, 3.123407493542359 ], [ 38.60598796205452, 3.123454908461881 ], [ 38.605972766788632, 3.123505952065948 ], [ 38.605960521587619, 3.123563354118457 ], [ 38.605950469438881, 3.123630650314788 ], [ 38.605934524233405, 3.123774885871068 ], [ 38.605926067112861, 3.123837132502236 ], [ 38.605913674914724, 3.123901765930431 ], [ 38.60589806064479, 3.123958304060356 ], [ 38.605874722223504, 3.124020701690603 ], [ 38.605814271112102, 3.124157553921042 ], [ 38.605790178674731, 3.124218990634922 ], [ 38.605768621295063, 3.124288237672234 ], [ 38.605751028998803, 3.124361620349041 ], [ 38.605737230783234, 3.124439830605868 ], [ 38.605726990644534, 3.124524196328167 ], [ 38.605720776583794, 3.124604227421613 ], [ 38.60571681857634, 3.124693697698013 ], [ 38.605712685761347, 3.12502499808954 ], [ 38.605707596768674, 3.125160787366731 ], [ 38.605702136717021, 3.125233235114443 ], [ 38.605694691620975, 3.125300423318017 ], [ 38.605685116478554, 3.125363641866281 ], [ 38.605673308288466, 3.125423543702632 ], [ 38.605646537839071, 3.125536964929395 ], [ 38.605616171318459, 3.12565203101703 ], [ 38.605582213726436, 3.125768732966306 ], [ 38.605544666063203, 3.125887058778347 ], [ 38.605503533328765, 3.126006995454186 ], [ 38.605458818523253, 3.126128536994425 ], [ 38.605410524646643, 3.126251673399838 ], [ 38.605358653698964, 3.126376399670945 ], [ 38.605312326847844, 3.126481939594478 ], [ 38.605263991955461, 3.126586534601197 ], [ 38.605213724022917, 3.12669001870554 ], [ 38.605161599051925, 3.126792234920809 ], [ 38.605107700043831, 3.126893022261092 ], [ 38.60505210100014, 3.126992241738052 ], [ 38.604994880922234, 3.127089754363795 ], [ 38.604936116811686, 3.127185428149645 ], [ 38.604775723773265, 3.12743781448526 ], [ 38.604715908635789, 3.127526492876177 ], [ 38.604659725563693, 3.127605204124764 ], [ 38.604602369464835, 3.127680287687659 ], [ 38.604545850377463, 3.127748688827027 ], [ 38.604489426287408, 3.127811305465741 ], [ 38.60443266818627, 3.127868607563783 ], [ 38.604371621997593, 3.127924907751785 ], [ 38.604306708729943, 3.127980303021211 ], [ 38.604237971384244, 3.128034754375212 ], [ 38.604165468961646, 3.128088215817798 ], [ 38.60408924746298, 3.128140651352036 ], [ 38.60400941189031, 3.128191987984137 ], [ 38.603926058245619, 3.128242164719375 ], [ 38.603839318531435, 3.12829110056445 ], [ 38.603792914612754, 3.128315313511475 ], [ 38.60374045257241, 3.128340507378837 ], [ 38.603547925748423, 3.128425564191374 ], [ 38.603470721216809, 3.128461895117201 ], [ 38.603391919656275, 3.128502452679335 ], [ 38.60331096605551, 3.12854693390437 ], [ 38.603227100399316, 3.128595753757218 ], [ 38.603138910659858, 3.128649732168121 ], [ 38.602966185258033, 3.128761561652486 ], [ 38.602635732757506, 3.128985078621247 ], [ 38.60249855205722, 3.129075740904403 ], [ 38.602353659201242, 3.129166744164479 ], [ 38.602221090583235, 3.129243956605489 ], [ 38.602024947704138, 3.129351188506099 ], [ 38.601826076767871, 3.129455920624987 ], [ 38.60162467777824, 3.129558047970781 ], [ 38.601420966739717, 3.129657460553058 ], [ 38.601330683947687, 3.129698851052759 ], [ 38.601228964925774, 3.129741985411307 ], [ 38.600864886679695, 3.129884796377406 ], [ 38.600721104820678, 3.129944435345245 ], [ 38.600645778324946, 3.129978285483854 ], [ 38.600576253946294, 3.130011781648335 ], [ 38.600511224658682, 3.130045555785063 ], [ 38.600450029449178, 3.13007995386482 ], [ 38.600397265408674, 3.130112562092259 ], [ 38.600272542953057, 3.130194401127407 ], [ 38.600207295664838, 3.130232770867502 ], [ 38.600137585282617, 3.130266533009118 ], [ 38.599973366016783, 3.130334152304677 ], [ 38.599901630593365, 3.130367608474358 ], [ 38.599829497167349, 3.130407807062249 ], [ 38.599751800636241, 3.130457029875378 ], [ 38.599677719179724, 3.130508170519919 ], [ 38.599492320538666, 3.130641216183089 ], [ 38.599389191508514, 3.130709198397117 ], [ 38.599146972729308, 3.130855611952533 ], [ 38.599045291720948, 3.130914443955593 ], [ 38.598996205750495, 3.130941791634254 ], [ 38.598950075838545, 3.130967491452918 ], [ 38.598857613008789, 3.131016759274332 ], [ 38.598768625245889, 3.13106179545832 ], [ 38.598682277533314, 3.13110302196916 ], [ 38.598598057860876, 3.131140680786221 ], [ 38.598500550921884, 3.131181139372471 ], [ 38.598398810896249, 3.131220191083744 ], [ 38.598292463776389, 3.13125798090775 ], [ 38.598180935550921, 3.131294712827366 ], [ 38.598064219219715, 3.131330414840087 ], [ 38.597940447745408, 3.131365681896302 ], [ 38.597808018096046, 3.131400975957204 ], [ 38.597663081194639, 3.131437325937185 ], [ 38.597549620920617, 3.131462405864586 ], [ 38.597424199402766, 3.131485091008485 ], [ 38.597278278469631, 3.131506888245975 ], [ 38.59696774822271, 3.131547186020963 ], [ 38.596833139516157, 3.131566387473204 ], [ 38.596691832678218, 3.1315905035067 ], [ 38.596566282160914, 3.131617110312134 ], [ 38.596353482900113, 3.131669489963708 ], [ 38.596188695605512, 3.131715992083309 ], [ 38.59608919461926, 3.131747847414247 ], [ 38.595988669614691, 3.131782767481282 ], [ 38.59588708759135, 3.131820764283586 ], [ 38.595784406548191, 3.131861852819811 ], [ 38.595680595484794, 3.131906045088858 ], [ 38.595575576399483, 3.131953374088124 ], [ 38.595469276290835, 3.132003870814907 ], [ 38.595361601156966, 3.13205758226523 ], [ 38.595173694436092, 3.132154852020069 ], [ 38.595040741807374, 3.13222874374856 ], [ 38.594980306614708, 3.132264977669402 ], [ 38.594924148508028, 3.132300700630819 ], [ 38.594871572473757, 3.132336355595076 ], [ 38.594822192504296, 3.132372204540069 ], [ 38.594754948187628, 3.132425352005915 ], [ 38.594683098784799, 3.132487193724899 ], [ 38.594606718297172, 3.132557262737152 ], [ 38.594489557018484, 3.13266884819783 ], [ 38.594314792620494, 3.132836490865407 ], [ 38.594202018432753, 3.132950918077305 ], [ 38.5941510154463, 3.133006211344593 ], [ 38.594104412547274, 3.133059579774504 ], [ 38.594061546722742, 3.133111784301933 ], [ 38.594022068966233, 3.133163254889901 ], [ 38.593946246516623, 3.133266262057587 ], [ 38.593923477084743, 3.133301456037304 ], [ 38.593905196741552, 3.133334050237877 ], [ 38.593889164445386, 3.133368561270983 ], [ 38.593875092191105, 3.133405860061906 ], [ 38.593862851976397, 3.133446278581846 ], [ 38.593852241797755, 3.13349047977387 ], [ 38.59383645655349, 3.133582653827746 ], [ 38.593815295266936, 3.133756542830132 ], [ 38.593803539120877, 3.13386932910093 ], [ 38.59379683608573, 3.133992849440736 ], [ 38.593794879157727, 3.134130051595252 ], [ 38.593797315349178, 3.134304883496963 ], [ 38.593802124579696, 3.134468830336733 ], [ 38.593809005833251, 3.134609462187948 ], [ 38.593818514130071, 3.13473801907964 ], [ 38.593830884477129, 3.134857194779061 ], [ 38.593846582886847, 3.13497066796813 ], [ 38.593865608358762, 3.135077752706105 ], [ 38.593888106896323, 3.135179273921614 ], [ 38.593914188502247, 3.135275717572733 ], [ 38.593927531805868, 3.135317289972138 ], [ 38.59394320115738, 3.135359902279841 ], [ 38.593982105017268, 3.13544978648682 ], [ 38.594035007171946, 3.135554042441317 ], [ 38.594158271844776, 3.135775359230265 ], [ 38.594209462959661, 3.135873174742304 ], [ 38.594235181523764, 3.135927369041795 ], [ 38.594257221011198, 3.135978599600147 ], [ 38.594276021431462, 3.136027887328935 ], [ 38.59429177578906, 3.136075756182712 ], [ 38.594337382836883, 3.1362300488229 ], [ 38.594364416471095, 3.136337576516234 ], [ 38.594374578717634, 3.136387968156821 ], [ 38.594382286912364, 3.136435677031029 ], [ 38.594387637057608, 3.136481313086157 ], [ 38.594390668154688, 3.136525215293023 ], [ 38.594392511258341, 3.136606813245967 ], [ 38.594390377273676, 3.136678684042067 ], [ 38.594384175201213, 3.136743752428836 ], [ 38.594373812039606, 3.136802757342606 ], [ 38.594362379843439, 3.136845766638398 ], [ 38.594346944567185, 3.136889806848465 ], [ 38.594327395208765, 3.136935208944258 ], [ 38.594303470763464, 3.136982577873987 ], [ 38.594276648259289, 3.137029602835684 ], [ 38.594244611653131, 3.137080839438012 ], [ 38.594144562749165, 3.137227496857312 ], [ 38.59409342977461, 3.137300582588757 ], [ 38.594052711995403, 3.137355039920152 ], [ 38.594013878248575, 3.137402268874238 ], [ 38.593975997515827, 3.137443238367934 ], [ 38.593940373823294, 3.137477525436653 ], [ 38.593900842052051, 3.137512178477105 ], [ 38.593856945193153, 3.137547605454297 ], [ 38.593807432222128, 3.137584818281971 ], [ 38.593757941248853, 3.13761874439332 ], [ 38.593701208129886, 3.137653570432905 ], [ 38.593639024900874, 3.13768862345748 ], [ 38.593530984763177, 3.137746624538287 ], [ 38.593353722253745, 3.137839288683111 ], [ 38.593202939262909, 3.13791121559667 ], [ 38.593131812849698, 3.137942115987087 ], [ 38.593063078482096, 3.137969805652764 ], [ 38.592996214150034, 3.137994493576102 ], [ 38.592930891846663, 3.138016300746931 ], [ 38.592843691102452, 3.138039923778932 ], [ 38.592650232224699, 3.138082540258301 ], [ 38.59257353369096, 3.13810394547316 ], [ 38.592505475334512, 3.138128375419741 ], [ 38.592432001874201, 3.138159861761561 ], [ 38.592354448336266, 3.138197324590676 ], [ 38.592134053970668, 3.138309764063559 ], [ 38.592064154582928, 3.13834157737425 ], [ 38.592000411314366, 3.138366880241913 ], [ 38.591932691963308, 3.138389579337709 ], [ 38.591861264535162, 3.138409671661591 ], [ 38.591785562018494, 3.138427317200219 ], [ 38.591704571393166, 3.138442755933821 ], [ 38.591617404641234, 3.138456189845522 ], [ 38.591520321687682, 3.138468219886736 ], [ 38.591125413731284, 3.138505310008886 ], [ 38.591035452920053, 3.138515385212871 ], [ 38.590955266307184, 3.138526205344565 ], [ 38.590863507463951, 3.138541498099616 ], [ 38.590778844766014, 3.138559154644759 ], [ 38.590699594179853, 3.1385795319505 ], [ 38.59062491668859, 3.138602847998726 ], [ 38.590561845431786, 3.138625970054236 ], [ 38.590492293048442, 3.138654460651459 ], [ 38.590207818398284, 3.138781215941147 ], [ 38.590147770203437, 3.138805269913619 ], [ 38.590092250096951, 3.138825331227213 ], [ 38.589993555126561, 3.138856826589045 ], [ 38.589883322922603, 3.138888111978386 ], [ 38.589763238519275, 3.138919065404554 ], [ 38.589566326575763, 3.138966911435431 ], [ 38.589505141349299, 3.138980383322522 ], [ 38.589440296047201, 3.138991922379611 ], [ 38.589371196657666, 3.139001633597951 ], [ 38.589296709157708, 3.139009680964329 ], [ 38.589145558109557, 3.139020480156186 ], [ 38.588850331149025, 3.139033137306045 ], [ 38.588729929719634, 3.139040130801161 ], [ 38.588606260227692, 3.139051491921958 ], [ 38.588497866048023, 3.1390669366776 ], [ 38.588435564797805, 3.139078980688956 ], [ 38.58837684562166, 3.139092988527708 ], [ 38.588321287511114, 3.139109058185927 ], [ 38.588268620460759, 3.139127269656845 ], [ 38.588218554464881, 3.139147729931473 ], [ 38.588171004521598, 3.139170481006258 ], [ 38.588125835628595, 3.139195587875706 ], [ 38.588082949783654, 3.139223104535151 ], [ 38.588036678874921, 3.139256390699276 ], [ 38.587989904958718, 3.139292924583413 ], [ 38.587942633034956, 3.139332703187817 ], [ 38.587894861103848, 3.139375727512403 ], [ 38.587846599165431, 3.139421987558026 ], [ 38.587797823219319, 3.139471505322811 ], [ 38.587748512264916, 3.139524301804874 ], [ 38.587698621301627, 3.139580426000203 ], [ 38.587662013597729, 3.139625239161242 ], [ 38.587624293876793, 3.139676754744451 ], [ 38.587585239134206, 3.139734861759589 ], [ 38.587474248029807, 3.139907189972296 ], [ 38.587437203323439, 3.139959741465531 ], [ 38.58740194664729, 3.1400051655727 ], [ 38.58736978202721, 3.140042554371043 ], [ 38.587332143298752, 3.140082823925142 ], [ 38.58716322902027, 3.140252059452517 ], [ 38.587124654275144, 3.14029496178022 ], [ 38.587091785643352, 3.140335519305574 ], [ 38.587015640187076, 3.140438361488998 ], [ 38.586958517101145, 3.140523562179971 ], [ 38.586912274230812, 3.140603288334568 ], [ 38.586892961871477, 3.140641660037508 ], [ 38.586876022559608, 3.140679356796804 ], [ 38.586857341220316, 3.14072671572333 ], [ 38.586839902908864, 3.140777256374131 ], [ 38.586823674624483, 3.140831069741387 ], [ 38.586808596366183, 3.140888354807897 ], [ 38.58679862320178, 3.140934181859582 ], [ 38.58679061207922, 3.140982561689202 ], [ 38.586784478997004, 3.141033982254737 ], [ 38.586780107953757, 3.14108941247262 ], [ 38.586776390964395, 3.141194676387523 ], [ 38.586774884134748, 3.141441191105469 ], [ 38.5867724592282, 3.141615984016543 ], [ 38.586773872398467, 3.141789915998756 ], [ 38.586779123645599, 3.141962749072723 ], [ 38.586788203968986, 3.142134263257422 ], [ 38.586801102368398, 3.142304229572702 ], [ 38.586817802843257, 3.142472472033661 ], [ 38.586838289393199, 3.142638803656532 ], [ 38.58686253901751, 3.142803055455905 ], [ 38.586893270795962, 3.142995444820746 ], [ 38.586914442319532, 3.143112446702015 ], [ 38.586937872880846, 3.143219704422689 ], [ 38.586963678480828, 3.143315439136275 ], [ 38.586988290037667, 3.143387780870397 ], [ 38.58704952140436, 3.143545215228014 ], [ 38.58707156090469, 3.143612082436988 ], [ 38.587091916377702, 3.14368728092806 ], [ 38.587109984805878, 3.143764234269486 ], [ 38.587125697187581, 3.143842655486163 ], [ 38.587138987521286, 3.143922210606954 ], [ 38.587147884759055, 3.143993083480929 ], [ 38.587154421956114, 3.144072578612467 ], [ 38.587165958407688, 3.144340208497658 ], [ 38.587184858118825, 3.144743462668019 ], [ 38.587189739340261, 3.144893833682113 ], [ 38.587192341504618, 3.145030857850425 ], [ 38.587192718621196, 3.145164372323478 ], [ 38.587190714683629, 3.145290563430859 ], [ 38.587186301692689, 3.145411060031745 ], [ 38.587179444648378, 3.145526783046911 ], [ 38.587169016529458, 3.145639489325314 ], [ 38.587152954305175, 3.145762743697908 ], [ 38.587130399963783, 3.145903395573766 ], [ 38.587077401133307, 3.146199194080942 ], [ 38.587055979804695, 3.146327513020702 ], [ 38.587036891529415, 3.146463242318903 ], [ 38.58702436537569, 3.146585260795309 ], [ 38.587017706331594, 3.146696256218588 ], [ 38.587014738372936, 3.146820423501649 ], [ 38.587014842471525, 3.146938607298787 ], [ 38.587018252766335, 3.147215235414769 ], [ 38.587017399858937, 3.14734989379055 ], [ 38.587012814866164, 3.147472244231919 ], [ 38.587004137781136, 3.147583062672249 ], [ 38.586978772464747, 3.147823852906063 ], [ 38.586956618149635, 3.147986767860101 ], [ 38.586943635948771, 3.148062332347393 ], [ 38.586929367717993, 3.148133152245394 ], [ 38.58691361645419, 3.148200196470527 ], [ 38.586896256155164, 3.148263993977362 ], [ 38.586877509823388, 3.148321950989504 ], [ 38.58682394385805, 3.148466497555242 ], [ 38.586801860466224, 3.148533670774591 ], [ 38.586781280114856, 3.148613139931179 ], [ 38.586763373825903, 3.148702723212481 ], [ 38.586749217612294, 3.148791778536148 ], [ 38.586716981148122, 3.149021731711539 ], [ 38.586705791976016, 3.14908802099819 ], [ 38.586693978785412, 3.14914718390059 ], [ 38.586615737492863, 3.149502160321254 ], [ 38.586557006504442, 3.149746249298443 ], [ 38.586527136992814, 3.149859438551853 ], [ 38.586497069471477, 3.149965660406957 ], [ 38.586466411933593, 3.150066300744373 ], [ 38.58643493137523, 3.150162116499011 ], [ 38.586400939765909, 3.15025774227212 ], [ 38.586365673127375, 3.150349206405558 ], [ 38.586328989457051, 3.150436874867792 ], [ 38.586290782752997, 3.150521001637004 ], [ 38.586250926012937, 3.150601858689931 ], [ 38.586209366235892, 3.150679543018162 ], [ 38.586166031420397, 3.150754194609593 ], [ 38.586120857565341, 3.150825917455398 ], [ 38.586078763762799, 3.15088557833998 ], [ 38.585973102738627, 3.151023759498728 ], [ 38.585947160244359, 3.151061001305234 ], [ 38.585925321830906, 3.151095593337142 ], [ 38.585897874315314, 3.151143933186895 ], [ 38.585869862792784, 3.15119779756023 ], [ 38.585803954574644, 3.151338302485661 ], [ 38.585772855005864, 3.151412091141581 ], [ 38.585741989449843, 3.151495556961949 ], [ 38.585714027952712, 3.151579247760616 ], [ 38.585644509725519, 3.15179801293341 ], [ 38.585601676957381, 3.151918105601967 ], [ 38.585570255385036, 3.151995400955531 ], [ 38.585532804697223, 3.152080601631612 ], [ 38.585403648309367, 3.152355000051463 ], [ 38.585358578478946, 3.152454245521505 ], [ 38.585318016737546, 3.152550824218089 ], [ 38.585284774137605, 3.152639489591796 ], [ 38.585256819645444, 3.152728964891211 ], [ 38.585196532607888, 3.152951279750268 ], [ 38.58517700526199, 3.153011291586149 ], [ 38.585156664893887, 3.153064229033236 ], [ 38.585135534505781, 3.153112212908614 ], [ 38.58511186606718, 3.153161372684683 ], [ 38.585056146024769, 3.153264775804733 ], [ 38.584988566749551, 3.153376693199711 ], [ 38.584893702950218, 3.153522678676428 ], [ 38.584851237141237, 3.153583781437044 ], [ 38.584801788194497, 3.153649074841685 ], [ 38.584744572095225, 3.153719879776999 ], [ 38.58457220577796, 3.153926559078736 ], [ 38.584520059778121, 3.153993591335511 ], [ 38.584475660930558, 3.154055289046462 ], [ 38.584424988968664, 3.154132320438934 ], [ 38.584371955967441, 3.154219556952504 ], [ 38.584319565982561, 3.154311032099674 ], [ 38.58417821833153, 3.154565064288434 ], [ 38.584133300485661, 3.154641623717004 ], [ 38.584091332692147, 3.154709253913793 ], [ 38.583948117978316, 3.15493266074784 ], [ 38.583855579219552, 3.155070695909312 ], [ 38.583819994540093, 3.155119930688817 ], [ 38.583846705142349, 3.155195716125019 ], [ 38.583870299681969, 3.155271967523619 ], [ 38.583890778158981, 3.155348683884706 ], [ 38.583908138573292, 3.155425865208187 ], [ 38.583916530782083, 3.155473607080212 ], [ 38.58392270994824, 3.155523826740304 ], [ 38.583926742073317, 3.155577032144341 ], [ 38.58392870415981, 3.15563421720664 ], [ 38.58392752822499, 3.155742918824643 ], [ 38.5839162992241, 3.156019367971505 ], [ 38.58391650029256, 3.156097994184543 ], [ 38.583919925419437, 3.156168335110023 ], [ 38.583926467610375, 3.156240031915921 ], [ 38.58393548485364, 3.156314356492997 ], [ 38.583947051151142, 3.156391919788418 ], [ 38.583961328506909, 3.156473816707544 ], [ 38.583997911392409, 3.156651613330421 ], [ 38.584083739430362, 3.157020405426565 ], [ 38.584118068255052, 3.157179594657593 ], [ 38.584134635661471, 3.157266633131081 ], [ 38.584148234003209, 3.157348112086892 ], [ 38.584159132287155, 3.157425650385113 ], [ 38.584167442516154, 3.157500065954943 ], [ 38.584180609909822, 3.157655507527082 ], [ 38.584190829249707, 3.157818183477139 ], [ 38.584198190538942, 3.157989434689415 ], [ 38.584202802781576, 3.158171823942743 ], [ 38.584204868977359, 3.15835981271483 ], [ 38.584202803051909, 3.158501810459993 ], [ 38.584199472042677, 3.158572801335219 ], [ 38.584193892990534, 3.158646800952595 ], [ 38.584186011894822, 3.15872456924664 ], [ 38.584175678753773, 3.158807584089768 ], [ 38.584152447410965, 3.158962639725545 ], [ 38.584088435430715, 3.159346380656358 ], [ 38.58407298920627, 3.159453768400143 ], [ 38.584061366050634, 3.159550696043645 ], [ 38.584038714776476, 3.159775239681359 ], [ 38.584019467563607, 3.159990479119335 ], [ 38.584003472410281, 3.160198120210589 ], [ 38.583990648315755, 3.160399232862664 ], [ 38.583985900320911, 3.16052261321747 ], [ 38.583979964469791, 3.160850721902721 ], [ 38.583974866446688, 3.16094828948573 ], [ 38.583967075360697, 3.161035634953307 ], [ 38.583962013304777, 3.161092273068969 ], [ 38.583952147227251, 3.161241119230026 ], [ 38.583942508098502, 3.161321872268151 ], [ 38.583934241966304, 3.161364618585505 ], [ 38.583923913789242, 3.161403412245753 ], [ 38.583911328563879, 3.161438984185942 ], [ 38.583896357287891, 3.161471688375565 ], [ 38.583883196040283, 3.161494403425922 ], [ 38.583866465721606, 3.161518399368698 ], [ 38.583786238178106, 3.161615081090464 ], [ 38.583768887846333, 3.161638458087127 ], [ 38.583754919581764, 3.161660252217568 ], [ 38.583730280120463, 3.161705438337941 ], [ 38.583706628682926, 3.161755249058378 ], [ 38.583683671263664, 3.161810276327988 ], [ 38.583660627848559, 3.16187238698627 ], [ 38.583647403615522, 3.161914515361047 ], [ 38.583636498431723, 3.161959253508782 ], [ 38.583627796294898, 3.162007055390164 ], [ 38.583621134202581, 3.162058820927819 ], [ 38.583614040140269, 3.162157750395119 ], [ 38.58360869018108, 3.162339429718886 ], [ 38.583605313170651, 3.162410007630116 ], [ 38.583599078102814, 3.162481038504659 ], [ 38.583589908969074, 3.162544145065546 ], [ 38.583568529630874, 3.162659009169419 ], [ 38.583547600291936, 3.162761822313023 ], [ 38.583526209937325, 3.162857055111358 ], [ 38.583503998561284, 3.162946270429604 ], [ 38.583480463155055, 3.163031362104966 ], [ 38.583455604718573, 3.16311220714796 ], [ 38.583429263249094, 3.163189325513793 ], [ 38.583401325744504, 3.163263044174364 ], [ 38.583365336089464, 3.16335196352977 ], [ 38.583337644581725, 3.163415781044685 ], [ 38.583310550080114, 3.163472257192833 ], [ 38.583283461573266, 3.163522318894513 ], [ 38.583253412004481, 3.163569873814973 ], [ 38.583216233294031, 3.16362057546984 ], [ 38.583178089561237, 3.163667701434089 ], [ 38.583082659723559, 3.163780462780974 ], [ 38.583035945827923, 3.163840520636222 ], [ 38.582866749599361, 3.164076517408121 ], [ 38.582804527415888, 3.164168011563097 ], [ 38.582749671375886, 3.164252766293615 ], [ 38.582698799415411, 3.164336266129136 ], [ 38.582653262560349, 3.164416600233474 ], [ 38.582612515800299, 3.164494728524314 ], [ 38.582576273129924, 3.164571204953861 ], [ 38.582519348089555, 3.164706380334612 ], [ 38.582468602176654, 3.164844717437299 ], [ 38.58242456840096, 3.164984764386846 ], [ 38.582387689770208, 3.165125111304625 ], [ 38.582371883509445, 3.165196884123307 ], [ 38.582357796285763, 3.165271517693735 ], [ 38.582345372098359, 3.165349304990599 ], [ 38.582334537945947, 3.165430702974477 ], [ 38.582325275828396, 3.165515669649092 ], [ 38.582317395742947, 3.165605762880014 ], [ 38.582305184662609, 3.165808654379672 ], [ 38.582303754713706, 3.16590614396702 ], [ 38.582308467992469, 3.166129484687692 ], [ 38.582307659020735, 3.166183804000418 ], [ 38.582305185011002, 3.166232922763283 ], [ 38.582295806901634, 3.16633070233227 ], [ 38.582280659683853, 3.166438592033544 ], [ 38.582260723374944, 3.166553422139772 ], [ 38.582222680768091, 3.16675147307872 ], [ 38.58220268744337, 3.166848434727186 ], [ 38.582177881028464, 3.16695417962165 ], [ 38.582146871500257, 3.167074725243812 ], [ 38.582049342825641, 3.167437683000356 ], [ 38.582021141350893, 3.167554067979445 ], [ 38.581998737983909, 3.167658935947625 ], [ 38.581971809558055, 3.167803571487545 ], [ 38.581946902178039, 3.167954251504132 ], [ 38.581923837841124, 3.168112033906325 ], [ 38.581902351543505, 3.168278742536923 ], [ 38.581882700287963, 3.168451405652113 ], [ 38.581863671057839, 3.168639711416898 ], [ 38.581821941608709, 3.169120304975832 ], [ 38.581796734357681, 3.169435141826228 ], [ 38.581790356316667, 3.169542182593951 ], [ 38.581786583319776, 3.169638854254232 ], [ 38.581784918369031, 3.169739676554655 ], [ 38.581785335463159, 3.169843983552654 ], [ 38.581787835602853, 3.169952350198575 ], [ 38.581792439789119, 3.170065700412651 ], [ 38.581807946303307, 3.170309538356757 ], [ 38.581833730068006, 3.170605243816329 ], [ 38.581844032353509, 3.170698963719898 ], [ 38.581858188725505, 3.170803214711442 ], [ 38.581911509078829, 3.171137271838536 ], [ 38.581928849526115, 3.171254624696844 ], [ 38.581942471892518, 3.171365128149312 ], [ 38.581951595159723, 3.17146556547418 ], [ 38.581955197294441, 3.171540843974842 ], [ 38.581955644372691, 3.17162492571845 ], [ 38.581945655409783, 3.171915643638552 ], [ 38.581944725483638, 3.17202827791931 ], [ 38.581946558569129, 3.172087140838083 ], [ 38.581950234688584, 3.172142024098785 ], [ 38.581955822844343, 3.172193934614462 ], [ 38.581963382037941, 3.17224339034032 ], [ 38.581980460455817, 3.172331325737595 ], [ 38.5819999299191, 3.172415739436777 ], [ 38.582021749426808, 3.172496463452472 ], [ 38.582045887978389, 3.172573376795045 ], [ 38.582081743782361, 3.172669109503897 ], [ 38.582126969781157, 3.172771176658329 ], [ 38.582182485995304, 3.172882046044641 ], [ 38.582258044638188, 3.173021214972126 ], [ 38.582301615581507, 3.173096602430325 ], [ 38.58235233067478, 3.17317855331612 ], [ 38.582505561964858, 3.17341012720507 ], [ 38.582667371432997, 3.173647347599609 ], [ 38.582817941651136, 3.173857053377942 ], [ 38.582891227213871, 3.173954680892187 ], [ 38.582963575754121, 3.174048006778516 ], [ 38.583035313278764, 3.174137453000188 ], [ 38.583106672792852, 3.174223308532008 ], [ 38.58318143637652, 3.174310101980056 ], [ 38.583260841056095, 3.174399345212874 ], [ 38.583436694768892, 3.174588649730833 ], [ 38.583496984038746, 3.174649838400492 ], [ 38.583566220493658, 3.174716064627977 ], [ 38.583801456427118, 3.174929071051292 ], [ 38.583886887220864, 3.175008873093786 ], [ 38.583968057929347, 3.175089871036727 ], [ 38.584037806402911, 3.175166125398474 ], [ 38.584103927807234, 3.175247408329276 ], [ 38.58417279127827, 3.175342298083689 ], [ 38.584234717607046, 3.175434767052751 ], [ 38.584372991580452, 3.175649200433606 ], [ 38.584439715010582, 3.175747065932934 ], [ 38.58449886627276, 3.175826780005005 ], [ 38.584556412494365, 3.175896809914089 ], [ 38.584643390331372, 3.175991194697021 ], [ 38.584816924985226, 3.176165856480642 ], [ 38.584886434451043, 3.176238581147302 ], [ 38.584947221736734, 3.176306703218274 ], [ 38.585012665124573, 3.176384589442814 ], [ 38.585226024661409, 3.176653275079893 ], [ 38.585308385409817, 3.176753482364324 ], [ 38.585394178225037, 3.176850512919949 ], [ 38.585475758943829, 3.176933908655773 ], [ 38.585530356089656, 3.176984205270158 ], [ 38.585656753737119, 3.177094558642406 ], [ 38.585711488886623, 3.177146043154186 ], [ 38.585761362937639, 3.17719738068268 ], [ 38.58581028997186, 3.177251440977062 ], [ 38.585858353990865, 3.177308318029068 ], [ 38.585905661997018, 3.177368135827921 ], [ 38.585952282991734, 3.177430978366414 ], [ 38.58599841397929, 3.177497103621965 ], [ 38.586044223963313, 3.17756675357366 ], [ 38.586089951948786, 3.177640290190099 ], [ 38.58617483478681, 3.177787297434064 ], [ 38.586263766723768, 3.17795487389976 ], [ 38.586349403597424, 3.178126605009709 ], [ 38.586524757443392, 3.178489558544315 ], [ 38.586603712174259, 3.178652151448494 ], [ 38.586659855409223, 3.178772666002513 ], [ 38.58670790147179, 3.178882694468236 ], [ 38.586748701380976, 3.178984537646254 ], [ 38.586785875215497, 3.179084781965313 ], [ 38.58681712192174, 3.179174819170034 ], [ 38.586843874532086, 3.179258791901836 ], [ 38.586866566056464, 3.179338095039931 ], [ 38.586888286572794, 3.179431452966075 ], [ 38.586904678985597, 3.179530046444885 ], [ 38.586915920299475, 3.179634893388376 ], [ 38.586922229520376, 3.179748011622331 ], [ 38.586923853636158, 3.179848495950297 ], [ 38.586922393699304, 3.179960895252815 ], [ 38.586907121705828, 3.180343255272337 ], [ 38.586903726757249, 3.180488851712028 ], [ 38.586905532913732, 3.180634144173528 ], [ 38.586908810034878, 3.180700644432656 ], [ 38.586913713186377, 3.180764107952479 ], [ 38.586935405806329, 3.180983684987769 ], [ 38.586958858451574, 3.181190804096552 ], [ 38.586984383130719, 3.181388206042115 ], [ 38.587012174848951, 3.181577383695509 ], [ 38.58704249561297, 3.181760017911438 ], [ 38.587075404424098, 3.18193636666752 ], [ 38.587111021285416, 3.182107080907627 ], [ 38.587149444199177, 3.182272616592278 ], [ 38.587220162853363, 3.182543677144831 ], [ 38.587237533271811, 3.182625048109143 ], [ 38.587252128637871, 3.182710798698063 ], [ 38.587264106955296, 3.182801824833876 ], [ 38.58727370423032, 3.182899922361584 ], [ 38.587284968608188, 3.183081576678147 ], [ 38.587301334292619, 3.183509545737565 ], [ 38.587308449527065, 3.183619216268754 ], [ 38.587317525792102, 3.183717809754152 ], [ 38.58732984412206, 3.183815607305558 ], [ 38.587345082505728, 3.183907053402573 ], [ 38.587363471949104, 3.183993520926572 ], [ 38.587385175455921, 3.184075756812851 ], [ 38.587407995976207, 3.184146820662219 ], [ 38.587466794302131, 3.184312194344235 ], [ 38.587491253864364, 3.184393958269016 ], [ 38.587513197388226, 3.184490801894789 ], [ 38.587530367819546, 3.184592632094176 ], [ 38.587542857160877, 3.184699967822549 ], [ 38.587550769414918, 3.184813709002162 ], [ 38.58755417158217, 3.184932848719667 ], [ 38.587553312671197, 3.18506171260164 ], [ 38.587548230685336, 3.185203197398353 ], [ 38.587538400626087, 3.185372131830524 ], [ 38.58752558549363, 3.185525507607692 ], [ 38.587507492253181, 3.185677366520221 ], [ 38.587484222906014, 3.185826842642671 ], [ 38.587455895454056, 3.185973179040186 ], [ 38.587424465928791, 3.186106809536696 ], [ 38.587385359254995, 3.186248623333545 ], [ 38.587337865420665, 3.186401327197832 ], [ 38.58727909937501, 3.186574225329089 ], [ 38.587225207409553, 3.186724932371086 ], [ 38.587174349493765, 3.186861501630371 ], [ 38.587124753595774, 3.186988682698574 ], [ 38.587075721702917, 3.187108248423457 ], [ 38.587026355798763, 3.187222317622866 ], [ 38.586976670883573, 3.187330786305659 ], [ 38.586926395952183, 3.187434249420957 ], [ 38.586875347001417, 3.187533078936671 ], [ 38.586822678015274, 3.187628795722322 ], [ 38.586768929003796, 3.187720296872615 ], [ 38.586713989964906, 3.187807770371348 ], [ 38.586657774896977, 3.187891349207214 ], [ 38.586600186798243, 3.187971179367714 ], [ 38.586541179667712, 3.188047316847966 ], [ 38.586480696504317, 3.188119838641471 ], [ 38.586418687307152, 3.188188802743091 ], [ 38.586381066578255, 3.188227517434286 ], [ 38.586338057742509, 3.18826883590528 ], [ 38.586146928018081, 3.188439812313441 ], [ 38.586065092428235, 3.188518789567864 ], [ 38.586013304426821, 3.188574500804477 ], [ 38.585958910378892, 3.188637658400816 ], [ 38.585897514199672, 3.188713482910125 ], [ 38.585713105664283, 3.18894851778602 ], [ 38.585651425477018, 3.189021468543572 ], [ 38.585593633360233, 3.189084481155292 ], [ 38.585552755567342, 3.189125500650428 ], [ 38.585505695652181, 3.189169836864584 ], [ 38.585296412574209, 3.18935730786512 ], [ 38.58524735562132, 3.189404952795416 ], [ 38.585204679795275, 3.189449823959735 ], [ 38.585150865757413, 3.189511014725388 ], [ 38.585094253668871, 3.189579311880332 ], [ 38.585033379501397, 3.189656380282022 ], [ 38.584957164042429, 3.189756239730245 ], [ 38.584863680257435, 3.189884194768879 ], [ 38.584767838434438, 3.190023886796982 ], [ 38.584667622535058, 3.190178197567593 ], [ 38.584556424434119, 3.190357287209545 ], [ 38.584403415544287, 3.190605106956832 ], [ 38.584324709064113, 3.190740114374908 ], [ 38.584288357384636, 3.190807633580111 ], [ 38.584256245788197, 3.190871756074813 ], [ 38.584227825264563, 3.190933579764839 ], [ 38.58420282980871, 3.190993689599819 ], [ 38.584179635393127, 3.191058354040376 ], [ 38.5841577210103, 3.191131307764699 ], [ 38.584137801671048, 3.191208265141928 ], [ 38.584086135804618, 3.191424049568654 ], [ 38.584068021492492, 3.191489592929163 ], [ 38.584049606168008, 3.191547595940455 ], [ 38.584020109636761, 3.191626613148019 ], [ 38.583982894955774, 3.19171323970557 ], [ 38.583944621249103, 3.191794721707959 ], [ 38.583851292519498, 3.191985734306804 ], [ 38.583807713716958, 3.192081128113364 ], [ 38.583771275054559, 3.192171279366267 ], [ 38.583743158554924, 3.192254710191986 ], [ 38.583689784622543, 3.192432457901919 ], [ 38.583661661145214, 3.192543021387008 ], [ 38.583651205977425, 3.192595735847993 ], [ 38.583643684866388, 3.192645356573351 ], [ 38.583638987810566, 3.192692617500005 ], [ 38.583637079809407, 3.192737904594633 ], [ 38.583639596918779, 3.192808452506235 ], [ 38.583648856171223, 3.192887162708089 ], [ 38.583663275530512, 3.192968784654411 ], [ 38.583696013323546, 3.193126816993435 ], [ 38.583721555936457, 3.19324294495363 ], [ 38.583754418706533, 3.193370195948068 ], [ 38.583793791616429, 3.193507139100936 ], [ 38.583861024159155, 3.193727863002826 ], [ 38.583957731393795, 3.194064074916937 ], [ 38.584004450460668, 3.194211248181174 ], [ 38.584031895078546, 3.194287038619768 ], [ 38.584060042705616, 3.194356687587716 ], [ 38.584089420353571, 3.194421497971927 ], [ 38.584120327028927, 3.194482117716485 ], [ 38.584147049608085, 3.194528758670397 ], [ 38.584179006296445, 3.194579439271503 ], [ 38.584298770863306, 3.194753627144292 ], [ 38.584344270841896, 3.194823889044751 ], [ 38.584471279586893, 3.195036363608538 ], [ 38.584524833748262, 3.195130645430144 ], [ 38.584573655810097, 3.19522026465801 ], [ 38.584618859796592, 3.195307323109791 ], [ 38.584660346705654, 3.195391700795911 ], [ 38.584698410543709, 3.195473988665281 ], [ 38.58473322531475, 3.195554573684225 ], [ 38.584767175073779, 3.195641890123219 ], [ 38.584832813555941, 3.195828150999894 ], [ 38.584862877230336, 3.195908130075158 ], [ 38.584908734247932, 3.196016789662895 ], [ 38.584963631455572, 3.196134073499176 ], [ 38.58502997290627, 3.196265355118345 ], [ 38.585174206049658, 3.196538038473981 ], [ 38.585235065378932, 3.196656504203296 ], [ 38.585295928714807, 3.196782925246377 ], [ 38.585346123825559, 3.196898089269556 ], [ 38.58544450501909, 3.197143541012979 ], [ 38.58551898069171, 3.197344035654677 ], [ 38.585551123419613, 3.197437801538888 ], [ 38.585580017078769, 3.197527802750725 ], [ 38.585605926674958, 3.197614863218601 ], [ 38.585629000211817, 3.197699484899309 ], [ 38.585660808958707, 3.19782420911327 ], [ 38.585682296469649, 3.19791622915718 ], [ 38.585699126879476, 3.197999802933457 ], [ 38.585711506193533, 3.198076612297152 ], [ 38.585718283377858, 3.198133527381683 ], [ 38.585723717540638, 3.19819724188082 ], [ 38.585735078944097, 3.198406598811128 ], [ 38.585739038095561, 3.198492659383736 ], [ 38.585741059211109, 3.198582681616376 ], [ 38.585741168292088, 3.19867759542853 ], [ 38.58573936634, 3.198779236661982 ], [ 38.58573216535099, 3.198967969387188 ], [ 38.585708517251518, 3.199424490025686 ], [ 38.585802151157132, 3.199438691722169 ], [ 38.5858945270408, 3.199457034062507 ], [ 38.58598564490255, 3.199479518046612 ], [ 38.586075503742144, 3.199506143674486 ], [ 38.586131939900646, 3.199526660857325 ], [ 38.586253218395335, 3.199576847426417 ], [ 38.586302520407116, 3.199594417869454 ], [ 38.586359773578423, 3.199610378444656 ], [ 38.586424245893795, 3.19962402221365 ], [ 38.586491311259373, 3.199635014209273 ], [ 38.586676381024454, 3.19966123679219 ], [ 38.58673222516245, 3.199671422866666 ], [ 38.586781778174085, 3.199682692853001 ], [ 38.586847466517824, 3.199700975220772 ], [ 38.58691915398704, 3.199724068168672 ], [ 38.587208743932727, 3.199830555740043 ], [ 38.587275916310254, 3.199853348717575 ], [ 38.587336707555252, 3.199871852070492 ], [ 38.587443706743343, 3.199900702492083 ], [ 38.587561842156667, 3.199929474911062 ], [ 38.587692889831565, 3.199958754275534 ], [ 38.587879024628919, 3.1999979587376 ], [ 38.588018692476027, 3.200024655317608 ], [ 38.588175402666536, 3.200049941005012 ], [ 38.588324304695718, 3.200070942068655 ], [ 38.588666959663705, 3.200116057889652 ], [ 38.588827644933119, 3.20013948673392 ], [ 38.588965003730493, 3.200162595625398 ], [ 38.58908978027457, 3.20018711840539 ], [ 38.589208349695454, 3.200214455947742 ], [ 38.589484348335212, 3.200283807733954 ], [ 38.589619485092861, 3.200313225082997 ], [ 38.589674363210804, 3.200322843207306 ], [ 38.589732083385023, 3.200331063449792 ], [ 38.589858996962441, 3.200343707252793 ], [ 38.589981999456349, 3.200351016519162 ], [ 38.590281768529465, 3.200363310207367 ], [ 38.590363024177314, 3.200368552687107 ], [ 38.590435857655784, 3.200375049065577 ], [ 38.590513076225321, 3.200384420192533 ], [ 38.590584907687777, 3.200396033130537 ], [ 38.590652579068127, 3.200410086861499 ], [ 38.590716732379434, 3.200426720372816 ], [ 38.590797638037458, 3.200452781056939 ], [ 38.590885831849313, 3.200486725054937 ], [ 38.590975027685317, 3.200525252656547 ], [ 38.591217612683302, 3.200635525940708 ], [ 38.591292212217695, 3.200666409214055 ], [ 38.591359945608495, 3.200691543989101 ], [ 38.59146615378431, 3.20072495501793 ], [ 38.59158661424668, 3.200756287214145 ], [ 38.59170259161386, 3.200782203881187 ], [ 38.591977187214695, 3.200838988752616 ], [ 38.592111613959723, 3.200870570915488 ], [ 38.592234515474331, 3.200905454803208 ], [ 38.592290520622512, 3.200924083149344 ], [ 38.59234368471413, 3.200943756407721 ], [ 38.592410193082252, 3.200971558953612 ], [ 38.592483266588623, 3.20100571394601 ], [ 38.592707050210045, 3.201120677841235 ], [ 38.592779785711052, 3.201156653676906 ], [ 38.592841426981124, 3.201184889189475 ], [ 38.592898614157434, 3.201208581097795 ], [ 38.59294668214428, 3.201226287530123 ], [ 38.592997592187842, 3.201242998045897 ], [ 38.593110625499826, 3.201274283252377 ], [ 38.593219521722951, 3.201299299003074 ], [ 38.593474017914204, 3.201352343213963 ], [ 38.593594827381793, 3.201381592589545 ], [ 38.593700340541943, 3.201413102782936 ], [ 38.593748440528856, 3.201430115275039 ], [ 38.593794068466622, 3.201448182678214 ], [ 38.593915167957924, 3.201498810209394 ], [ 38.593987939457037, 3.201531746307175 ], [ 38.594053136803524, 3.201565375351589 ], [ 38.594109368969185, 3.201599511359742 ], [ 38.594156983959664, 3.201632683458279 ], [ 38.594203403928041, 3.201668234352636 ], [ 38.594248237866012, 3.201705863069079 ], [ 38.594291132766372, 3.20174527363341 ], [ 38.594331727621302, 3.201786130074979 ], [ 38.594369777425719, 3.201828180415702 ], [ 38.594405031174382, 3.201871146679748 ], [ 38.594437282862899, 3.201914777888921 ], [ 38.594474465663872, 3.201973663778067 ], [ 38.594510619452429, 3.202042750788149 ], [ 38.594545075212821, 3.202119220162828 ], [ 38.594601239461767, 3.202255266380019 ], [ 38.594653476627279, 3.202386560010542 ], [ 38.594697907629552, 3.202511409203452 ], [ 38.594735071480869, 3.202631331827576 ], [ 38.594765196186309, 3.202747082817395 ], [ 38.594787939733287, 3.202851754769087 ], [ 38.594805960180508, 3.202951386159678 ], [ 38.594819382531128, 3.203046685927698 ], [ 38.594828256786521, 3.203138014042169 ], [ 38.594832367930778, 3.203211566693931 ], [ 38.594833942025033, 3.20328661821857 ], [ 38.594832976068965, 3.203362976632631 ], [ 38.594829472062443, 3.20344042095516 ], [ 38.59482343600542, 3.203518751203386 ], [ 38.594814892898313, 3.2035976504046 ], [ 38.594803871741206, 3.203676824584296 ], [ 38.594790420534878, 3.203755937771206 ], [ 38.594779608358465, 3.203806672403907 ], [ 38.594765703120657, 3.203858895910721 ], [ 38.594748583819467, 3.203913076251425 ], [ 38.594727982450181, 3.203970068352565 ], [ 38.594679676569548, 3.204086045388995 ], [ 38.594573138606421, 3.204316343612854 ], [ 38.594530461824661, 3.204414276201054 ], [ 38.594491018113473, 3.204518343257287 ], [ 38.594475500839913, 3.204566710098217 ], [ 38.594462508616012, 3.204613465076115 ], [ 38.594438331217674, 3.204722526688881 ], [ 38.594395980560904, 3.204962689008139 ], [ 38.594374225208, 3.205067449989892 ], [ 38.594316533251025, 3.205319714278354 ], [ 38.594289054790131, 3.205433824458491 ], [ 38.594258734271747, 3.205547765655506 ], [ 38.594228220738415, 3.205648556987048 ], [ 38.594193262114395, 3.205748300412819 ], [ 38.594155839433334, 3.205839418584576 ], [ 38.594115379684759, 3.205923297383368 ], [ 38.594071536862415, 3.206000640748646 ], [ 38.594035925186127, 3.206053490219907 ], [ 38.59399239035173, 3.206108838482315 ], [ 38.593938731317031, 3.206169589287135 ], [ 38.593820175023346, 3.206294736591889 ], [ 38.593770125057127, 3.206350017865475 ], [ 38.59372063010634, 3.206410410697759 ], [ 38.593680564343266, 3.206467236829758 ], [ 38.593654106844546, 3.206510921083885 ], [ 38.59362731234382, 3.20656041783697 ], [ 38.593519842357644, 3.206785635500801 ], [ 38.593492584849763, 3.206837849019823 ], [ 38.593466160353266, 3.20688339011385 ], [ 38.593433768739487, 3.206933079855032 ], [ 38.593395731014198, 3.206985923328927 ], [ 38.593349456127861, 3.207045489229829 ], [ 38.593205331361588, 3.207224137941422 ], [ 38.593161913532384, 3.207282974902853 ], [ 38.593125635843968, 3.207337375240962 ], [ 38.593006137578961, 3.207519866600467 ], [ 38.59297681502602, 3.207567980475007 ], [ 38.592952464569926, 3.207611675726582 ], [ 38.592929114137149, 3.207659204646518 ], [ 38.592910435797158, 3.207704534752276 ], [ 38.592896109543943, 3.207748450976309 ], [ 38.592886007375292, 3.207791360283652 ], [ 38.592882473324615, 3.207816272137868 ], [ 38.592880657311603, 3.207844742683626 ], [ 38.592880255405397, 3.207967235118411 ], [ 38.592877754377405, 3.207994411776425 ], [ 38.592873395309155, 3.208018352715097 ], [ 38.592861355097789, 3.208056885401579 ], [ 38.592843485767986, 3.208094927135358 ], [ 38.592819602316524, 3.208132889880909 ], [ 38.592789221734314, 3.20817154557221 ], [ 38.592759667163307, 3.208203715822213 ], [ 38.592724076472422, 3.20823848985274 ], [ 38.592598978034822, 3.208349592374743 ], [ 38.592554589171577, 3.20839110483148 ], [ 38.592514676399063, 3.208432816267224 ], [ 38.592482422779618, 3.208472336885496 ], [ 38.592383521891946, 3.20860761130066 ], [ 38.592306198420268, 3.20871826282154 ], [ 38.592239186149939, 3.208820425065922 ], [ 38.592181002053145, 3.208916514826795 ], [ 38.592129219084434, 3.209010842734209 ], [ 38.592084662259332, 3.209102260886565 ], [ 38.592046918570347, 3.209191620210796 ], [ 38.59201577901365, 3.209279421663817 ], [ 38.591995436659133, 3.209347778784893 ], [ 38.591976365335086, 3.20942180541592 ], [ 38.591958226035629, 3.209502755449051 ], [ 38.591940106745717, 3.209594688534789 ], [ 38.591926829543993, 3.209674964621926 ], [ 38.591915247384414, 3.209764594900889 ], [ 38.591889659092971, 3.210036063507664 ], [ 38.591833198403961, 3.210579916646935 ], [ 38.59182168329562, 3.210729416762093 ], [ 38.59181551528215, 3.210862974247863 ], [ 38.591814661381392, 3.211002814187308 ], [ 38.591820356605041, 3.211133085946447 ], [ 38.591825691764853, 3.211195399567386 ], [ 38.59183270295722, 3.211256030332019 ], [ 38.591841408182525, 3.211315124227834 ], [ 38.591851824441221, 3.211372796244913 ], [ 38.591869477867107, 3.211455380107191 ], [ 38.591890137355307, 3.211539896800222 ], [ 38.591913720904039, 3.21162601135303 ], [ 38.591940108510506, 3.211713284803451 ], [ 38.591963973052643, 3.211784635629428 ], [ 38.591990563650249, 3.211856432414602 ], [ 38.592019908303961, 3.211928750152576 ], [ 38.592052044014686, 3.212001678835476 ], [ 38.592086998782946, 3.21207528945716 ], [ 38.592124848610538, 3.212149743003782 ], [ 38.592165667498996, 3.212225186462526 ], [ 38.592209562450627, 3.212301815816326 ], [ 38.59225580244982, 3.212378469166179 ], [ 38.592305319516512, 3.212456791369304 ], [ 38.592415249876019, 3.212620107191022 ], [ 38.592541682579217, 3.212795382967273 ], [ 38.592696831887388, 3.212999574225553 ], [ 38.592790871887026, 3.213116781037546 ], [ 38.592936459975682, 3.213289620007985 ], [ 38.593007210474561, 3.213371137917678 ], [ 38.593083158080191, 3.213454631652577 ], [ 38.593165088809243, 3.213540969137238 ], [ 38.593254590695111, 3.21363182522574 ], [ 38.593423965258367, 3.213796969839834 ], [ 38.593836307924299, 3.214188328739024 ], [ 38.593944788207018, 3.214294732470786 ], [ 38.594040842230939, 3.21439219998362 ], [ 38.594139074304515, 3.214496292923132 ], [ 38.594228623199108, 3.214596364217017 ], [ 38.594310960945826, 3.214694061721517 ], [ 38.594386845560805, 3.214790290358287 ], [ 38.594529936615821, 3.214983332588578 ], [ 38.59466691854886, 3.215178338654658 ], [ 38.594797469353196, 3.215374851596262 ], [ 38.594921321022845, 3.215572468448336 ], [ 38.595038202552232, 3.215770748249106 ], [ 38.595147948937495, 3.215969408023186 ], [ 38.595250383175035, 3.216168127798293 ], [ 38.59534536026149, 3.216366625598847 ], [ 38.595461994836782, 3.216625877141566 ], [ 38.595507556847615, 3.216732904872604 ], [ 38.595547969748146, 3.216832631237711 ], [ 38.595584905575926, 3.21692936186414 ], [ 38.595617909320794, 3.217022105837656 ], [ 38.595647305990127, 3.217111780079066 ], [ 38.595673274588087, 3.217198930540915 ], [ 38.595700026213606, 3.217300139789727 ], [ 38.595726123835021, 3.217412248099141 ], [ 38.595752079463828, 3.217536644348885 ], [ 38.595786783315354, 3.217715968854097 ], [ 38.59583047340459, 3.217962192582124 ], [ 38.595868195376639, 3.218212662949094 ], [ 38.595899894230087, 3.218467013986504 ], [ 38.595925515963572, 3.218724823730848 ], [ 38.595948385671896, 3.219019204323669 ], [ 38.595961793154764, 3.219272619457473 ], [ 38.595965334325392, 3.219391107235896 ], [ 38.595966770449515, 3.219504887422156 ], [ 38.595966111527879, 3.219614710951452 ], [ 38.595963352560972, 3.219721067781484 ], [ 38.595955740567227, 3.219912855248088 ], [ 38.595948025532202, 3.220057701762876 ], [ 38.595938462447975, 3.220188350503735 ], [ 38.595926735310478, 3.220307640226081 ], [ 38.595912013108553, 3.220422396342018 ], [ 38.595894413842842, 3.220530310050365 ], [ 38.595873738510157, 3.220632591247135 ], [ 38.595849846108344, 3.220729922873429 ], [ 38.595791890111734, 3.220940046801352 ], [ 38.59576852870179, 3.221014832371677 ], [ 38.595745227286436, 3.221081689625568 ], [ 38.595719939828705, 3.221145877111423 ], [ 38.595693415341515, 3.221204890044591 ], [ 38.595665317818856, 3.221259472361259 ], [ 38.595635441256881, 3.221310015027739 ], [ 38.595612978829877, 3.221342644232739 ], [ 38.595585390301146, 3.221377597241768 ], [ 38.595463286947897, 3.221516616355953 ], [ 38.595440309508128, 3.221546489799089 ], [ 38.595421037142046, 3.221574839370569 ], [ 38.595387318509999, 3.221634467256776 ], [ 38.595355367922053, 3.221704210269225 ], [ 38.595328472435867, 3.221773311332812 ], [ 38.595267451343908, 3.221943356719895 ], [ 38.595231857695467, 3.222028824379452 ], [ 38.595182186778075, 3.222133011436534 ], [ 38.595129406797874, 3.222237507469548 ], [ 38.595073490754736, 3.222342363474301 ], [ 38.595014405647781, 3.222447641445302 ], [ 38.594952123476482, 3.222553393378097 ], [ 38.594886589240062, 3.222659713264722 ], [ 38.594817747937199, 3.222766689097557 ], [ 38.594745532566741, 3.222874426867613 ], [ 38.594670120132044, 3.222982683595587 ], [ 38.594591174626821, 3.223091962238434 ], [ 38.594508575048657, 3.223202428782042 ], [ 38.594422160394537, 3.223314300207589 ], [ 38.594331830662469, 3.223427710503883 ], [ 38.594237229845696, 3.223543113631853 ], [ 38.594138028937849, 3.223660911557232 ], [ 38.594033715929157, 3.223781711228166 ], [ 38.593883792038334, 3.22395069378249 ], [ 38.593768863815178, 3.224071757439616 ], [ 38.593723260929842, 3.224115920669735 ], [ 38.593674250975525, 3.224160110900496 ], [ 38.593621430944516, 3.224204693100532 ], [ 38.593564057822341, 3.224250296216375 ], [ 38.593435007291845, 3.224345431121423 ], [ 38.593159482878583, 3.224535735943359 ], [ 38.593042675586403, 3.224619821790985 ], [ 38.592980527369235, 3.224667370743083 ], [ 38.592923848261371, 3.224713243835211 ], [ 38.592871509240467, 3.224758353989404 ], [ 38.592822961296065, 3.224803178165035 ], [ 38.592776529395501, 3.224849264230081 ], [ 38.592726258423205, 3.224902354694408 ], [ 38.592517285390805, 3.225134341865836 ], [ 38.592466798413234, 3.225186396419704 ], [ 38.592419377492227, 3.22523194153231 ], [ 38.592375397635372, 3.2252709812029 ], [ 38.592328214713675, 3.225309910885763 ], [ 38.592277433719339, 3.225349057552887 ], [ 38.59222232663825, 3.225388984156476 ], [ 38.592099996232605, 3.225471005186964 ], [ 38.591840933128942, 3.225633452397631 ], [ 38.591731266970882, 3.225705165306299 ], [ 38.591672831822969, 3.225745802851392 ], [ 38.591619412775458, 3.225785108507081 ], [ 38.59156994880744, 3.225823863206984 ], [ 38.59152392290887, 3.225862476916133 ], [ 38.591418242850587, 3.22595700285428 ], [ 38.591313381812519, 3.226056025404018 ], [ 38.591209727802422, 3.22615917859655 ], [ 38.59110772682881, 3.22626601946966 ], [ 38.591020709148687, 3.226361458313374 ], [ 38.590936021516896, 3.226458304033844 ], [ 38.590853790935789, 3.226556412643371 ], [ 38.590774128407688, 3.2266556491534 ], [ 38.590697148934645, 3.22675587057633 ], [ 38.590622936518258, 3.226856968921304 ], [ 38.590551576160159, 3.226958825198502 ], [ 38.590483142861878, 3.227061333416991 ], [ 38.590417765625773, 3.227164293594068 ], [ 38.590355441451784, 3.227267701729813 ], [ 38.590296226340975, 3.227371467832199 ], [ 38.590240168294322, 3.22747550690824 ], [ 38.590187314312537, 3.227579726966086 ], [ 38.590137699396386, 3.227684063011219 ], [ 38.590091357546463, 3.227788443049813 ], [ 38.590048317763326, 3.227892799087698 ], [ 38.589976099458788, 3.228079285068263 ], [ 38.589925912563643, 3.228222473763769 ], [ 38.589905070198022, 3.228289201027528 ], [ 38.589887103887811, 3.228352780560379 ], [ 38.589871824629931, 3.228413882304594 ], [ 38.589859137422764, 3.228472891227085 ], [ 38.589850202287309, 3.228526870580128 ], [ 38.589844110211452, 3.228583488703187 ], [ 38.589840809194712, 3.228643216555823 ], [ 38.58984025123673, 3.228706903064683 ], [ 38.589842281333141, 3.228772895372637 ], [ 38.58984690448797, 3.22884617704984 ], [ 38.589874578291536, 3.229137149936494 ], [ 38.589882732560845, 3.229261791182138 ], [ 38.589884131645718, 3.22932928636103 ], [ 38.589882789671044, 3.229391921961314 ], [ 38.589878678637341, 3.229450941875682 ], [ 38.589871750544205, 3.229506967050682 ], [ 38.589863731420536, 3.229552995088603 ], [ 38.589853497253415, 3.2296005369979 ], [ 38.589825975781693, 3.229701974274537 ], [ 38.589787693103695, 3.229816986389836 ], [ 38.589697954490887, 3.230058306657581 ], [ 38.589661518842071, 3.230163483619408 ], [ 38.589643673529572, 3.230221240654333 ], [ 38.589628790273999, 3.230275464991429 ], [ 38.589616574070256, 3.23032723853757 ], [ 38.589606898916351, 3.230377105245913 ], [ 38.589594656734128, 3.230455064534238 ], [ 38.589584221590897, 3.230536073557972 ], [ 38.589575545486142, 3.230620471288139 ], [ 38.589568575419243, 3.230708796678089 ], [ 38.58956329238962, 3.230800932738094 ], [ 38.589559560396133, 3.230898818301079 ], [ 38.589556450519602, 3.231121136134394 ], [ 38.589551074693617, 3.231458426056303 ], [ 38.589550750789378, 3.231580492531466 ], [ 38.589554453975985, 3.231713682044197 ], [ 38.589563098249762, 3.231831669863503 ], [ 38.589570209444908, 3.231892915576652 ], [ 38.589579015672044, 3.231951350530757 ], [ 38.589589566932354, 3.232007298697693 ], [ 38.589601904226939, 3.23206097205943 ], [ 38.589616083557054, 3.232112603595495 ], [ 38.589632128923228, 3.232162265299933 ], [ 38.589650077326304, 3.232210068163062 ], [ 38.5896699597671, 3.232256097177447 ], [ 38.58969769337331, 3.232310196489385 ], [ 38.589767438883911, 3.232429234166438 ], [ 38.589796080508357, 3.232483089498632 ], [ 38.589826086172025, 3.232550783636443 ], [ 38.589852516767323, 3.232623218368574 ], [ 38.589875644300498, 3.23270112563157 ], [ 38.589895902781379, 3.232785950300603 ], [ 38.589910941150421, 3.232863288619559 ], [ 38.589925009507887, 3.232950230111328 ], [ 38.589965398582031, 3.233256923633277 ], [ 38.589983716053489, 3.233377283240123 ], [ 38.590007615638626, 3.233498539764911 ], [ 38.590021058956559, 3.233553446019423 ], [ 38.590035710296583, 3.233605440523909 ], [ 38.59009679769364, 3.233797960872794 ], [ 38.590161831164878, 3.233983761797711 ], [ 38.590183840657552, 3.234040343900554 ], [ 38.590208975214864, 3.234098725845452 ], [ 38.590237486842597, 3.234159502581032 ], [ 38.590269914552373, 3.234223823007786 ], [ 38.590334531959158, 3.234342763697947 ], [ 38.590499855546405, 3.234632818549103 ], [ 38.590543202491247, 3.234713928519089 ], [ 38.590579923295877, 3.234787675129492 ], [ 38.590616530104356, 3.234868769106579 ], [ 38.590647025785891, 3.234945965424852 ], [ 38.590671948352657, 3.235020631965937 ], [ 38.590691536810041, 3.235093501666501 ], [ 38.590710541275882, 3.235190569281273 ], [ 38.590724678653942, 3.235300312807158 ], [ 38.590733673926934, 3.235408853441206 ], [ 38.590750898508922, 3.235687015443647 ], [ 38.590758272724798, 3.235766511583306 ], [ 38.590767209965129, 3.235837532452388 ], [ 38.590785446425457, 3.235946498042072 ], [ 38.590835845664166, 3.236207745474862 ], [ 38.590847225953524, 3.236278168393414 ], [ 38.590855494174292, 3.236341959886437 ], [ 38.590868924555998, 3.236473089569276 ], [ 38.59087711681272, 3.2365814242219 ], [ 38.59088103797464, 3.236679841733175 ], [ 38.590880719044577, 3.236770722897823 ], [ 38.590873842023306, 3.236911075802703 ], [ 38.590861236874993, 3.23703802286833 ], [ 38.59085267575179, 3.237097612737939 ], [ 38.590842575595595, 3.237154800815914 ], [ 38.590830911405824, 3.237209742088835 ], [ 38.5908176591821, 3.237262539548029 ], [ 38.590792842747568, 3.237342801649159 ], [ 38.590760002156536, 3.237429915166249 ], [ 38.590719506416448, 3.237524027086505 ], [ 38.590653703204893, 3.237666081894809 ], [ 38.590592403073167, 3.237794825846906 ], [ 38.590540155102566, 3.237897380049391 ], [ 38.590489559155543, 3.237988250257765 ], [ 38.590439299207354, 3.238069624284604 ], [ 38.590394683358355, 3.238133258836138 ], [ 38.590340956328902, 3.23820128601661 ], [ 38.590286025271631, 3.238265418534013 ], [ 38.590145410560446, 3.238423625013403 ], [ 38.590073550180399, 3.238510998541333 ], [ 38.589990766599954, 3.238622728978659 ], [ 38.589904247956021, 3.238748963168688 ], [ 38.589812618222105, 3.238891122990122 ], [ 38.58962884575395, 3.239187211618775 ], [ 38.589548864241955, 3.239313093833776 ], [ 38.589461739589346, 3.239443533661954 ], [ 38.589379890029832, 3.2395576858898 ], [ 38.589238079319259, 3.239745408825863 ], [ 38.58910879384397, 3.239911653602884 ], [ 38.588986037489164, 3.240064119562434 ], [ 38.58886766721379, 3.240205444478859 ], [ 38.588750968965506, 3.240338787082038 ], [ 38.588636064746559, 3.240463918391585 ], [ 38.588522169541861, 3.240581694334439 ], [ 38.588408764341274, 3.240692648864963 ], [ 38.588355186298642, 3.240741519697211 ], [ 38.588216057586422, 3.240862680369749 ], [ 38.588143912185643, 3.240932252433012 ], [ 38.588084110031438, 3.240998118805333 ], [ 38.588021420827232, 3.24107403731353 ], [ 38.587956267580736, 3.241158854056634 ], [ 38.587853835625793, 3.241297962150815 ], [ 38.587750908662485, 3.241438970081642 ], [ 38.587678803290849, 3.241542245239395 ], [ 38.587616735115574, 3.24163755607522 ], [ 38.587563759118986, 3.24172672643274 ], [ 38.587529687484782, 3.241792057829469 ], [ 38.587458919178609, 3.241940979050931 ], [ 38.587425026546143, 3.242004161632691 ], [ 38.587386769823603, 3.242065084412971 ], [ 38.587340376939935, 3.242130170841205 ], [ 38.587290932993376, 3.242193725404149 ], [ 38.587155914402594, 3.242360443146068 ], [ 38.587117388666073, 3.242411339791023 ], [ 38.587084502040263, 3.24245814678369 ], [ 38.587046309317039, 3.242516720766432 ], [ 38.587008076595978, 3.242578930435817 ], [ 38.586929602125132, 3.242717383566475 ], [ 38.586857638785347, 3.242855075757257 ], [ 38.586681462516594, 3.243205489697995 ], [ 38.586629147541274, 3.243303958253648 ], [ 38.586580021621145, 3.243391337762458 ], [ 38.586495017019871, 3.243531766728577 ], [ 38.586274188846168, 3.243879993896119 ], [ 38.586214599725352, 3.243980380292702 ], [ 38.586163825775586, 3.244072315410299 ], [ 38.586083355278106, 3.244226950148006 ], [ 38.586021317129173, 3.244352897343096 ], [ 38.585968677161709, 3.244468514420875 ], [ 38.585924197353137, 3.244576743128591 ], [ 38.585904389999456, 3.244632590331015 ], [ 38.585885317667106, 3.244696049876594 ], [ 38.585831969765962, 3.244907431699427 ], [ 38.585810819402134, 3.244983408167727 ], [ 38.585786615973333, 3.245055656960026 ], [ 38.585760241493119, 3.245119002521665 ], [ 38.585735630036339, 3.245167659348006 ], [ 38.585705269466239, 3.245219969864391 ], [ 38.585671187821831, 3.245273361290674 ], [ 38.585572737954649, 3.245420995647366 ], [ 38.585544292418383, 3.24546740367093 ], [ 38.585520612975209, 3.24550993502458 ], [ 38.585463994927032, 3.245625302127468 ], [ 38.585407646897089, 3.245755702934164 ], [ 38.585351287878915, 3.24590045150399 ], [ 38.585268373393312, 3.24612785897083 ], [ 38.58519498408598, 3.246338268894926 ], [ 38.585127019890031, 3.246550612647752 ], [ 38.585064612807876, 3.246764484264248 ], [ 38.585007877841363, 3.246979483778672 ], [ 38.584956921992301, 3.24719519922659 ], [ 38.584911835262304, 3.24741126063979 ], [ 38.5848726936525, 3.24762728705101 ], [ 38.584839565164074, 3.247842912491712 ], [ 38.584803083636345, 3.248092404016048 ], [ 38.584787188424649, 3.248222731795003 ], [ 38.584777741339245, 3.248348132993298 ], [ 38.584776110354738, 3.248405734029349 ], [ 38.584776505409209, 3.248460836279049 ], [ 38.584782923631963, 3.248571116767307 ], [ 38.584796803014328, 3.248691708360278 ], [ 38.584818184559211, 3.248825066846444 ], [ 38.584852178396858, 3.249003095471259 ], [ 38.584873633911442, 3.249098603220151 ], [ 38.584901995572956, 3.249202855209431 ], [ 38.584936275360008, 3.249313969602179 ], [ 38.58504008572794, 3.249632015098143 ], [ 38.585069119399776, 3.249732205437047 ], [ 38.585091807935001, 3.249822790609242 ], [ 38.585119342599121, 3.249949917627514 ], [ 38.585144757223432, 3.250080592341736 ], [ 38.585168096808879, 3.250215047731899 ], [ 38.58518941635694, 3.250353601770486 ], [ 38.585208749868542, 3.250496435441883 ], [ 38.585226197346046, 3.250644253685213 ], [ 38.585241834791802, 3.250797690445822 ], [ 38.585255765208466, 3.250957752636825 ], [ 38.585268648634063, 3.251153366764243 ], [ 38.585280990112302, 3.251424347395654 ], [ 38.585292039536441, 3.251662187884961 ], [ 38.585324269711919, 3.25228276836516 ], [ 38.585337818276791, 3.252627484640227 ], [ 38.58534203452021, 3.252814882483585 ], [ 38.585343236692005, 3.252989638419256 ], [ 38.585341444795397, 3.253155065161681 ], [ 38.585336635831226, 3.253312830567072 ], [ 38.585327742792622, 3.253480162151406 ], [ 38.585315040671219, 3.25364082031422 ], [ 38.585298458466482, 3.253795694979023 ], [ 38.585277931177693, 3.253945384094026 ], [ 38.585253360803144, 3.254090543602912 ], [ 38.585224704342409, 3.254231389487205 ], [ 38.585191893794295, 3.254368243719147 ], [ 38.585154872157773, 3.254501356277171 ], [ 38.585099257187338, 3.254684373549542 ], [ 38.585055015405466, 3.254818285044894 ], [ 38.585010840612483, 3.254937312823104 ], [ 38.584965691788973, 3.255043615698983 ], [ 38.58493347619423, 3.255111008917667 ], [ 38.58489755552587, 3.255180022999677 ], [ 38.584857658779001, 3.255251179900477 ], [ 38.584813277943915, 3.255325392541709 ], [ 38.584765891048768, 3.255400470110945 ], [ 38.58471213303018, 3.255481995129897 ], [ 38.58456210717906, 3.25569937152152 ], [ 38.584459424223773, 3.255843532183547 ], [ 38.584364499410768, 3.25597042632722 ], [ 38.584273119659663, 3.256085675471616 ], [ 38.584183746940916, 3.256191189453319 ], [ 38.584139419084941, 3.25623928234589 ], [ 38.584087688082086, 3.256290874943246 ], [ 38.583911427654101, 3.25645359706825 ], [ 38.583848874439603, 3.256513814931347 ], [ 38.583791048321281, 3.256574641737894 ], [ 38.583742326384623, 3.256632563787074 ], [ 38.583714129846186, 3.256670395550383 ], [ 38.583684880290861, 3.25671333087469 ], [ 38.583562239977944, 3.256912080848879 ], [ 38.583531663398347, 3.256958200899837 ], [ 38.583502697846285, 3.256998273470605 ], [ 38.583465596135326, 3.25704502847246 ], [ 38.58342492535251, 3.257092226439133 ], [ 38.583380276490026, 3.257140342330072 ], [ 38.583330823531853, 3.257190271068924 ], [ 38.583233422638884, 3.25728181626164 ], [ 38.582978749680166, 3.257510048807486 ], [ 38.582908016306725, 3.257578061005901 ], [ 38.582846873123437, 3.257641419597208 ], [ 38.582687952053746, 3.257812963947452 ], [ 38.582595764276327, 3.257916377113026 ], [ 38.582513418694184, 3.258015362651823 ], [ 38.582443288353815, 3.258108014726011 ], [ 38.582371906995952, 3.258209809013461 ], [ 38.582315955936117, 3.258294987719702 ], [ 38.582268626045412, 3.258373931956046 ], [ 38.582228884304513, 3.258448503562789 ], [ 38.582197389724911, 3.258516449733433 ], [ 38.58216825719677, 3.258588834519616 ], [ 38.582141325717245, 3.258666052887286 ], [ 38.582116350281957, 3.258748799776819 ], [ 38.582093513893767, 3.258836090272863 ], [ 38.582071769534551, 3.258931520066531 ], [ 38.582050559194933, 3.259037296968021 ], [ 38.582027091830149, 3.25916731378224 ], [ 38.582010308582234, 3.259275595464047 ], [ 38.581997002407689, 3.259387576823989 ], [ 38.581987154306411, 3.259503417848396 ], [ 38.581980745278173, 3.259623347517571 ], [ 38.581977761322783, 3.259747460823169 ], [ 38.581978181440299, 3.259876349714331 ], [ 38.581982004631065, 3.260010538145855 ], [ 38.581989256896492, 3.260150947038339 ], [ 38.581999712215406, 3.260277884089237 ], [ 38.582016158666548, 3.260418010998198 ], [ 38.582037786231403, 3.260568584002523 ], [ 38.582077542247703, 3.260819313359413 ], [ 38.582128060523736, 3.261119715426084 ], [ 38.582182476866322, 3.261405580742416 ], [ 38.582241214285993, 3.261679119117409 ], [ 38.582304558789524, 3.261941664436134 ], [ 38.582364765207913, 3.262178582966152 ], [ 38.582402468087899, 3.26231730197867 ], [ 38.582441401983935, 3.262445427903028 ], [ 38.582481127884151, 3.262559588030433 ], [ 38.582526254890048, 3.262669507518713 ], [ 38.582628918155201, 3.262892043252252 ], [ 38.582670309073961, 3.262988351916719 ], [ 38.582701616777925, 3.26307180069811 ], [ 38.582732648485631, 3.263166287528485 ], [ 38.582760000117005, 3.263258491558738 ], [ 38.582824245609338, 3.263486175881506 ], [ 38.582861055454117, 3.263604572646316 ], [ 38.582881881926042, 3.263664349476895 ], [ 38.582903056401229, 3.263719723686511 ], [ 38.582924949888117, 3.263771660191855 ], [ 38.582947774391251, 3.263820656949692 ], [ 38.582988615282069, 3.263897024333333 ], [ 38.583086424401337, 3.264063128934658 ], [ 38.583124343229962, 3.264135923628684 ], [ 38.583149082776664, 3.264190543900194 ], [ 38.583174704347179, 3.264252238561413 ], [ 38.583250464048213, 3.264451191350716 ], [ 38.58330414225572, 3.264594876921866 ], [ 38.583357035451755, 3.264743826040085 ], [ 38.583409380641768, 3.264898705647751 ], [ 38.583461523833662, 3.265060534656667 ], [ 38.583513476027441, 3.265229261071394 ], [ 38.583566310247946, 3.26540827959839 ], [ 38.583620877514441, 3.265600449990536 ], [ 38.58367927387593, 3.265813144610695 ], [ 38.583748235485537, 3.266066442722682 ], [ 38.583785518361253, 3.266209920326099 ], [ 38.583817730127883, 3.266345684598498 ], [ 38.583843230748116, 3.266468900958047 ], [ 38.583862184221466, 3.266574991799067 ], [ 38.583879277659378, 3.266683731413467 ], [ 38.583894535062541, 3.266795254789516 ], [ 38.583907978431462, 3.266909738911957 ], [ 38.58391962576669, 3.267027300770796 ], [ 38.583929514069276, 3.267148302334659 ], [ 38.583937670339985, 3.26727307257529 ], [ 38.583944127580054, 3.267402091451257 ], [ 38.583945869670231, 3.26746695386004 ], [ 38.58394581773053, 3.267539336622371 ], [ 38.583938571857509, 3.267862112812639 ], [ 38.583939939955684, 3.267945134656941 ], [ 38.583944128103873, 3.268020015200377 ], [ 38.583954483413436, 3.268138114014164 ], [ 38.583965749725628, 3.268237589432144 ], [ 38.583979000070208, 3.268327843642946 ], [ 38.583994576455709, 3.268410946468164 ], [ 38.584007267757904, 3.268464590834436 ], [ 38.584023956145472, 3.268523494744032 ], [ 38.584094593756213, 3.268737977200336 ], [ 38.58412069735985, 3.268827099497816 ], [ 38.584135225704443, 3.268886835337663 ], [ 38.584149468049411, 3.268953971539931 ], [ 38.584203514387198, 3.269242266649694 ], [ 38.584218523747538, 3.269309154872772 ], [ 38.584234206115795, 3.269369358671288 ], [ 38.584252907546542, 3.269431151330257 ], [ 38.584275890068575, 3.269498582499779 ], [ 38.584381456439147, 3.269775750524452 ], [ 38.584404442959055, 3.269840467927806 ], [ 38.584423387391901, 3.269899007866898 ], [ 38.584437381717137, 3.269948711571756 ], [ 38.584450834036687, 3.270004670738006 ], [ 38.584491841038329, 3.270207559219151 ], [ 38.584510475483931, 3.270288457231921 ], [ 38.584534485039036, 3.270370253162616 ], [ 38.584547768338744, 3.270406872995669 ], [ 38.584562119658258, 3.270441267019432 ], [ 38.584583255122283, 3.270484304292657 ], [ 38.584609643695195, 3.270530453293228 ], [ 38.584639980349394, 3.270578204152427 ], [ 38.584729504274243, 3.270712448507362 ], [ 38.584755326832813, 3.270755141806287 ], [ 38.584776524294867, 3.270794366407975 ], [ 38.584799826807597, 3.270843142184884 ], [ 38.58482372833803, 3.27089844239897 ], [ 38.584898075003238, 3.271088499957529 ], [ 38.58492786966665, 3.27116007576408 ], [ 38.584961757414881, 3.271233962368013 ], [ 38.584999537243668, 3.27131012277269 ], [ 38.585041598161737, 3.271389346909683 ], [ 38.585088752186714, 3.271473165646415 ], [ 38.585180453171901, 3.271626592346689 ], [ 38.585407959084534, 3.271992536617541 ], [ 38.585466789358868, 3.272091885006137 ], [ 38.585517692465338, 3.27218240916183 ], [ 38.585568368572353, 3.27227890980277 ], [ 38.585612650546288, 3.272370979830979 ], [ 38.585651273403244, 3.272460150113949 ], [ 38.585684592151182, 3.272547251579751 ], [ 38.585714316829886, 3.272638495691652 ], [ 38.585742710492234, 3.272742107738989 ], [ 38.585766478057309, 3.272841371164937 ], [ 38.585817938293573, 3.27307141029818 ], [ 38.585844681926197, 3.273179361972948 ], [ 38.585871105538942, 3.273271545006823 ], [ 38.585898998173455, 3.273354334848889 ], [ 38.585934999977695, 3.27344376311199 ], [ 38.586025663984358, 3.273647186505193 ], [ 38.586046172442657, 3.273698345079335 ], [ 38.58606295482204, 3.273745266021745 ], [ 38.58608039022382, 3.273803149019017 ], [ 38.586096217598794, 3.273867616450304 ], [ 38.586111550973357, 3.273943407906191 ], [ 38.58615351301912, 3.274175388880609 ], [ 38.58617044742379, 3.27424843957127 ], [ 38.586189074855163, 3.27431274701405 ], [ 38.586225384679814, 3.274418929833131 ], [ 38.586264610561159, 3.274522332889377 ], [ 38.586306625496157, 3.274622628211044 ], [ 38.586351320482656, 3.274719554820599 ], [ 38.586398566517595, 3.274812836742175 ], [ 38.586448291599496, 3.274902339987106 ], [ 38.586500403726269, 3.274987899569843 ], [ 38.586554824896311, 3.275069388501476 ], [ 38.586598921837805, 3.275127646443601 ], [ 38.586702776045186, 3.275253163538929 ], [ 38.586744004926636, 3.275308990693045 ], [ 38.586800428140528, 3.275394448280897 ], [ 38.58684901219037, 3.27547338943707 ], [ 38.586891343110416, 3.275548398937335 ], [ 38.586927904911136, 3.275620354705703 ], [ 38.586959221604047, 3.275690374645398 ], [ 38.586985193187161, 3.275758334767091 ], [ 38.587005925662801, 3.275824515046767 ], [ 38.587021471032081, 3.275889082469829 ], [ 38.58703096827773, 3.275951994040716 ], [ 38.587035476429726, 3.276023501875259 ], [ 38.587035759494249, 3.276092657915977 ], [ 38.587031994559744, 3.276259368554253 ], [ 38.587034082673121, 3.276343067340387 ], [ 38.587040742879665, 3.276427548055206 ], [ 38.587050868162834, 3.27651977409969 ], [ 38.587065465550175, 3.276628031759041 ], [ 38.587114481823846, 3.276960002112231 ], [ 38.587126974167319, 3.277066807898518 ], [ 38.587134980410895, 3.277162761623645 ], [ 38.587150444923395, 3.277397578377184 ], [ 38.587156043154494, 3.277536273421663 ], [ 38.587155361250232, 3.277665050326134 ], [ 38.587152376240155, 3.277724188233072 ], [ 38.587147592191393, 3.277780685369149 ], [ 38.587139649081941, 3.277840851191687 ], [ 38.58712750189251, 3.277907066496641 ], [ 38.587067399894337, 3.278162885505665 ], [ 38.587055517703035, 3.27822054954733 ], [ 38.587046696568756, 3.278272503078297 ], [ 38.587038802459716, 3.278332080951623 ], [ 38.587032479384824, 3.278394390588184 ], [ 38.587024286334469, 3.278529993911087 ], [ 38.587021545399416, 3.278671483721997 ], [ 38.587022607657573, 3.278949806739738 ], [ 38.587021570735068, 3.279065554767352 ], [ 38.587017146748188, 3.279186181377583 ], [ 38.587008861672317, 3.279293969097393 ], [ 38.586995501497199, 3.279405711480802 ], [ 38.586976439217366, 3.27952999378862 ], [ 38.586905475109411, 3.279914899685023 ], [ 38.586884105782993, 3.280039369978727 ], [ 38.586868737561112, 3.280143872987753 ], [ 38.586857517415808, 3.28023977073459 ], [ 38.586848107326318, 3.280358353525397 ], [ 38.586842335322523, 3.280491116091277 ], [ 38.586839955381613, 3.280617033244131 ], [ 38.586837772583557, 3.280906170333612 ], [ 38.586834451631518, 3.281041442681263 ], [ 38.586828554610101, 3.28115645677654 ], [ 38.586819682519888, 3.2812612367563 ], [ 38.586802463290411, 3.281400819744551 ], [ 38.586760124674392, 3.281683253446284 ], [ 38.586744010450808, 3.281803496100112 ], [ 38.58673429533637, 3.281899894802743 ], [ 38.586727066281718, 3.282007431543633 ], [ 38.586713160336664, 3.282402294534311 ], [ 38.586703477277851, 3.282563226676952 ], [ 38.586695055180691, 3.28264917027939 ], [ 38.586684416033343, 3.282728946415057 ], [ 38.586671352833179, 3.282804097951328 ], [ 38.586655727577792, 3.282875404821099 ], [ 38.586636105242228, 3.282947375637072 ], [ 38.586610627793739, 3.283025846898024 ], [ 38.586580131248027, 3.283109453720809 ], [ 38.586487978588131, 3.283349140149139 ], [ 38.58646193912584, 3.283424812651701 ], [ 38.586441323767176, 3.283493328766215 ], [ 38.586410140238371, 3.283613045478563 ], [ 38.586381664767785, 3.283736739845873 ], [ 38.586355852354572, 3.283864598852002 ], [ 38.586332652997946, 3.283996879475052 ], [ 38.586312033697503, 3.284133714703428 ], [ 38.586293897451647, 3.28427572348403 ], [ 38.586278171259352, 3.284423461768983 ], [ 38.586264756119498, 3.284577847479188 ], [ 38.586256415059388, 3.284705270508049 ], [ 38.586250917060084, 3.284836497206824 ], [ 38.586248247121439, 3.284971917541876 ], [ 38.586248392243846, 3.285112091464929 ], [ 38.586251337427065, 3.285257191961201 ], [ 38.586257100672867, 3.285408762897614 ], [ 38.586265730983222, 3.285568156157594 ], [ 38.586277369363529, 3.285738031512001 ], [ 38.586296040941626, 3.285973192235743 ], [ 38.586304984192466, 3.286055182164192 ], [ 38.586315205462164, 3.286128962798936 ], [ 38.586324152685918, 3.286179193463629 ], [ 38.586335671963326, 3.286231294964909 ], [ 38.586349883297302, 3.286285818255341 ], [ 38.58636707069445, 3.286343857240169 ], [ 38.586402350497977, 3.286449284126875 ], [ 38.586488945454306, 3.286689258377701 ], [ 38.586525188283353, 3.286801764653668 ], [ 38.586550413875436, 3.28689766936946 ], [ 38.586567447295728, 3.286986489702604 ], [ 38.586574805494898, 3.287045530609702 ], [ 38.586579916654877, 3.28711191488607 ], [ 38.586587130981009, 3.287323239673574 ], [ 38.586590955119306, 3.28739462752006 ], [ 38.586596911294222, 3.287458501012009 ], [ 38.58660528351281, 3.287516138039189 ], [ 38.586623724970551, 3.287615524460966 ], [ 38.586641203392311, 3.287695471558229 ], [ 38.586660109835712, 3.2877668763903 ], [ 38.586680956312385, 3.287831405812914 ], [ 38.586696498659599, 3.287869931480539 ], [ 38.586716936108836, 3.287911820853994 ], [ 38.586790024696782, 3.288040282723862 ], [ 38.586813086200237, 3.288083575974233 ], [ 38.586831167599364, 3.288122711587007 ], [ 38.586844912908589, 3.288159283424443 ], [ 38.586864859372618, 3.288230312288014 ], [ 38.586880915765995, 3.288310702348431 ], [ 38.586893501097094, 3.288400333615665 ], [ 38.586907973506918, 3.288537603777245 ], [ 38.586911496618576, 3.288584929696934 ], [ 38.586912873691716, 3.288637973126022 ], [ 38.58690967177597, 3.28881261908279 ], [ 38.586910039837413, 3.288875871633192 ], [ 38.586913540960289, 3.288936956367746 ], [ 38.586920585149365, 3.28899158865505 ], [ 38.586940175628058, 3.289088145319737 ], [ 38.586965923231055, 3.289184443001421 ], [ 38.586997401948416, 3.289278880838429 ], [ 38.587034093768317, 3.28936990896469 ], [ 38.58706133036614, 3.289424787213457 ], [ 38.587096372124719, 3.289483115158332 ], [ 38.587136340983143, 3.289541619083729 ], [ 38.587252125461681, 3.28970151020934 ], [ 38.587284873167143, 3.289751989832309 ], [ 38.587311558746777, 3.289798672787628 ], [ 38.587345338488966, 3.28986761781894 ], [ 38.587416167060148, 3.290029831783229 ], [ 38.587450291811422, 3.29010132859437 ], [ 38.587479559448873, 3.290154509987558 ], [ 38.587515182218645, 3.290212235983868 ], [ 38.587640532911223, 3.290396052040156 ], [ 38.587684079849538, 3.290463399200704 ], [ 38.587722614686193, 3.290530393396041 ], [ 38.587752981354051, 3.290593144963924 ], [ 38.587786516101254, 3.290673776988578 ], [ 38.587814012720465, 3.290747628602717 ], [ 38.587836378232296, 3.290817145594614 ], [ 38.587853877642594, 3.29088319088977 ], [ 38.587867095968249, 3.290951401002216 ], [ 38.587876711228532, 3.291028455355786 ], [ 38.587882720416779, 3.291106608617802 ], [ 38.587891713741769, 3.29127412217904 ], [ 38.587901590114477, 3.291476611726402 ], [ 38.587904883350085, 3.291674594667796 ], [ 38.58790159044856, 3.291867792027142 ], [ 38.587891714409501, 3.292055984823368 ], [ 38.587883272327893, 3.292160359839054 ], [ 38.587872712203932, 3.292265295808211 ], [ 38.587860043037622, 3.292370694739359 ], [ 38.587845278829342, 3.292476453641257 ], [ 38.587828431579148, 3.292582472522592 ], [ 38.587809521287262, 3.292688630393848 ], [ 38.587788567954178, 3.292794814264465 ], [ 38.587765594580162, 3.292900901145365 ], [ 38.587730531000304, 3.29305244912027 ], [ 38.587702534519998, 3.293153115472491 ], [ 38.587688441270203, 3.293194422926136 ], [ 38.587670892953469, 3.293239203083713 ], [ 38.587584900378431, 3.293431542588606 ], [ 38.587566207039373, 3.293477306662332 ], [ 38.587551190771102, 3.293518825098723 ], [ 38.587531166423254, 3.293585743351333 ], [ 38.587514695150475, 3.29365646327335 ], [ 38.587501633950467, 3.293731589812831 ], [ 38.587491785820148, 3.293812237873911 ], [ 38.58748529075897, 3.293894281811799 ], [ 38.587481189754136, 3.293985777933448 ], [ 38.587477138979047, 3.294344794009644 ], [ 38.587474719998816, 3.294425195085726 ], [ 38.587470837981648, 3.294496940908581 ], [ 38.587463701907232, 3.294578821861211 ], [ 38.58745381677204, 3.294654504350112 ], [ 38.587440986573185, 3.294725484246714 ], [ 38.587425071308466, 3.294792505486937 ], [ 38.587395905799504, 3.294887167357604 ], [ 38.587356529091821, 3.294991044443228 ], [ 38.587314786330467, 3.295088267104213 ], [ 38.587213690476347, 3.295311425967841 ], [ 38.587169177667185, 3.295418202808142 ], [ 38.587135254061444, 3.29551227973343 ], [ 38.587109771620661, 3.295599589234294 ], [ 38.587096431399843, 3.295656983301778 ], [ 38.587083953202082, 3.295720970800474 ], [ 38.587043007595454, 3.295980065516851 ], [ 38.587021488255282, 3.296091406944229 ], [ 38.586981553588792, 3.296256587749717 ], [ 38.586934774787956, 3.296426665139401 ], [ 38.586880949849437, 3.296602383049261 ], [ 38.586819695766657, 3.29678499437181 ], [ 38.586749067509018, 3.296985061198895 ], [ 38.586696963572315, 3.297122107438604 ], [ 38.586645135628331, 3.297244178968034 ], [ 38.586592679659887, 3.297352475684606 ], [ 38.586550506871653, 3.297428318187995 ], [ 38.586499283905979, 3.297510685137109 ], [ 38.586447807930497, 3.297587569558707 ], [ 38.586323594571411, 3.297767028207465 ], [ 38.58626476745826, 3.297856903516424 ], [ 38.586192644102944, 3.297977921154301 ], [ 38.586117798706645, 3.298115569362051 ], [ 38.586046164378352, 3.298256675269236 ], [ 38.585860121939213, 3.298635484799777 ], [ 38.585802175862462, 3.298747080237185 ], [ 38.585747885848704, 3.298845706788561 ], [ 38.585682546621108, 3.29895567337265 ], [ 38.585617342387572, 3.299055494830662 ], [ 38.585550999123889, 3.299147109996394 ], [ 38.585482822817021, 3.299231469788796 ], [ 38.585379222816066, 3.299342095349301 ], [ 38.585339361051282, 3.29939067919888 ], [ 38.585305420408901, 3.299442363776161 ], [ 38.585272448793873, 3.299503013580488 ], [ 38.585241473223903, 3.299569153910083 ], [ 38.585188017248868, 3.299693336259553 ], [ 38.585148794535492, 3.299786897234414 ], [ 38.585111966872766, 3.299882996988481 ], [ 38.5850776912635, 3.299981226556991 ], [ 38.585046131710662, 3.300081114980238 ], [ 38.585026346372523, 3.300153685746413 ], [ 38.585009320093675, 3.300230256165584 ], [ 38.584994882871321, 3.30031158817242 ], [ 38.584982767701199, 3.300399160639802 ], [ 38.584974161595547, 3.300479093762085 ], [ 38.584966607519171, 3.300568366079179 ], [ 38.584946661386766, 3.300884992823529 ], [ 38.5849368052953, 3.301010924984884 ], [ 38.584922482115601, 3.301139452926482 ], [ 38.584904247844783, 3.301253909083634 ], [ 38.584838034780716, 3.301575482442245 ], [ 38.584816278456579, 3.301710781807144 ], [ 38.584799284234343, 3.301852660601249 ], [ 38.584786876111679, 3.302002529703131 ], [ 38.58477882408642, 3.302163132876799 ], [ 38.584775277139308, 3.302308645346327 ], [ 38.584774474261927, 3.302470699388763 ], [ 38.584782082904013, 3.303040422310297 ], [ 38.584782225100199, 3.303266092872657 ], [ 38.584780022157858, 3.303385377600325 ], [ 38.58477602617257, 3.30349683300389 ], [ 38.584770161144554, 3.303602530905049 ], [ 38.584762364073377, 3.303703536212042 ], [ 38.584746266883833, 3.303862311550306 ], [ 38.58470335133314, 3.304232641690451 ], [ 38.584686693150637, 3.304412887180248 ], [ 38.58467112103974, 3.304650925691306 ], [ 38.584660333023017, 3.304885960457028 ], [ 38.584654332100527, 3.305117905484808 ], [ 38.584653121272211, 3.305346685781093 ], [ 38.584656698538005, 3.305572222352589 ], [ 38.58466506489782, 3.30579446220403 ], [ 38.58467821835157, 3.306013347340312 ], [ 38.584696152899248, 3.30622882676583 ], [ 38.584716902488999, 3.306427094671451 ], [ 38.584741179147848, 3.306622588812911 ], [ 38.584768955874871, 3.306815083209678 ], [ 38.584800203669403, 3.307004383878643 ], [ 38.584828617379237, 3.307161853291671 ], [ 38.58485373899817, 3.307290879157208 ], [ 38.584878724603726, 3.307407643079019 ], [ 38.584904253212429, 3.30751511680054 ], [ 38.58492907079107, 3.307604384090756 ], [ 38.584961177524995, 3.307702788587667 ], [ 38.584994662282035, 3.307795718554976 ], [ 38.585076800130992, 3.308014018682463 ], [ 38.585114788992804, 3.308122747285111 ], [ 38.585145930710546, 3.308225021449688 ], [ 38.585169106260032, 3.30831904833142 ], [ 38.585179953527351, 3.308374833517474 ], [ 38.585189827780091, 3.308436557192963 ], [ 38.585224226714786, 3.308714795199771 ], [ 38.585234086970765, 3.308780627521423 ], [ 38.585244779237378, 3.308839238464239 ], [ 38.585286170239002, 3.309030706938071 ], [ 38.585328720244007, 3.309198680434541 ], [ 38.585351181765382, 3.309276846683011 ], [ 38.585374562302562, 3.309351545229414 ], [ 38.585398974857831, 3.309423131042931 ], [ 38.585424500433255, 3.309491842103018 ], [ 38.585457011159392, 3.309571672199556 ], [ 38.585493242962144, 3.309653028161499 ], [ 38.585533326844448, 3.309736203963261 ], [ 38.585577475810922, 3.309821644566553 ], [ 38.585625666861077, 3.309909356970614 ], [ 38.585678661011627, 3.310000776051238 ], [ 38.585737145277356, 3.310097095705193 ], [ 38.585802862696163, 3.310201192683008 ], [ 38.585890600583149, 3.310331809357751 ], [ 38.586020420365116, 3.310513307613972 ], [ 38.586205914336468, 3.310768359487251 ], [ 38.586336545126407, 3.310939935597429 ], [ 38.586399429465793, 3.311018339790433 ], [ 38.58646022175801, 3.311091008479359 ], [ 38.586519755020589, 3.311158934577789 ], [ 38.586578503263709, 3.311222658038763 ], [ 38.586638292525421, 3.311283399755744 ], [ 38.586703021887253, 3.311344537434283 ], [ 38.586773346363266, 3.31140669601996 ], [ 38.586850589981076, 3.311471048410884 ], [ 38.587000174107274, 3.311587787227337 ], [ 38.587276635875988, 3.311793035311207 ], [ 38.5873829660962, 3.311873702271806 ], [ 38.587488662306377, 3.311957672948354 ], [ 38.587581160244916, 3.312036047118406 ], [ 38.587680076322215, 3.312125033369042 ], [ 38.587788485602395, 3.31222655053215 ], [ 38.588230469910464, 3.312654173321325 ], [ 38.588325381906095, 3.312742255653154 ], [ 38.588413554757423, 3.312821061789832 ], [ 38.588517441932886, 3.312907191282083 ], [ 38.588730358381028, 3.313071475949029 ], [ 38.588818105216603, 3.313142017797847 ], [ 38.588906481071014, 3.313219617038206 ], [ 38.588945253887324, 3.313256955788999 ], [ 38.588981096644211, 3.313293961570893 ], [ 38.589027187622165, 3.313347044959372 ], [ 38.589128544781573, 3.313473961941298 ], [ 38.589179736865582, 3.313530412035339 ], [ 38.589217223655005, 3.313566632883437 ], [ 38.589257464500072, 3.313602732739647 ], [ 38.589300637404463, 3.313638874589609 ], [ 38.589347040374349, 3.313675305411907 ], [ 38.589450268526427, 3.313749707914802 ], [ 38.589577016161947, 3.313833068625748 ], [ 38.589670203095714, 3.313889831656435 ], [ 38.589766656093005, 3.31394362893972 ], [ 38.589865988145839, 3.313994244494521 ], [ 38.589967778245423, 3.314041463339696 ], [ 38.59007160638312, 3.314085088492652 ], [ 38.590176988549025, 3.314124915971176 ], [ 38.590283446733274, 3.314160765791435 ], [ 38.590390491925795, 3.314192471968048 ], [ 38.590455913262367, 3.314207883583965 ], [ 38.590530242776595, 3.314220324448011 ], [ 38.590602187239384, 3.314229069632448 ], [ 38.590775239754848, 3.314246508980398 ], [ 38.590861916518364, 3.314258468875195 ], [ 38.590943151175821, 3.314275101372254 ], [ 38.590979965929172, 3.314285155474477 ], [ 38.591014787643232, 3.314296509466411 ], [ 38.591071995820357, 3.314319573430536 ], [ 38.591207396614529, 3.314383931770479 ], [ 38.591270180906882, 3.31441000547055 ], [ 38.591344244424874, 3.314433118415739 ], [ 38.591508696786974, 3.314474546705253 ], [ 38.591572870102617, 3.314495127877031 ], [ 38.5916537597667, 3.314527521017145 ], [ 38.591738018504337, 3.314566199613019 ], [ 38.591826742338043, 3.314611652621634 ], [ 38.591922854328381, 3.314665371911922 ], [ 38.592012982198739, 3.314720388095646 ], [ 38.59210537212077, 3.31478237367734 ], [ 38.592200857112033, 3.314851878608698 ], [ 38.592301215209311, 3.314930195776942 ], [ 38.592364755542576, 3.31498600691536 ], [ 38.592512596656256, 3.315129234452309 ], [ 38.59255467653832, 3.315165236315375 ], [ 38.592594445368356, 3.315195019715902 ], [ 38.592636620245159, 3.315222578306024 ], [ 38.592682112188136, 3.315249154977747 ], [ 38.592731315205576, 3.315274981710858 ], [ 38.592784988313234, 3.315300458470199 ], [ 38.592900383688814, 3.315348716214092 ], [ 38.593095773704029, 3.315422011732329 ], [ 38.593162783079308, 3.315445073688116 ], [ 38.593326333430696, 3.315495421210133 ], [ 38.593369596318929, 3.315510685858011 ], [ 38.593407921107314, 3.315526049501661 ], [ 38.59348525370315, 3.315562812268475 ], [ 38.593568917435675, 3.315609622164665 ], [ 38.593642127955526, 3.315654973195537 ], [ 38.593852496327543, 3.315790874309189 ], [ 38.594090220257613, 3.315932234928935 ], [ 38.59415571361977, 3.315975746124982 ], [ 38.594211938793208, 3.316017866448835 ], [ 38.594266405936388, 3.316066112246585 ], [ 38.594395512661464, 3.316198176761277 ], [ 38.594427801340785, 3.316228648109128 ], [ 38.594457873971152, 3.316254315872537 ], [ 38.594493683719222, 3.316281892466648 ], [ 38.594531309503132, 3.316308456146329 ], [ 38.594570826324428, 3.31633405890713 ], [ 38.594612336185278, 3.316358769743027 ], [ 38.5947017510343, 3.316405762618404 ], [ 38.59480121008442, 3.31645030969575 ], [ 38.594892781967346, 3.316486101533827 ], [ 38.594996974106202, 3.316522590300981 ], [ 38.595340229141833, 3.316630422716543 ], [ 38.595460530609571, 3.316670468163347 ], [ 38.595707399676733, 3.316756321555375 ], [ 38.595791086391692, 3.316782215252776 ], [ 38.595867268950364, 3.316802880406977 ], [ 38.595936073355205, 3.316818172030345 ], [ 38.596085851408574, 3.316845911511349 ], [ 38.596151039738878, 3.316859628273528 ], [ 38.596239723552564, 3.316882739206177 ], [ 38.596335758520667, 3.316912633548297 ], [ 38.596444762758424, 3.316951038146343 ], [ 38.596672982448816, 3.317037400510682 ], [ 38.596772280488075, 3.317073286333953 ], [ 38.596878022656455, 3.317107663281619 ], [ 38.596973974619722, 3.317133909937989 ], [ 38.597060209380551, 3.317153204201484 ], [ 38.597156444342545, 3.317171302559269 ], [ 38.597527516896847, 3.317228270330932 ], [ 38.597609863574647, 3.317242447038446 ], [ 38.59768340107437, 3.317256863733056 ], [ 38.597847264421695, 3.317295185290572 ], [ 38.598212057882179, 3.317390752743459 ], [ 38.598296634610058, 3.317410728949716 ], [ 38.598373910187036, 3.317427107472111 ], [ 38.598571841224079, 3.317466279926632 ], [ 38.59863680154686, 3.31747669797298 ], [ 38.598695516740641, 3.317483855305646 ], [ 38.598756754981657, 3.317486685008712 ], [ 38.598909545070079, 3.317484615054211 ], [ 38.598951540921938, 3.317487479771074 ], [ 38.598988746679531, 3.317493312236414 ], [ 38.5990416787619, 3.317507090003891 ], [ 38.599099119941094, 3.317527355208771 ], [ 38.599161223220001, 3.317553796877762 ], [ 38.599253599125852, 3.317597351046661 ], [ 38.599331058724971, 3.3176351547238 ], [ 38.599391157967979, 3.317667066923342 ], [ 38.599443770059011, 3.31769833718471 ], [ 38.599490075022707, 3.317729762438223 ], [ 38.599521947688999, 3.317754946241795 ], [ 38.599555588395546, 3.317785394590364 ], [ 38.599664384692012, 3.317896857896849 ], [ 38.599707632602026, 3.31793783933006 ], [ 38.599749326475518, 3.317972956269617 ], [ 38.599794516419479, 3.318007749234099 ], [ 38.599843671443629, 3.318042583191518 ], [ 38.599897760568261, 3.318078147081851 ], [ 38.600000032690083, 3.318140065660673 ], [ 38.600243152726968, 3.318279148471983 ], [ 38.600303945988379, 3.318316166231231 ], [ 38.600357734106254, 3.318350997184977 ], [ 38.600409477183852, 3.318387075033046 ], [ 38.600456697169768, 3.318422927904491 ], [ 38.600500091078594, 3.318459086752852 ], [ 38.600540027918022, 3.318495861551224 ], [ 38.600696729219187, 3.318648980228869 ], [ 38.60074799230263, 3.318703151519288 ], [ 38.600791829232442, 3.318753337159334 ], [ 38.600832056089928, 3.318804351731204 ], [ 38.60086631082536, 3.318853739448321 ], [ 38.600895022447702, 3.318902124256542 ], [ 38.600918388961375, 3.318949846126628 ], [ 38.600938000402728, 3.319001721642181 ], [ 38.600953489764592, 3.319058183766452 ], [ 38.600965011050732, 3.319119774452505 ], [ 38.600972777266257, 3.319187612603714 ], [ 38.600976504394858, 3.319249434276679 ], [ 38.600977984484942, 3.319319327256492 ], [ 38.600974737617605, 3.319549537434509 ], [ 38.600975143695884, 3.319630822434304 ], [ 38.600978371959165, 3.319860610643175 ], [ 38.600975121045984, 3.320037685397073 ], [ 38.600970856029996, 3.320119239377751 ], [ 38.60096474897297, 3.320196363741574 ], [ 38.600956735874192, 3.320269854419855 ], [ 38.600946766733138, 3.320340174372892 ], [ 38.6009274504339, 3.320446166262301 ], [ 38.600902879030237, 3.320554516953099 ], [ 38.600873044522295, 3.320665263442199 ], [ 38.600837931909723, 3.320778459724882 ], [ 38.600797540192438, 3.320894120800035 ], [ 38.600751813369584, 3.321012414653083 ], [ 38.600700696440136, 3.32113348827143 ], [ 38.60064407940196, 3.321257601632804 ], [ 38.600598444558578, 3.321349874726549 ], [ 38.600547922617778, 3.32144386967625 ], [ 38.60049227557522, 3.321540028444178 ], [ 38.600431101423325, 3.321639047970464 ], [ 38.600364638166688, 3.321740651278998 ], [ 38.600291193773337, 3.321847512140781 ], [ 38.600209376217073, 3.321961690379825 ], [ 38.600114374406132, 3.322089908421369 ], [ 38.600014650504058, 3.322223126036407 ], [ 38.599954407352186, 3.322300343439477 ], [ 38.599895836227681, 3.322370119481985 ], [ 38.599840063151625, 3.322430397339811 ], [ 38.599780885002474, 3.3224856866303 ], [ 38.5996241969439, 3.322613945722022 ], [ 38.599587635232183, 3.322646136981892 ], [ 38.599556292624349, 3.322676305411245 ], [ 38.599520429931871, 3.322714452157546 ], [ 38.599484836247825, 3.322755950615097 ], [ 38.599449145564996, 3.322801224747564 ], [ 38.599412678870387, 3.32285113448156 ], [ 38.599347807641706, 3.322947751218164 ], [ 38.599191924700925, 3.323193631181012 ], [ 38.599145869827368, 3.323260787438196 ], [ 38.599102259995966, 3.323319451424541 ], [ 38.599056572120489, 3.323375848607973 ], [ 38.599003561101021, 3.323436897397176 ], [ 38.598812008405076, 3.323643694756548 ], [ 38.598738776995148, 3.323726287708224 ], [ 38.598668285644891, 3.32381376623679 ], [ 38.59863795506736, 3.323855428675728 ], [ 38.598610391545222, 3.323896391172384 ], [ 38.598576082901324, 3.323954379209021 ], [ 38.59850090550222, 3.324095115155704 ], [ 38.598479715104112, 3.324130434132852 ], [ 38.59845904771263, 3.324161215500346 ], [ 38.598424889059132, 3.324204533799926 ], [ 38.598383306256579, 3.324249110997675 ], [ 38.598334641311958, 3.324295135076947 ], [ 38.598231025294687, 3.324386125332073 ], [ 38.598187789454542, 3.32442584294968 ], [ 38.598144666620023, 3.324469527225603 ], [ 38.598109063935844, 3.3245111626715 ], [ 38.598073348255824, 3.324560301471305 ], [ 38.597989554672985, 3.324690070370054 ], [ 38.59794826088747, 3.324747612451211 ], [ 38.59791139617996, 3.324791806677838 ], [ 38.59786785833986, 3.324838687678794 ], [ 38.597701178108473, 3.325000825862635 ], [ 38.59763611285139, 3.325069186032921 ], [ 38.597570216584487, 3.325145511518099 ], [ 38.59750394031402, 3.32522664358969 ], [ 38.597436812030878, 3.325313155198905 ], [ 38.597368039720067, 3.325406067258347 ], [ 38.597298926406246, 3.325503412936344 ], [ 38.59722525100883, 3.325610944741275 ], [ 38.597040195508427, 3.325892033698773 ], [ 38.596836034640383, 3.326194743811425 ], [ 38.596789263756925, 3.326267143618053 ], [ 38.596749094001098, 3.326332822997673 ], [ 38.596707335220032, 3.326406442694922 ], [ 38.596671372553125, 3.326476556689057 ], [ 38.596640541988187, 3.326544464868654 ], [ 38.596614539519528, 3.326610843175746 ], [ 38.596593198143935, 3.326675771603596 ], [ 38.596572756794274, 3.326749656259516 ], [ 38.596510490766143, 3.327017538247771 ], [ 38.596347763017448, 3.327645999276106 ], [ 38.596310795399773, 3.327796627338656 ], [ 38.596279822890182, 3.327931948713951 ], [ 38.596248895393629, 3.328081294881653 ], [ 38.596223697004987, 3.328221473833673 ], [ 38.596203758717166, 3.328355104345055 ], [ 38.596188885527283, 3.328483531300014 ], [ 38.596166644293341, 3.328733571790167 ], [ 38.596159858244356, 3.328835791994663 ], [ 38.596155420236308, 3.328930289862021 ], [ 38.596153206269989, 3.329021121043125 ], [ 38.596153313346598, 3.329107278624681 ], [ 38.59615574246687, 3.329189590535291 ], [ 38.596160508631435, 3.329268546732883 ], [ 38.596168810867894, 3.329347897893337 ], [ 38.596181773201131, 3.329430125802012 ], [ 38.596199515634268, 3.329516025390425 ], [ 38.596222347174781, 3.329607101528684 ], [ 38.59624637673322, 3.329690950288221 ], [ 38.596275542403298, 3.329783700276812 ], [ 38.596389701001286, 3.330118144381222 ], [ 38.596433566006695, 3.33025480557632 ], [ 38.596454940502554, 3.330328313228554 ], [ 38.596473111929733, 3.330397322270993 ], [ 38.596488425296386, 3.330463148589969 ], [ 38.596501034606128, 3.330526463127545 ], [ 38.596511275867172, 3.330588876744776 ], [ 38.596519916098742, 3.330654490087818 ], [ 38.59652704530297, 3.330723972099233 ], [ 38.596532801483967, 3.330798644664841 ], [ 38.596539749745759, 3.330938957577785 ], [ 38.596550587264829, 3.33128584970097 ], [ 38.596555917455468, 3.33138163944888 ], [ 38.596562905670979, 3.331467470052808 ], [ 38.596573560966448, 3.331559851089566 ], [ 38.596587148315479, 3.331645731683453 ], [ 38.596603906724354, 3.331726618704555 ], [ 38.596624003197199, 3.331803295085201 ], [ 38.5966524908482, 3.331889849608052 ], [ 38.596722397424003, 3.332077005433182 ], [ 38.596746970986949, 3.332153241847884 ], [ 38.596778161721552, 3.332273286484978 ], [ 38.596804254358226, 3.332399090630688 ], [ 38.596825349899078, 3.33253113324364 ], [ 38.596841574347515, 3.332670188257158 ], [ 38.596852970704099, 3.33281599269374 ], [ 38.596859837977441, 3.332971503298539 ], [ 38.596862304172355, 3.333139132864004 ], [ 38.596860480297167, 3.333326035773776 ], [ 38.596855411282142, 3.333427153072226 ], [ 38.596835610083247, 3.333660251020523 ], [ 38.596832786076234, 3.333718133039532 ], [ 38.596832104107847, 3.333770562526112 ], [ 38.596835312231647, 3.333838667659736 ], [ 38.596850666686478, 3.334005471285173 ], [ 38.596852186756784, 3.334051151350923 ], [ 38.596851021768664, 3.334092134823435 ], [ 38.59684511269424, 3.334144183347374 ], [ 38.596833624511106, 3.33420115645225 ], [ 38.596817683240104, 3.334260592349013 ], [ 38.596767451368812, 3.334427798997064 ], [ 38.596755039162865, 3.334479994514062 ], [ 38.596746973040609, 3.33452720345671 ], [ 38.596739560959044, 3.334606175663992 ], [ 38.596732782958448, 3.334763939087205 ], [ 38.596728054919836, 3.334829860415769 ], [ 38.596703160620166, 3.335065319165714 ], [ 38.596691105453509, 3.335154518496649 ], [ 38.596677945257412, 3.335235499536056 ], [ 38.596662704016552, 3.335313421840731 ], [ 38.59664560473383, 3.335386351576812 ], [ 38.596626445405867, 3.335455148670511 ], [ 38.596605089030312, 3.335520296080319 ], [ 38.596590371764975, 3.335557736869728 ], [ 38.596571427417331, 3.335598762354242 ], [ 38.596501838124126, 3.335730723053996 ], [ 38.596478181687225, 3.335778854930786 ], [ 38.596458341327093, 3.335826371857228 ], [ 38.596444285080757, 3.335870242092541 ], [ 38.596435814941849, 3.335907785867653 ], [ 38.596429844855585, 3.335947576447155 ], [ 38.596426310820839, 3.335990026795497 ], [ 38.596425142837056, 3.336035951842734 ], [ 38.59642828597589, 3.336122890355143 ], [ 38.596444967502563, 3.336341532516904 ], [ 38.596446279581784, 3.33640235927896 ], [ 38.596444285588461, 3.336456639607591 ], [ 38.596435101493277, 3.336561212612563 ], [ 38.596421650319343, 3.336674584863833 ], [ 38.596403672063921, 3.336799629114104 ], [ 38.59637807368324, 3.33695791450933 ], [ 38.596365302500395, 3.337045057018117 ], [ 38.596337247128702, 3.337271026588481 ], [ 38.596327124979673, 3.337335396055633 ], [ 38.596316094806006, 3.337392492149781 ], [ 38.596300321543055, 3.337457219591094 ], [ 38.596281959222587, 3.337516057541669 ], [ 38.596260655838549, 3.33757012790523 ], [ 38.596236188386847, 3.337619975635189 ], [ 38.596219091066118, 3.337648940156534 ], [ 38.596198147669426, 3.337680081493841 ], [ 38.596109967986536, 3.337796337562312 ], [ 38.59607538533097, 3.337846968233614 ], [ 38.596046940797088, 3.337894872134434 ], [ 38.596019817291641, 3.337944734865361 ], [ 38.595993976813915, 3.337996628420415 ], [ 38.595969371363026, 3.338050645791549 ], [ 38.595945970938423, 3.338106851973112 ], [ 38.595923693538602, 3.338165431949444 ], [ 38.595902476162323, 3.338226557705629 ], [ 38.595882229808282, 3.338290478220334 ], [ 38.595845924187287, 3.338421388981903 ], [ 38.59581167162127, 3.338567739412532 ], [ 38.595779007101008, 3.338729776491303 ], [ 38.595734861418364, 3.338972472636247 ], [ 38.595709521041776, 3.339129442144992 ], [ 38.595688559760816, 3.339294437958915 ], [ 38.595671844573474, 3.339468466991538 ], [ 38.59565918947785, 3.339653450077556 ], [ 38.595653044460001, 3.339776241512012 ], [ 38.595649595479479, 3.339879220649698 ], [ 38.595648490538487, 3.339973092569418 ], [ 38.595649731639057, 3.340060145074138 ], [ 38.59565805695118, 3.340225966791523 ], [ 38.595673513407988, 3.340392248463145 ], [ 38.595696008006662, 3.34055799717448 ], [ 38.59572540374355, 3.340722206012512 ], [ 38.595757504523348, 3.340872731026058 ], [ 38.595788697263451, 3.340998646159112 ], [ 38.595821880032645, 3.341111604405856 ], [ 38.595857830848587, 3.341214022557572 ], [ 38.595875348239666, 3.341256382895529 ], [ 38.595895677688254, 3.341299512164893 ], [ 38.595918987198083, 3.341343772334302 ], [ 38.595945608776439, 3.341389797348853 ], [ 38.596008341129718, 3.341487071919882 ], [ 38.596147586117738, 3.341684915766374 ], [ 38.596205107356084, 3.34177121228703 ], [ 38.596234478991683, 3.341819136135797 ], [ 38.596260193551302, 3.341864672193215 ], [ 38.596282757045977, 3.341908721381446 ], [ 38.59630240548065, 3.341951747660293 ], [ 38.596339977319595, 3.342042818787446 ], [ 38.596372822059038, 3.342129459300236 ], [ 38.596401243705955, 3.342212468129419 ], [ 38.596425373263251, 3.342292236241433 ], [ 38.596440198616307, 3.342353574948089 ], [ 38.596451179894771, 3.342418609339922 ], [ 38.596458438101777, 3.342488028357661 ], [ 38.59646212124153, 3.342563224881035 ], [ 38.596462574307623, 3.342628788236699 ], [ 38.596460846336413, 3.342702331907149 ], [ 38.596445616306291, 3.34302261534895 ], [ 38.596444915359193, 3.343100010687022 ], [ 38.596446952460809, 3.343169646690555 ], [ 38.596451593608847, 3.343232046314864 ], [ 38.59645894480834, 3.343290608267207 ], [ 38.596469096061817, 3.343346061484634 ], [ 38.596482128371129, 3.343398824931135 ], [ 38.596502640844705, 3.343466333101776 ], [ 38.596528006421721, 3.343540075731469 ], [ 38.596605096153858, 3.343739312512926 ], [ 38.59665115217782, 3.343845811304794 ], [ 38.596765549700969, 3.344086996442497 ], [ 38.596791574279749, 3.344147333225728 ], [ 38.596813194765168, 3.34420275543583 ], [ 38.596834498256399, 3.344272290431352 ], [ 38.596866744029711, 3.344411803393483 ], [ 38.596882017387564, 3.34446813353099 ], [ 38.596902491850543, 3.344524421667558 ], [ 38.596914057105785, 3.344548993542198 ], [ 38.596926703381186, 3.344571618583588 ], [ 38.596952413933082, 3.34460832340134 ], [ 38.596985764640586, 3.344646252107145 ], [ 38.597021534394479, 3.34468123406443 ], [ 38.597116130382865, 3.344767660541694 ], [ 38.59714166392164, 3.344793404303323 ], [ 38.59716317937778, 3.344817526208038 ], [ 38.597198165123586, 3.34486153638879 ], [ 38.59723238385714, 3.344909176257886 ], [ 38.597266182585642, 3.34496092177391 ], [ 38.59730018532268, 3.345017725854282 ], [ 38.597360442638106, 3.345129008222015 ], [ 38.597465128937394, 3.345338429102906 ], [ 38.597507660868821, 3.345420426007129 ], [ 38.597553694871223, 3.345502557896771 ], [ 38.597598294835549, 3.345574167693454 ], [ 38.597648062904973, 3.345646554418621 ], [ 38.597706251150576, 3.345725594563694 ], [ 38.5978973372276, 3.345969790375551 ], [ 38.597960450576103, 3.346052675185427 ], [ 38.598014800741019, 3.346128153640548 ], [ 38.598061787752371, 3.346198396552729 ], [ 38.598124096100591, 3.346299667780619 ], [ 38.598185537437203, 3.346407733424351 ], [ 38.598246742775871, 3.346523694388695 ], [ 38.598308885142274, 3.346649765481898 ], [ 38.598361598306653, 3.346762798705761 ], [ 38.598418381565502, 3.346889837720452 ], [ 38.598599522595791, 3.347311748243579 ], [ 38.598667166097769, 3.347465769926086 ], [ 38.598787331748461, 3.347719212004574 ], [ 38.598825052583543, 3.34780222382593 ], [ 38.598864297460821, 3.347898368515424 ], [ 38.598894183141482, 3.347985960949307 ], [ 38.59890804546523, 3.348035886639643 ], [ 38.598920175756462, 3.34808866008625 ], [ 38.598930700018109, 3.348144821242851 ], [ 38.598939821255222, 3.348205436017159 ], [ 38.598952550612481, 3.348320284120023 ], [ 38.598977045358893, 3.348608991247084 ], [ 38.598986781625783, 3.348689589300818 ], [ 38.598998232919882, 3.348761518099282 ], [ 38.599026357619003, 3.348911279183442 ], [ 38.599054510309557, 3.349050724155625 ], [ 38.599083231005004, 3.349182521785676 ], [ 38.599112805712295, 3.349307978960597 ], [ 38.599143603440027, 3.349428586552123 ], [ 38.599175671189379, 3.34954448054807 ], [ 38.599209156963788, 3.349656187903261 ], [ 38.599244168765701, 3.349764067586638 ], [ 38.599285900715628, 3.349885726077994 ], [ 38.599320240492588, 3.349980514888789 ], [ 38.599353329235619, 3.350065370555678 ], [ 38.599386053964523, 3.350142388897476 ], [ 38.599438460122187, 3.350254867169843 ], [ 38.5994938873378, 3.350363532767614 ], [ 38.599552146607024, 3.350468008723636 ], [ 38.599613070926218, 3.350567999063418 ], [ 38.599668498120607, 3.350652245763121 ], [ 38.599724858330227, 3.350732413813101 ], [ 38.599782075553598, 3.350808397222629 ], [ 38.599840087789246, 3.350880112998717 ], [ 38.599894878952441, 3.350943238517046 ], [ 38.599952540172815, 3.351005498107412 ], [ 38.600012953447958, 3.351066763780923 ], [ 38.600075977775042, 3.351126892549999 ], [ 38.600141481151113, 3.351185756425852 ], [ 38.600209264572037, 3.351243175423953 ], [ 38.600279136033713, 3.351298986558665 ], [ 38.600350875531689, 3.351353013845313 ], [ 38.600442038432526, 3.351418539125109 ], [ 38.600521102078879, 3.351472772387619 ], [ 38.60059478261045, 3.351520314230799 ], [ 38.600664648059933, 3.351562142569001 ], [ 38.600732957474122, 3.351599529291049 ], [ 38.600799292844172, 3.351632162423864 ], [ 38.600864162180713, 3.351660288946035 ], [ 38.600927876489976, 3.351684043845321 ], [ 38.600985461668905, 3.351700426384662 ], [ 38.601121201440506, 3.351730477678831 ], [ 38.601154124114586, 3.351739918837261 ], [ 38.601183269713154, 3.351750249922482 ], [ 38.601226729609188, 3.351769876194933 ], [ 38.601314921433776, 3.351816815077226 ], [ 38.601353532230753, 3.351835371446118 ], [ 38.601393872060953, 3.351851756000426 ], [ 38.60143675594135, 3.351866755671679 ], [ 38.601482624881122, 3.351880525446162 ], [ 38.601532351897959, 3.351893331300234 ], [ 38.60162679882562, 3.351913370492411 ], [ 38.601863650653684, 3.351956635560448 ], [ 38.601929105990237, 3.351971222247395 ], [ 38.601987287180464, 3.351986699864115 ], [ 38.602107678648679, 3.35202491246932 ], [ 38.602366805968131, 3.352115195470629 ], [ 38.602469697077311, 3.352147485600927 ], [ 38.602589023517723, 3.352178501826516 ], [ 38.602723911270182, 3.352206496298374 ], [ 38.602853135903104, 3.352228745269892 ], [ 38.603155635062322, 3.352275937942161 ], [ 38.603301271030865, 3.35230245753158 ], [ 38.60343142968896, 3.35233186788574 ], [ 38.603491121910146, 3.352347897453664 ], [ 38.603548026075941, 3.352365018929875 ], [ 38.603648848144168, 3.352398474961634 ], [ 38.603754047304641, 3.352436086631842 ], [ 38.603864706579401, 3.352478236906618 ], [ 38.60398314101608, 3.352525804708256 ], [ 38.604050720408303, 3.352555041132414 ], [ 38.604120271843662, 3.352588037231186 ], [ 38.604192527337339, 3.352625137974261 ], [ 38.604268917918837, 3.352667076297358 ], [ 38.604407319788841, 3.35274848816831 ], [ 38.604727987445919, 3.352945754907046 ], [ 38.604811004167246, 3.352994353651055 ], [ 38.60488685673802, 3.35303653395382 ], [ 38.604962828308963, 3.353076114480218 ], [ 38.605035536809964, 3.353111077407 ], [ 38.605106053262951, 3.353141934689024 ], [ 38.605174978680388, 3.353168949303235 ], [ 38.605233303877284, 3.353188773545602 ], [ 38.60538124490904, 3.35323441348728 ], [ 38.605458749501899, 3.353263528913125 ], [ 38.605506870495397, 3.35328673487339 ], [ 38.605558726570173, 3.353316701248505 ], [ 38.605606618565837, 3.353347723536213 ], [ 38.605715256827352, 3.353421746069365 ], [ 38.605767157905568, 3.35345449720471 ], [ 38.605812892852597, 3.353479886979196 ], [ 38.605856028742501, 3.353499979211859 ], [ 38.605895069545028, 3.353514814900582 ], [ 38.605939064446893, 3.353528705666383 ], [ 38.606131768386419, 3.353577236319798 ], [ 38.606176300298507, 3.353590345152368 ], [ 38.606215472102583, 3.353604016941149 ], [ 38.606246093733041, 3.35361677081646 ], [ 38.606279541423476, 3.353632801407345 ], [ 38.606390696723729, 3.353692836142269 ], [ 38.606433446607078, 3.353714299257211 ], [ 38.606477381511723, 3.353732895618069 ], [ 38.606518160347846, 3.353745886463992 ], [ 38.606561036222502, 3.353754624674204 ], [ 38.606656490163658, 3.353766803542001 ], [ 38.606697882007239, 3.353774260863839 ], [ 38.606749751068804, 3.353788647579894 ], [ 38.606805729218827, 3.353809313751922 ], [ 38.606862791394732, 3.353834412541476 ], [ 38.607020022639595, 3.353909008982496 ], [ 38.607069169651062, 3.353929147205922 ], [ 38.607114079572682, 3.353944504844604 ], [ 38.607201248356787, 3.353968833673913 ], [ 38.6072951222745, 3.35399082069897 ], [ 38.607397122354676, 3.354010814888339 ], [ 38.607511358681414, 3.354029626168854 ], [ 38.607560100672544, 3.354035754598503 ], [ 38.607614848783633, 3.354040191168536 ], [ 38.607794313419461, 3.354047446386337 ], [ 38.607858580722656, 3.354051428987043 ], [ 38.607920005970691, 3.354058052363073 ], [ 38.607974850087977, 3.35406745850524 ], [ 38.608050788640767, 3.3540869387617 ], [ 38.608133644341081, 3.354115326245517 ], [ 38.608213270979554, 3.354147596397946 ], [ 38.608413321101125, 3.354234597733642 ], [ 38.608471004287388, 3.354257238734168 ], [ 38.608523474364532, 3.354275534113227 ], [ 38.608672273414179, 3.354321922989719 ], [ 38.608813951314623, 3.354362345385888 ], [ 38.608950089098208, 3.354397251261735 ], [ 38.609081556782797, 3.354426861597586 ], [ 38.60914422006045, 3.354438845510944 ], [ 38.609213506471399, 3.354449964493035 ], [ 38.609521317730788, 3.354489420826352 ], [ 38.609593881207779, 3.354500376819575 ], [ 38.609658556525865, 3.354511983763757 ], [ 38.60977454989456, 3.354538284397982 ], [ 38.609902525514002, 3.354574240190622 ], [ 38.610023110986099, 3.354612718772641 ], [ 38.610303373736201, 3.354707153398088 ], [ 38.610440146538956, 3.354749306649536 ], [ 38.610565137095158, 3.354781971728118 ], [ 38.610623589288281, 3.354794691581888 ], [ 38.610680131440859, 3.354805181629256 ], [ 38.610796877816078, 3.354821446126712 ], [ 38.611057280104674, 3.354847260675883 ], [ 38.611172000437435, 3.354861929312526 ], [ 38.611250924045635, 3.354875773051564 ], [ 38.611338371830406, 3.354894563357307 ], [ 38.611625007689895, 3.354966724894179 ], [ 38.611730457843656, 3.35499109070421 ], [ 38.611834298960574, 3.355010568936385 ], [ 38.611928722880677, 3.355022714807973 ], [ 38.612046435270379, 3.355033336790219 ], [ 38.612139151151268, 3.355040070129091 ], [ 38.61222305685159, 3.35504408470985 ], [ 38.612300058409993, 3.355045411527977 ], [ 38.612373906902086, 3.355044009583704 ], [ 38.612443429304328, 3.355039787885884 ], [ 38.612509310630486, 3.355032704437702 ], [ 38.612571936888301, 3.355022714242603 ], [ 38.612633608123964, 3.355009574319372 ], [ 38.612696985391153, 3.354992960693612 ], [ 38.612762237693275, 3.354972829369052 ], [ 38.612829632035464, 3.35494909935233 ], [ 38.612899144417398, 3.35492180064098 ], [ 38.61297168985724, 3.354890594263168 ], [ 38.613048026370116, 3.354855161246013 ], [ 38.613130018992948, 3.354814636662073 ], [ 38.613168880760291, 3.354793334461404 ], [ 38.613211033589934, 3.354767126680215 ], [ 38.613347218261652, 3.354672670690731 ], [ 38.613398321266033, 3.354639356513303 ], [ 38.613450233290223, 3.354609921001279 ], [ 38.613498920255417, 3.354587643875997 ], [ 38.61354649020285, 3.354571000266818 ], [ 38.613600992292227, 3.354556341480601 ], [ 38.613654644367244, 3.354544804426511 ], [ 38.613788597053713, 3.354519245508673 ], [ 38.613858363450092, 3.354502521886868 ], [ 38.613923207744648, 3.354483341480832 ], [ 38.613994544166978, 3.354460043423529 ], [ 38.614253026313747, 3.354367823134191 ], [ 38.61435969143983, 3.354332277100053 ], [ 38.614535688952117, 3.354278566568498 ], [ 38.614707105375309, 3.354228966687139 ], [ 38.61487454472153, 3.354183302470576 ], [ 38.615038428999135, 3.354141457928236 ], [ 38.615199228217598, 3.354103318069861 ], [ 38.615357110380366, 3.354068844898388 ], [ 38.615512316492023, 3.354037985418254 ], [ 38.615665036556585, 3.354010703632294 ], [ 38.615827268815075, 3.353985353671768 ], [ 38.616002331334656, 3.35396179754553 ], [ 38.616194418199512, 3.353939430302009 ], [ 38.616421757776401, 3.353916122108424 ], [ 38.616559246547112, 3.353905052940444 ], [ 38.616712917647675, 3.353897201481185 ], [ 38.616860135620826, 3.353892670741772 ], [ 38.617213183753414, 3.353885118081684 ], [ 38.617392203367466, 3.353878267513989 ], [ 38.617563406819272, 3.353866632364962 ], [ 38.617717643923662, 3.353849915668361 ], [ 38.618003267664939, 3.353810387819773 ], [ 38.618114587900592, 3.353792750240083 ], [ 38.618216370943095, 3.353774778697585 ], [ 38.618314379908085, 3.353755360282915 ], [ 38.618406761758216, 3.353734755975349 ], [ 38.618494572514656, 3.353712729794074 ], [ 38.618578415189418, 3.353689127751981 ], [ 38.618696271540131, 3.353651747865968 ], [ 38.61881940399207, 3.353608227503898 ], [ 38.618949260574226, 3.35355806670741 ], [ 38.619089202353436, 3.353499967585426 ], [ 38.619175158056834, 3.353460098941662 ], [ 38.619379326095306, 3.353356820652242 ], [ 38.619435211203267, 3.353331442787539 ], [ 38.619486481222083, 3.353310806518875 ], [ 38.619592141327203, 3.353274786526492 ], [ 38.619708646654232, 3.353241737268938 ], [ 38.619838688256948, 3.35321079981762 ], [ 38.619997267435302, 3.353178394467726 ], [ 38.620084349182683, 3.353162904724492 ], [ 38.620175068005253, 3.353149372809609 ], [ 38.620269959913919, 3.353137719729311 ], [ 38.620369912926442, 3.353127833492451 ], [ 38.620474083025776, 3.35311973309822 ], [ 38.620586527293632, 3.353113045575042 ], [ 38.620858038774756, 3.353102729224417 ], [ 38.621001713677465, 3.35309981034944 ], [ 38.621142291519583, 3.353099410260316 ], [ 38.621279912304196, 3.353101529957011 ], [ 38.6214146830334, 3.353106169439163 ], [ 38.6215467157093, 3.353113333706423 ], [ 38.621676059333161, 3.353123027758406 ], [ 38.621802773906012, 3.353135253594621 ], [ 38.621926908428868, 3.353150018214687 ], [ 38.622215264287874, 3.353182552160757 ], [ 38.622286423735282, 3.353192336256031 ], [ 38.622349476019401, 3.353202920289553 ], [ 38.622416874394446, 3.353216999018459 ], [ 38.622478625657116, 3.353233190570456 ], [ 38.622535831830049, 3.353251787919292 ], [ 38.622589039924428, 3.353272972049099 ], [ 38.622639253960507, 3.353296823951768 ], [ 38.622690465020305, 3.353324764501686 ], [ 38.622743037111377, 3.353356990681507 ], [ 38.622797626247291, 3.353393901456348 ], [ 38.622852318388063, 3.353433965959624 ], [ 38.622911493624834, 3.353480171930201 ], [ 38.623071450975246, 3.353613460316404 ], [ 38.62314133544367, 3.353677019783921 ], [ 38.623213527968566, 3.353751827281246 ], [ 38.623291172616156, 3.353840905545323 ], [ 38.62344850896487, 3.354033139859921 ], [ 38.623517950439911, 3.354114628784495 ], [ 38.623594490059283, 3.354196967629656 ], [ 38.623667369593065, 3.354266062618098 ], [ 38.623710454496049, 3.354302560438494 ], [ 38.623758979510605, 3.354340873098042 ], [ 38.624003662613312, 3.354519127539272 ], [ 38.624061656825241, 3.354564233605593 ], [ 38.624111943878887, 3.354606550918864 ], [ 38.624208332904153, 3.354694170292152 ], [ 38.624302199881377, 3.354785104382261 ], [ 38.624393162802377, 3.354878980221688 ], [ 38.624480846659303, 3.354975413843963 ], [ 38.624521610525392, 3.355023458672555 ], [ 38.624564973449758, 3.355078032936838 ], [ 38.624729236963603, 3.355298949776615 ], [ 38.62480245352463, 3.355391565740206 ], [ 38.624872468010693, 3.355472222735903 ], [ 38.624952385701235, 3.355557932288141 ], [ 38.625046812693917, 3.355653666964643 ], [ 38.625249550966132, 3.355852138702677 ], [ 38.625336365797331, 3.355939084142418 ], [ 38.625425595683261, 3.356032965983026 ], [ 38.625502422312401, 3.356119832438269 ], [ 38.625559838534187, 3.356189712372819 ], [ 38.625621826857042, 3.356269470453103 ], [ 38.625870788183306, 3.356604854365877 ], [ 38.625924641331792, 3.356673324424917 ], [ 38.625975373410995, 3.356734603105733 ], [ 38.626111147290899, 3.356889114686711 ], [ 38.626257857394741, 3.35704673099084 ], [ 38.626416718748061, 3.357208762904235 ], [ 38.626590210403222, 3.357377748206308 ], [ 38.626823532316067, 3.357601675726579 ], [ 38.626944056851784, 3.357715082859075 ], [ 38.627062754345509, 3.357822548504639 ], [ 38.627171857633066, 3.357916159351195 ], [ 38.627283690972433, 3.358005815535686 ], [ 38.627391755226895, 3.358085565576224 ], [ 38.627497669430383, 3.358156599368887 ], [ 38.627602326601263, 3.358219510861811 ], [ 38.627666774934184, 3.358253732859376 ], [ 38.627739382432168, 3.358288000845985 ], [ 38.627824292180605, 3.358324293647384 ], [ 38.628084112525826, 3.358429723344007 ], [ 38.628165234198278, 3.358466761084593 ], [ 38.62823608166255, 3.358503250881429 ], [ 38.628327520557228, 3.35855585127345 ], [ 38.628426841619074, 3.358617477881653 ], [ 38.628531670798559, 3.358686167876914 ], [ 38.628709033488967, 3.358805906414557 ], [ 38.628941596329675, 3.35896472653969 ], [ 38.629129195239145, 3.359098281878985 ], [ 38.629296210725535, 3.359223945915695 ], [ 38.629446836876625, 3.359345013362461 ], [ 38.629549323024143, 3.35943149382868 ], [ 38.629636672856684, 3.359507636198001 ], [ 38.629715444511767, 3.359579163972129 ], [ 38.629787362025596, 3.359647669012401 ], [ 38.62988867216108, 3.359747509329711 ], [ 38.629958387633387, 3.359819461075193 ], [ 38.630018972916943, 3.359886700234484 ], [ 38.630071133027023, 3.359950325712203 ], [ 38.630135075394584, 3.360035944286517 ], [ 38.63019045658514, 3.360117158247482 ], [ 38.630238374622465, 3.360195584455008 ], [ 38.630279232515143, 3.360271897850614 ], [ 38.630306666121946, 3.360331673681516 ], [ 38.630333626726376, 3.360399651806734 ], [ 38.630359636316676, 3.360473454431599 ], [ 38.630402199290202, 3.360602928250102 ], [ 38.630449314373415, 3.360752578328094 ], [ 38.630491610359471, 3.360902502386708 ], [ 38.630528961245339, 3.361052251464751 ], [ 38.630561267028739, 3.361201424596878 ], [ 38.630588438707491, 3.361349595819791 ], [ 38.63061042528021, 3.361496480158047 ], [ 38.630627181745901, 3.361641766638509 ], [ 38.630638676103487, 3.361785180284763 ], [ 38.630643804297151, 3.361888241409901 ], [ 38.63064645144177, 3.361992610424509 ], [ 38.630646613537273, 3.36209812534279 ], [ 38.630644290583199, 3.362204611179701 ], [ 38.63063948657981, 3.362311897949766 ], [ 38.630632209526908, 3.362419766672074 ], [ 38.630622474424605, 3.362528010364234 ], [ 38.630610300273105, 3.362636402045832 ], [ 38.630591388032087, 3.362798205136418 ], [ 38.630579145858825, 3.362883151835911 ], [ 38.630563336609121, 3.362963271954107 ], [ 38.6305440872814, 3.363033638914684 ], [ 38.630527592989338, 3.363081003852627 ], [ 38.630507975635034, 3.363129483697373 ], [ 38.630485122216527, 3.363179359424859 ], [ 38.630458813729774, 3.363231108994009 ], [ 38.630429470182833, 3.363284084460428 ], [ 38.630395832552175, 3.363340704616895 ], [ 38.630307611888576, 3.363478165863724 ], [ 38.630266518109927, 3.363537946754741 ], [ 38.63021988822252, 3.363601260346708 ], [ 38.630166583204613, 3.363669722501339 ], [ 38.630099513920818, 3.363752448440498 ], [ 38.630018308362587, 3.363848107278953 ], [ 38.629930351669302, 3.363945551969821 ], [ 38.62983493182746, 3.364045574445373 ], [ 38.629730611809322, 3.364149685576876 ], [ 38.629592396130811, 3.364282421274652 ], [ 38.629480589958852, 3.364383922637376 ], [ 38.629376198924739, 3.364471417199173 ], [ 38.629276578976572, 3.364546922788513 ], [ 38.629184646173073, 3.364610120430424 ], [ 38.62908904629311, 3.364670792293018 ], [ 38.628990241346052, 3.364728647400816 ], [ 38.628888759341997, 3.364783373780265 ], [ 38.628839712371374, 3.364807415754375 ], [ 38.628784674279927, 3.364831872698003 ], [ 38.62854729656312, 3.364926483764653 ], [ 38.628492534476408, 3.364949954792902 ], [ 38.628444185518582, 3.364972534892191 ], [ 38.628316290988217, 3.365036069536812 ], [ 38.628222335131944, 3.365085684349608 ], [ 38.628139399496838, 3.365133484308912 ], [ 38.628065825050371, 3.365180611317824 ], [ 38.628002764816451, 3.365227471340425 ], [ 38.62785325790383, 3.365353751604018 ], [ 38.627816229180695, 3.365382926125898 ], [ 38.6277820545113, 3.365407604032066 ], [ 38.627698870876657, 3.365461698449878 ], [ 38.627607805082206, 3.365515244921766 ], [ 38.627507536101945, 3.365569038380539 ], [ 38.627394234860084, 3.365625138652296 ], [ 38.627295184896411, 3.365669716903053 ], [ 38.627184091689166, 3.365714344160226 ], [ 38.627060506229881, 3.365759549378727 ], [ 38.626873988514788, 3.365823758017312 ], [ 38.626667124392341, 3.365892693267018 ], [ 38.626587565804989, 3.36591692025211 ], [ 38.626514546346272, 3.365937254566483 ], [ 38.626413633326024, 3.365960196681068 ], [ 38.626307514195162, 3.36597711431868 ], [ 38.626195252934913, 3.365988161466992 ], [ 38.626075120510592, 3.365993513112304 ], [ 38.625955525092493, 3.365993512217889 ], [ 38.625822446397585, 3.365988794741346 ], [ 38.625685148614153, 3.365980397585171 ], [ 38.625306969943296, 3.365952689303473 ], [ 38.625191830610049, 3.365946805911347 ], [ 38.625088783524035, 3.365944026241514 ], [ 38.624971034143726, 3.365944727285025 ], [ 38.624861666937122, 3.365950064922131 ], [ 38.624758538860696, 3.365960148145264 ], [ 38.624660577892989, 3.365975087946002 ], [ 38.624386265396076, 3.366031836304066 ], [ 38.624309436852265, 3.366042929417171 ], [ 38.624222816107029, 3.366050122874472 ], [ 38.624136332361431, 3.366053622649502 ], [ 38.623912947848659, 3.366058279445912 ], [ 38.623848579550021, 3.366061574219057 ], [ 38.623791287395839, 3.366066397854509 ], [ 38.623727612115488, 3.366074630202157 ], [ 38.623669045940972, 3.366085670303711 ], [ 38.623614473849742, 3.366099730141838 ], [ 38.623563330830713, 3.366116958704143 ], [ 38.623500067573552, 3.366142144592438 ], [ 38.623440564393071, 3.36616814240752 ], [ 38.623384633285639, 3.366195034142507 ], [ 38.623332197249709, 3.366222856794282 ], [ 38.623283170283585, 3.366251660358625 ], [ 38.623237568387481, 3.366281438836125 ], [ 38.623195378561363, 3.366312201225843 ], [ 38.623156592804847, 3.366343951527532 ], [ 38.623125615203143, 3.366372259118688 ], [ 38.623094839607873, 3.3664031324888 ], [ 38.623064224018137, 3.366436614634294 ], [ 38.623033707432661, 3.366472772549377 ], [ 38.622972760270741, 3.366553344668983 ], [ 38.62291065909659, 3.366646608697321 ], [ 38.622884479607741, 3.366692976729937 ], [ 38.622859452149299, 3.36674737107074 ], [ 38.622838470771576, 3.366800646504356 ], [ 38.622793124963508, 3.366925048838147 ], [ 38.622769602538085, 3.366982456918258 ], [ 38.622746188106632, 3.367030563798778 ], [ 38.62272147864342, 3.36707221923566 ], [ 38.622702825289224, 3.367098531987668 ], [ 38.622681526881635, 3.367124810744933 ], [ 38.622657360416127, 3.367151338483235 ], [ 38.622629844883662, 3.367178645157434 ], [ 38.622576308842852, 3.367226430092319 ], [ 38.622448698355349, 3.367332578069767 ], [ 38.622392434263205, 3.367384590643148 ], [ 38.622349105428519, 3.367432025599133 ], [ 38.622314740774655, 3.367478914594241 ], [ 38.62229365637873, 3.367513652623318 ], [ 38.622273309000065, 3.36755111241738 ], [ 38.622233918277679, 3.367635934152381 ], [ 38.622197940630528, 3.367727741283262 ], [ 38.62213501951279, 3.367904526124704 ], [ 38.622069747350167, 3.36808425571491 ], [ 38.622031756683342, 3.368200081780521 ], [ 38.622002810191901, 3.368307417568842 ], [ 38.621992074018522, 3.368357475270367 ], [ 38.621983675891073, 3.368405801118908 ], [ 38.621972477742389, 3.368494730475615 ], [ 38.62196556068271, 3.368586340597894 ], [ 38.621962979712364, 3.368679935545532 ], [ 38.621964757831158, 3.368774663391842 ], [ 38.621969954013736, 3.368863272761629 ], [ 38.621977876244365, 3.368943743829425 ], [ 38.621988719528595, 3.369018010428616 ], [ 38.622002594869322, 3.369086778498317 ], [ 38.622012718106262, 3.369123588321532 ], [ 38.622026145410672, 3.369161241069449 ], [ 38.622043014785788, 3.36920013770712 ], [ 38.622063662239107, 3.369241052167884 ], [ 38.622106490169315, 3.369314443814171 ], [ 38.622212151450675, 3.369479919480329 ], [ 38.622236034969482, 3.369520890933348 ], [ 38.622255962405298, 3.369558508678462 ], [ 38.622272361767507, 3.369593454656663 ], [ 38.622285949071667, 3.369627109748334 ], [ 38.622296895321725, 3.369659904916447 ], [ 38.622305283519495, 3.369692091139174 ], [ 38.622317994839555, 3.369764135927974 ], [ 38.622326040073965, 3.369846160861975 ], [ 38.6223296902185, 3.369926942906897 ], [ 38.62233366146571, 3.370117701487252 ], [ 38.622334875542926, 3.370177854309622 ], [ 38.62233418158398, 3.370240766896235 ], [ 38.622327006559104, 3.37037807408637 ], [ 38.622314879429759, 3.370510486702062 ], [ 38.62227933499446, 3.370834293867916 ], [ 38.62227168191751, 3.370923180225465 ], [ 38.62226676788822, 3.37100318534495 ], [ 38.622264242912308, 3.371089060957097 ], [ 38.622265075999543, 3.371169483035497 ], [ 38.622269283151446, 3.371245842460646 ], [ 38.622276908369678, 3.371318870169483 ], [ 38.622287564644544, 3.371386833311507 ], [ 38.622315217332932, 3.371534352592319 ], [ 38.622324203566059, 3.371593152524329 ], [ 38.622333677840558, 3.371687876364525 ], [ 38.622338913039414, 3.371793997227587 ], [ 38.622340386157944, 3.371895401500015 ], [ 38.62234002836118, 3.372135796813239 ], [ 38.622343122528399, 3.372255213534212 ], [ 38.622350778792651, 3.372380255767006 ], [ 38.622362838158196, 3.372519191800397 ], [ 38.622415496639157, 3.372994339865654 ], [ 38.62243300315405, 3.373178007045055 ], [ 38.622439937378395, 3.373274105769394 ], [ 38.622444565550929, 3.373364186013548 ], [ 38.622446969674627, 3.373449883636984 ], [ 38.62244717275064, 3.373532045566516 ], [ 38.622443928820879, 3.37368697623725 ], [ 38.62243771381636, 3.373825244344444 ], [ 38.62243009076311, 3.373940511432245 ], [ 38.622421532678864, 3.374041857718714 ], [ 38.622411531558512, 3.374135232692558 ], [ 38.622399878399349, 3.374222481194916 ], [ 38.622381094124961, 3.374342871851734 ], [ 38.622363714857016, 3.374438047677057 ], [ 38.62234493355195, 3.374523330355021 ], [ 38.62232420620068, 3.374600801706864 ], [ 38.622307678911213, 3.374651755336817 ], [ 38.622286619534208, 3.374707540555062 ], [ 38.622203454022348, 3.37490123396117 ], [ 38.622172862471984, 3.374979123285759 ], [ 38.622079598810053, 3.37523458238588 ], [ 38.622053132343282, 3.375312586697063 ], [ 38.622031224961894, 3.375382886667075 ], [ 38.622011248621213, 3.375455015478077 ], [ 38.621995235357041, 3.37552304163854 ], [ 38.621982929165164, 3.375588058054825 ], [ 38.621974223043971, 3.375650642677074 ], [ 38.621970149002536, 3.375697328663407 ], [ 38.62196818800588, 3.375746364445602 ], [ 38.621968317054005, 3.375798266979329 ], [ 38.621970537147725, 3.375854065175958 ], [ 38.62197874240406, 3.37595714329889 ], [ 38.62200465114217, 3.376201455253091 ], [ 38.6220094692952, 3.376264930786834 ], [ 38.622012060397815, 3.376322161859898 ], [ 38.622020755859559, 3.376648227794647 ], [ 38.622021890065618, 3.376857054824475 ], [ 38.622019905111841, 3.376955511354208 ], [ 38.622016066115364, 3.37704811338932 ], [ 38.622010316076441, 3.377136249810466 ], [ 38.622002601994488, 3.377220673552876 ], [ 38.621988483803506, 3.377328435292673 ], [ 38.621950595237273, 3.377556379712212 ], [ 38.621936389037138, 3.377655742174885 ], [ 38.621925634908244, 3.377756704496896 ], [ 38.621916924830259, 3.377868498885055 ], [ 38.62189468977725, 3.378320653998362 ], [ 38.621887813728883, 3.378423960115371 ], [ 38.621879635644675, 3.378516422166626 ], [ 38.621863974442128, 3.378646562982425 ], [ 38.621841727119119, 3.37879109656559 ], [ 38.621817194744381, 3.378929365689851 ], [ 38.621754317765863, 3.37926322001895 ], [ 38.621725397332092, 3.379435297238218 ], [ 38.621713050158334, 3.379521754809893 ], [ 38.621703204030645, 3.379603126816971 ], [ 38.621695694946958, 3.379680775142436 ], [ 38.621690455906446, 3.379755422724116 ], [ 38.621687610918457, 3.379834602913607 ], [ 38.62168752799451, 3.379923084300317 ], [ 38.621696420425479, 3.380209281666931 ], [ 38.621697919544786, 3.38031062894525 ], [ 38.621696080591825, 3.380406539694401 ], [ 38.62169045655402, 3.380493148247254 ], [ 38.621678865427612, 3.380616004686581 ], [ 38.621668942300758, 3.380700109458667 ], [ 38.621657146128506, 3.380775594974138 ], [ 38.621643161904899, 3.380843094178681 ], [ 38.621628760659263, 3.380894936730781 ], [ 38.621609894323988, 3.380947637212915 ], [ 38.621586394896269, 3.381001681583638 ], [ 38.621557879369114, 3.3810579517673 ], [ 38.621527683805148, 3.3811110732233 ], [ 38.621491778130107, 3.381169102262152 ], [ 38.621347541402706, 3.381384616846555 ], [ 38.621290151322633, 3.381476141022499 ], [ 38.62126162078993, 3.381526546710768 ], [ 38.621237122336616, 3.381574437611817 ], [ 38.621216182953908, 3.381620743646215 ], [ 38.621198588637796, 3.3816659427728 ], [ 38.621180827325887, 3.381719796154825 ], [ 38.62116378403416, 3.381779927996085 ], [ 38.621100415988657, 3.382048615933964 ], [ 38.621083481701532, 3.382111552533796 ], [ 38.621066162400204, 3.382167217759633 ], [ 38.62103159478648, 3.382264341433689 ], [ 38.620990575048957, 3.382368922471746 ], [ 38.620942187171103, 3.382483562650888 ], [ 38.620876982981919, 3.382630661052257 ], [ 38.620811945792681, 3.382774036773856 ], [ 38.620762184878664, 3.382878924793354 ], [ 38.620714862003837, 3.382972379794438 ], [ 38.620668885147751, 3.383056271617163 ], [ 38.620637302552986, 3.383106267343499 ], [ 38.620597758800287, 3.383159544794633 ], [ 38.620555164984161, 3.383211036402071 ], [ 38.620440176775212, 3.383343374117679 ], [ 38.620408230164209, 3.383383185720643 ], [ 38.620381362653063, 3.383419775596301 ], [ 38.620353689131043, 3.383462514943558 ], [ 38.620331148711685, 3.383503979396029 ], [ 38.620313307386944, 3.383544971884814 ], [ 38.620299983153465, 3.383585921373383 ], [ 38.620281064845734, 3.383671043066392 ], [ 38.620272770698222, 3.383694009097808 ], [ 38.620262272505208, 3.383716028212572 ], [ 38.620249547266468, 3.383737150406585 ], [ 38.620234557981192, 3.383757437674374 ], [ 38.620217282648966, 3.383776926012951 ], [ 38.620197628268031, 3.383795731412343 ], [ 38.620175496836538, 3.3838139448649 ], [ 38.620150726351248, 3.383831702359079 ], [ 38.620105507461112, 3.383859308023997 ], [ 38.620051091385442, 3.383887382656671 ], [ 38.619865701708356, 3.383969112789137 ], [ 38.619803138469436, 3.383998851286024 ], [ 38.619749088402664, 3.38402870176565 ], [ 38.619704065518711, 3.384058822214067 ], [ 38.619574950993702, 3.384156476926521 ], [ 38.619452302597658, 3.384252197799662 ], [ 38.619335374316123, 3.384346566784036 ], [ 38.61922371514018, 3.384439948848674 ], [ 38.619116830060406, 3.384532764957742 ], [ 38.619014613074548, 3.384625114102911 ], [ 38.618916860178736, 3.384717180268548 ], [ 38.618823423370159, 3.384809103442576 ], [ 38.618733853639945, 3.384901348585513 ], [ 38.618648415993341, 3.384993668718354 ], [ 38.618567028428842, 3.385086148833866 ], [ 38.618489630945298, 3.385178858926087 ], [ 38.61841616154134, 3.385271876988277 ], [ 38.618346588216532, 3.385365241017288 ], [ 38.618280877970157, 3.385458999009024 ], [ 38.618218999801606, 3.385553190959985 ], [ 38.618112750795937, 3.385715620079534 ], [ 38.618064361887207, 3.385795108283553 ], [ 38.618041774466732, 3.385836385752298 ], [ 38.618022380109117, 3.385875621393891 ], [ 38.618005834807825, 3.385913514148384 ], [ 38.617991983560188, 3.385950427984806 ], [ 38.61798022335774, 3.38599065353437 ], [ 38.617970862208416, 3.386036087633764 ], [ 38.617963441104365, 3.386088425137451 ], [ 38.617945935889274, 3.386246411560605 ], [ 38.617937031752298, 3.386295436350626 ], [ 38.617925770562223, 3.386338206680858 ], [ 38.617905015194886, 3.386397802571993 ], [ 38.617879585734094, 3.386458647359758 ], [ 38.617849335177347, 3.386521099013605 ], [ 38.617813962518937, 3.386585781480083 ], [ 38.617774238773507, 3.38665159085348 ], [ 38.617728230905051, 3.386721984837961 ], [ 38.617675035896575, 3.386798500302235 ], [ 38.617604164549356, 3.38689622995695 ], [ 38.617553177577769, 3.386963798189022 ], [ 38.617500601572459, 3.387029615573177 ], [ 38.617446583536257, 3.387093497125186 ], [ 38.617391263471859, 3.387155277859011 ], [ 38.617334792382259, 3.387214791788966 ], [ 38.617277278269498, 3.387271923924659 ], [ 38.617218841135781, 3.387326557276217 ], [ 38.617159590983363, 3.387378588852393 ], [ 38.617109036995913, 3.387418139494574 ], [ 38.616982795521864, 3.387507837889542 ], [ 38.616950626893967, 3.387533538707057 ], [ 38.61692311535942, 3.387558291601913 ], [ 38.616877383476712, 3.387606199520806 ], [ 38.616830309575057, 3.387663356645215 ], [ 38.616785100714566, 3.387724456428744 ], [ 38.616696099026498, 3.387851490578677 ], [ 38.616601788239983, 3.387988635863413 ], [ 38.616510353517263, 3.388132231590678 ], [ 38.616421923860884, 3.388282069778242 ], [ 38.616336657273635, 3.388437887448656 ], [ 38.616305025689663, 3.388501135035519 ], [ 38.616272321091508, 3.388573021879914 ], [ 38.616175474338327, 3.388806375890141 ], [ 38.616140676705143, 3.388886546023873 ], [ 38.616106066069527, 3.388959540774781 ], [ 38.616071804433659, 3.389024285235196 ], [ 38.616036875777787, 3.389081698326863 ], [ 38.615944318028795, 3.389221221405765 ], [ 38.615920678586171, 3.389261377972095 ], [ 38.615901542231839, 3.389298567789593 ], [ 38.615875119751756, 3.389360171513287 ], [ 38.615850157308955, 3.389430649472171 ], [ 38.615827446915851, 3.389505743032005 ], [ 38.615788034244424, 3.389648514784317 ], [ 38.615766109873775, 3.389731173692633 ], [ 38.615745772539192, 3.389818203223552 ], [ 38.615726807236847, 3.389910501300003 ], [ 38.61570884696112, 3.390009851768908 ], [ 38.615680386547794, 3.39019418993563 ], [ 38.615617772683841, 3.390651064686672 ], [ 38.615515519199093, 3.391313330803816 ], [ 38.61547331759715, 3.391598949270199 ], [ 38.615434103062427, 3.391892211076514 ], [ 38.615404113688179, 3.392155855422589 ], [ 38.615391059544457, 3.392292418686113 ], [ 38.615380316443364, 3.392424299350405 ], [ 38.615371825384358, 3.392552234352175 ], [ 38.615365553367205, 3.392676725648227 ], [ 38.615361476391897, 3.392798327190967 ], [ 38.615359590458439, 3.392917227964069 ], [ 38.615359892567191, 3.393033706943647 ], [ 38.615362381718228, 3.393147981110874 ], [ 38.615365988857775, 3.39322362760009 ], [ 38.61537850727877, 3.393414047208076 ], [ 38.615381300425796, 3.393516844362428 ], [ 38.615378112475646, 3.393646582204546 ], [ 38.615369219415243, 3.3937821555498 ], [ 38.615354571244382, 3.393924383327771 ], [ 38.615334004961078, 3.394074867400673 ], [ 38.615301579485624, 3.394279442831112 ], [ 38.615273346040645, 3.39442232456497 ], [ 38.615257443776777, 3.394487892938674 ], [ 38.615240313484321, 3.394549113687471 ], [ 38.615221738159455, 3.394606762744781 ], [ 38.615201579799866, 3.394661265074201 ], [ 38.615164451127534, 3.394750302447912 ], [ 38.615127521450063, 3.394829024708833 ], [ 38.615089600745691, 3.394899958640599 ], [ 38.615050235006109, 3.394963921173316 ], [ 38.615012345286651, 3.395017021639195 ], [ 38.614966932417722, 3.39507315285104 ], [ 38.614913999399775, 3.395132752771124 ], [ 38.614832677831508, 3.395219288399392 ], [ 38.614793449073382, 3.395259158004611 ], [ 38.614750989249956, 3.395299191598611 ], [ 38.614704879353276, 3.395339788147395 ], [ 38.614654279366924, 3.395381687588117 ], [ 38.614554608419212, 3.395458737048787 ], [ 38.614291333266259, 3.395653042568424 ], [ 38.6142166358079, 3.395712269540075 ], [ 38.61415162854221, 3.395767853816426 ], [ 38.613979312195177, 3.395924052533211 ], [ 38.613915407956668, 3.395985058342329 ], [ 38.613858399854102, 3.396042136483121 ], [ 38.613822494161802, 3.396080538211678 ], [ 38.613783872419731, 3.396124757442262 ], [ 38.613623419346048, 3.396318860888013 ], [ 38.613583769583038, 3.396362992127091 ], [ 38.613546251858388, 3.396401541844386 ], [ 38.613507339103073, 3.396437434791421 ], [ 38.613461690213157, 3.396475192584103 ], [ 38.613305872164659, 3.396591635706291 ], [ 38.61325094709219, 3.396634990025841 ], [ 38.6132005631125, 3.396679577235223 ], [ 38.613158432298931, 3.396723114527582 ], [ 38.613132141795212, 3.396754868819515 ], [ 38.613105215282999, 3.396791545688448 ], [ 38.612995107207105, 3.396962564075437 ], [ 38.612967423681788, 3.397001710732721 ], [ 38.61294087517448, 3.397035228873051 ], [ 38.612887437144458, 3.397092772970729 ], [ 38.612823185896829, 3.397151431982047 ], [ 38.612751448497129, 3.397209342064485 ], [ 38.612603992612769, 3.39732017166224 ], [ 38.612543100423387, 3.397367841615934 ], [ 38.612481820230258, 3.397420198166783 ], [ 38.612430088228308, 3.397470298903172 ], [ 38.612371552101948, 3.397535587339201 ], [ 38.612248060736327, 3.397684924603291 ], [ 38.612193612687747, 3.3977445815201 ], [ 38.61215943302593, 3.397777814691934 ], [ 38.612119617251864, 3.397813243679822 ], [ 38.611944293834348, 3.397958471343555 ], [ 38.611905495081189, 3.397994199304857 ], [ 38.611872006434012, 3.398028322399437 ], [ 38.611836243746971, 3.398069402897622 ], [ 38.61179915003882, 3.398116991837155 ], [ 38.611661171423279, 3.398315204910051 ], [ 38.611628484800939, 3.398359118161818 ], [ 38.611597695211785, 3.398397184914851 ], [ 38.611563802560276, 3.39843560763997 ], [ 38.611527104852279, 3.398474244349201 ], [ 38.611443829238141, 3.398553667591545 ], [ 38.611345748328858, 3.398637913432212 ], [ 38.611135775231659, 3.398807054070204 ], [ 38.61104712350442, 3.398881416752614 ], [ 38.610957567765539, 3.398963386781577 ], [ 38.61091842900862, 3.399002674437081 ], [ 38.610882357313407, 3.399041513128347 ], [ 38.610806396853349, 3.399127792774528 ], [ 38.610738018541525, 3.399208396902132 ], [ 38.610675391343051, 3.399285487326838 ], [ 38.61061777524349, 3.399359981970333 ], [ 38.610564336227192, 3.399432991737897 ], [ 38.61051509229442, 3.39950452862848 ], [ 38.610469804440733, 3.399574941612217 ], [ 38.61042832466314, 3.399644462669216 ], [ 38.6103977290934, 3.399699966922191 ], [ 38.610367606536187, 3.399758875881906 ], [ 38.610337697986672, 3.399821694505199 ], [ 38.610307547436641, 3.399889379709983 ], [ 38.610248121362844, 3.40003437929071 ], [ 38.610158742762046, 3.400268691215953 ], [ 38.610122464119662, 3.400372120351843 ], [ 38.610040168684243, 3.400631417121764 ], [ 38.610014372225272, 3.400702489031546 ], [ 38.609988480757032, 3.400765237657366 ], [ 38.60996492732469, 3.400815089390336 ], [ 38.609937983824466, 3.400865711060167 ], [ 38.609907433252296, 3.40091751063191 ], [ 38.609872859600451, 3.400971201044491 ], [ 38.609834506873682, 3.401026543318499 ], [ 38.609790244031707, 3.401086730181033 ], [ 38.609606056515226, 3.401323029020125 ], [ 38.609529652061411, 3.401426589180677 ], [ 38.609490506320768, 3.401484339248352 ], [ 38.609456186675125, 3.401539319549917 ], [ 38.609426009111964, 3.401592628991374 ], [ 38.609399657625154, 3.401644833524636 ], [ 38.609370302089488, 3.401710678887265 ], [ 38.609342570590549, 3.401780766883437 ], [ 38.609316176123045, 3.401855813451979 ], [ 38.609290616678045, 3.401937238471153 ], [ 38.609248069954802, 3.402092679139285 ], [ 38.609178643801933, 3.402377093737999 ], [ 38.609150446328634, 3.402486912317349 ], [ 38.609119151793031, 3.402596993876968 ], [ 38.609087510239334, 3.402694674503489 ], [ 38.60900734582345, 3.402927250570696 ], [ 38.608979742329069, 3.402999545377162 ], [ 38.608952719839159, 3.403063536897229 ], [ 38.608919238220523, 3.403129789228704 ], [ 38.608852143964903, 3.40324454841796 ], [ 38.608827851512544, 3.403288578652451 ], [ 38.608806017110822, 3.403333741787407 ], [ 38.608789551814908, 3.403375652197342 ], [ 38.608774778558484, 3.403423676080011 ], [ 38.608761413336019, 3.403477771439186 ], [ 38.608749269143345, 3.403537720293765 ], [ 38.608732797892635, 3.40363101828384 ], [ 38.608722269743346, 3.403702906110036 ], [ 38.608714454656308, 3.403783310201419 ], [ 38.608709462625797, 3.403863102342964 ], [ 38.608699832613944, 3.404070075549863 ], [ 38.60869023252075, 3.404184312732859 ], [ 38.608663090158466, 3.40439544259785 ], [ 38.608629202662783, 3.404610111164585 ], [ 38.60858858503412, 3.404828236440098 ], [ 38.608541254272637, 3.40504972143271 ], [ 38.608508026714219, 3.405178217410584 ], [ 38.608439974538854, 3.405405587915546 ], [ 38.608415450119622, 3.405492408470153 ], [ 38.608393805759512, 3.405580133944443 ], [ 38.608378086511941, 3.405659764109583 ], [ 38.608369404388384, 3.405718639053617 ], [ 38.608362842310235, 3.405780356751325 ], [ 38.608358335276755, 3.405845504152153 ], [ 38.608355804287157, 3.405915191160891 ], [ 38.608355932411904, 3.406053431271098 ], [ 38.608364004811577, 3.406320726274642 ], [ 38.608365637941617, 3.406430454835711 ], [ 38.608363552, 3.406544185056101 ], [ 38.608356804953445, 3.406645762325783 ], [ 38.608336764719837, 3.406839963641117 ], [ 38.60831577944073, 3.407004213533356 ], [ 38.60829192009021, 3.407153502714912 ], [ 38.608264579659163, 3.407291271890324 ], [ 38.608245724345217, 3.40736752334911 ], [ 38.608197840528582, 3.407539094635874 ], [ 38.608179449226036, 3.407617573902587 ], [ 38.608166770037208, 3.407693975343007 ], [ 38.608158125937109, 3.407778453085188 ], [ 38.608152926920262, 3.407878248506933 ], [ 38.608148541020952, 3.408092327099125 ], [ 38.608144675025116, 3.408185361101296 ], [ 38.608136138938839, 3.408282953715519 ], [ 38.608122695743475, 3.408369486285321 ], [ 38.608106630481437, 3.408440545188323 ], [ 38.608065889794695, 3.408595731877991 ], [ 38.608051752566006, 3.408660320335776 ], [ 38.60803561632796, 3.408760120766975 ], [ 38.608022923169507, 3.40887113923036 ], [ 38.608013339083094, 3.40899252179952 ], [ 38.608002093026165, 3.409185240235203 ], [ 38.60799728306251, 3.40933615626023 ], [ 38.607999222424375, 3.409700671909227 ], [ 38.607997984476647, 3.409788021398013 ], [ 38.60799499948552, 3.409866217675607 ], [ 38.607989472449134, 3.409951403354423 ], [ 38.607981257366092, 3.410045247291027 ], [ 38.607938794846888, 3.410428886335282 ], [ 38.607924057697574, 3.410596849903392 ], [ 38.607915876680892, 3.410764945454251 ], [ 38.607905756814354, 3.411146732629348 ], [ 38.607901378806496, 3.411237846797296 ], [ 38.607895681764347, 3.411320387703916 ], [ 38.607882470611074, 3.411449054650321 ], [ 38.607862363331243, 3.411592133363449 ], [ 38.607839813994936, 3.411727349755004 ], [ 38.6077840811435, 3.412038765023242 ], [ 38.607760385795309, 3.412186619329036 ], [ 38.607743523568686, 3.412315841231175 ], [ 38.607732514450738, 3.412434070073474 ], [ 38.607727637443247, 3.41253690623403 ], [ 38.607727085533924, 3.412651904344851 ], [ 38.607729822687432, 3.412762629820191 ], [ 38.607740133134328, 3.413031700671313 ], [ 38.607741880292792, 3.413170594725172 ], [ 38.607740486326456, 3.413240430720678 ], [ 38.607737314320246, 3.413305820100163 ], [ 38.607732309273956, 3.413367868768578 ], [ 38.607725421187233, 3.413427161675709 ], [ 38.607714684030057, 3.413494845864641 ], [ 38.607699849795623, 3.41356883551498 ], [ 38.607680606479491, 3.413651293441009 ], [ 38.607619489460291, 3.413896009450794 ], [ 38.60760284719278, 3.413974019757091 ], [ 38.60759063000804, 3.41404429772429 ], [ 38.607581522882946, 3.414111041992663 ], [ 38.607573904790925, 3.414181048979131 ], [ 38.607562768701705, 3.414334525790623 ], [ 38.607557121717434, 3.414481051194989 ], [ 38.607549218863291, 3.414825919544793 ], [ 38.607540970846244, 3.414994828026812 ], [ 38.607496258510253, 3.415635768948948 ], [ 38.607478252342851, 3.415857753875549 ], [ 38.607459729146115, 3.416058265649242 ], [ 38.607438702896353, 3.416256214645667 ], [ 38.607415877599877, 3.41644246664963 ], [ 38.607390919252296, 3.416619728428527 ], [ 38.607363615850701, 3.416789487854808 ], [ 38.607343119531059, 3.416896479672655 ], [ 38.607316273093062, 3.417014828519541 ], [ 38.607287202607431, 3.417130199624435 ], [ 38.607210067306845, 3.417422682542098 ], [ 38.607171993678833, 3.417582729813373 ], [ 38.607154686403888, 3.417667376549909 ], [ 38.607140798193512, 3.417746955719277 ], [ 38.607130075044047, 3.417822936195158 ], [ 38.607122411954037, 3.41789607591253 ], [ 38.607108223887359, 3.418144348575911 ], [ 38.607101377815461, 3.418219408127565 ], [ 38.607092254700383, 3.418297598412043 ], [ 38.607066678333787, 3.418467390834332 ], [ 38.60703690487572, 3.418629842891638 ], [ 38.606958623642548, 3.419024298042319 ], [ 38.60693930034747, 3.419132157784796 ], [ 38.606923774120034, 3.419229656414781 ], [ 38.606826883732715, 3.419874382061905 ], [ 38.606800299367258, 3.420068342407336 ], [ 38.606778925089664, 3.420242566445125 ], [ 38.606760235870425, 3.420421398084375 ], [ 38.606746352738952, 3.420589551637645 ], [ 38.606737044693055, 3.420749832863745 ], [ 38.603614944327084, 3.422755718183729 ], [ 38.60111523743204, 3.425755053536172 ], [ 38.599115470908586, 3.427921240085846 ], [ 38.596949058904563, 3.431087204839903 ], [ 38.594949294124071, 3.434086539785105 ], [ 38.592949527601668, 3.436252726365746 ], [ 38.591949645860709, 3.437919023025499 ], [ 38.589783233711074, 3.440918358154484 ], [ 38.588116762378839, 3.443584433492479 ], [ 38.586616939418938, 3.446250508691432 ], [ 38.585450410352514, 3.449083213279487 ], [ 38.584057098062402, 3.451204732205476 ], [ 38.583938667692472, 3.451233989798036 ], [ 38.583824313409899, 3.451268622924928 ], [ 38.583714036214587, 3.451308631586152 ], [ 38.583607835106548, 3.451354013781795 ], [ 38.583505711085785, 3.451404771511859 ], [ 38.583407663152286, 3.451460903776348 ], [ 38.58331369030612, 3.451522411575088 ], [ 38.583223795547255, 3.451589292908424 ], [ 38.583185368798645, 3.451621592167294 ], [ 38.583147002054666, 3.451657601107244 ], [ 38.583108296307465, 3.451697690696875 ], [ 38.583068503542599, 3.45174263287041 ], [ 38.582997570186244, 3.451830617372966 ], [ 38.582827786951867, 3.452054768262517 ], [ 38.582778604010336, 3.452114554168949 ], [ 38.582732361120918, 3.452166133777932 ], [ 38.582626059067849, 3.452275192501346 ], [ 38.582511389846623, 3.45238549612537 ], [ 38.582387209435076, 3.45249815555557 ], [ 38.582251214788393, 3.452615263614169 ], [ 38.582124481318019, 3.45271994573226 ], [ 38.581981068519241, 3.452834710999026 ], [ 38.581386256900082, 3.453298452682811 ], [ 38.581277005763653, 3.453381165673378 ], [ 38.581029469912096, 3.453556144859627 ], [ 38.58092243681763, 3.453635594128619 ], [ 38.580865633709017, 3.453680901286265 ], [ 38.580814209707775, 3.453724751564399 ], [ 38.580767127793955, 3.453768028887715 ], [ 38.580723888957763, 3.453811200216746 ], [ 38.580674793012044, 3.453864337694538 ], [ 38.580625640068654, 3.453921371837569 ], [ 38.58057614112203, 3.453982635617427 ], [ 38.580525822163153, 3.454048715984146 ], [ 38.580475181201351, 3.454118836003892 ], [ 38.580422005194492, 3.454195945425329 ], [ 38.580296554828493, 3.454388041030487 ], [ 38.580262651191823, 3.454443112328475 ], [ 38.580229146566253, 3.454501518339539 ], [ 38.580195749946306, 3.454563763020588 ], [ 38.580161957322687, 3.45463078329155 ], [ 38.580095045097373, 3.45477421002642 ], [ 38.579966185754969, 3.455069664752507 ], [ 38.579909593721631, 3.455194245097591 ], [ 38.579846026550683, 3.455322793108193 ], [ 38.579783754391208, 3.455434900530464 ], [ 38.579743577637309, 3.455500764906618 ], [ 38.579700018816624, 3.455568366136634 ], [ 38.579600789937516, 3.455711782901714 ], [ 38.579492409875591, 3.455857851447265 ], [ 38.579273544701557, 3.456141528267424 ], [ 38.579183567987791, 3.456260693108392 ], [ 38.579092462257847, 3.456387180321145 ], [ 38.57901455278548, 3.456503125427929 ], [ 38.578937612340859, 3.456628163752389 ], [ 38.578755169930133, 3.45694129000928 ], [ 38.578701853927711, 3.457026393744166 ], [ 38.578651317972387, 3.457101330350382 ], [ 38.578598979977407, 3.457172662267883 ], [ 38.578538318818808, 3.457249424726263 ], [ 38.578472650560791, 3.457328148020846 ], [ 38.578285721974339, 3.457546568420406 ], [ 38.578229760903746, 3.457615275566845 ], [ 38.578181250978616, 3.457678171205908 ], [ 38.578108773604171, 3.457780736457746 ], [ 38.577937391368401, 3.45803935238943 ], [ 38.577887143414159, 3.458108952454007 ], [ 38.577839383502116, 3.458169554289543 ], [ 38.577809101920685, 3.458204348327065 ], [ 38.577775713276473, 3.458239327351432 ], [ 38.577738878563004, 3.458274853331968 ], [ 38.577697891766647, 3.458311608210674 ], [ 38.577618595221146, 3.458377333634573 ], [ 38.577422389389568, 3.458531616554383 ], [ 38.577371226392913, 3.458574585908283 ], [ 38.577326770529218, 3.458614564513132 ], [ 38.577281878660472, 3.458658665764099 ], [ 38.577242344899467, 3.458702023074085 ], [ 38.577207499233246, 3.458745371380692 ], [ 38.577177014655739, 3.458789124648498 ], [ 38.577140553974196, 3.458851869289829 ], [ 38.57710546732995, 3.45892504203371 ], [ 38.577074031762365, 3.459001293509901 ], [ 38.576994545340625, 3.459209212715187 ], [ 38.576968142860956, 3.459270079508747 ], [ 38.57694198137937, 3.459323236964548 ], [ 38.576878558197706, 3.459436597280938 ], [ 38.576802649772056, 3.459559466791428 ], [ 38.576719460201609, 3.459685119069467 ], [ 38.576557380134162, 3.459921441909191 ], [ 38.576478856645252, 3.460032818409671 ], [ 38.576387647908867, 3.460154421043073 ], [ 38.57629799319767, 3.4602690032783 ], [ 38.576080454040643, 3.460541698043089 ], [ 38.575972438980848, 3.460681909092765 ], [ 38.575873013092341, 3.460819234382692 ], [ 38.57578817849042, 3.46094693748625 ], [ 38.575694510730841, 3.46109813057938 ], [ 38.575611093169449, 3.461239024548187 ], [ 38.575535779766128, 3.461373250082845 ], [ 38.575467678504083, 3.461502414045857 ], [ 38.575428242778926, 3.461583580107181 ], [ 38.57538783104274, 3.461674315347139 ], [ 38.575345823283598, 3.461775513689561 ], [ 38.575226062128884, 3.462074558102153 ], [ 38.575185755397065, 3.462167779128606 ], [ 38.575147177690376, 3.462250171083911 ], [ 38.575120412195737, 3.462302428617849 ], [ 38.575088776607032, 3.462359645730101 ], [ 38.574969890381482, 3.462560193605573 ], [ 38.574924152528901, 3.462641320676088 ], [ 38.574881201736524, 3.462726729376273 ], [ 38.574848044136495, 3.462805647625194 ], [ 38.574826105750901, 3.462870624061912 ], [ 38.574805822406788, 3.46294432674743 ], [ 38.57478862312518, 3.463018366401144 ], [ 38.574747399465217, 3.463212169786 ], [ 38.574719844003006, 3.46331839468362 ], [ 38.574687464439172, 3.463420073976188 ], [ 38.574649755770373, 3.463524877005189 ], [ 38.574606338989739, 3.46363386767964 ], [ 38.57455640008282, 3.463749096823884 ], [ 38.574509393223181, 3.463850952114759 ], [ 38.574455042224479, 3.463963495493768 ], [ 38.57426135565111, 3.464348305605178 ], [ 38.574187755296784, 3.464498522764777 ], [ 38.574116739998018, 3.464652342612545 ], [ 38.574057476924914, 3.464792543619795 ], [ 38.573909848265224, 3.465157029436233 ], [ 38.5738346149177, 3.465351511794081 ], [ 38.573799495294111, 3.465448325507542 ], [ 38.573768270744345, 3.465539611692404 ], [ 38.573740397258845, 3.465626962212427 ], [ 38.573715609833016, 3.465711215995659 ], [ 38.573676047167289, 3.465861144149587 ], [ 38.573638592554126, 3.466022111352994 ], [ 38.57360254198187, 3.46619703935573 ], [ 38.573566043421231, 3.466394879390422 ], [ 38.573536634983725, 3.466570047366536 ], [ 38.573513134650184, 3.466727926822839 ], [ 38.57349454740654, 3.466875244182226 ], [ 38.573480576249032, 3.467014449234411 ], [ 38.573475906217759, 3.46708469020361 ], [ 38.573473377237299, 3.46716333844842 ], [ 38.573473169463625, 3.467419651426442 ], [ 38.573471591513915, 3.467511087571779 ], [ 38.573467041500372, 3.467598416072676 ], [ 38.573459210412437, 3.467676747349647 ], [ 38.573450982296336, 3.467732729547208 ], [ 38.573440504135185, 3.467789356691366 ], [ 38.573427753928819, 3.467846745772102 ], [ 38.573412698676627, 3.467905048776486 ], [ 38.573395316378239, 3.46796436569587 ], [ 38.573375522032286, 3.468025001504151 ], [ 38.573328283190094, 3.468151455682295 ], [ 38.573280598326157, 3.468263642086699 ], [ 38.573223110274249, 3.468387385507137 ], [ 38.573163689180269, 3.468507939203409 ], [ 38.573008017306954, 3.468815500919791 ], [ 38.572927021820846, 3.468985416394715 ], [ 38.572887378099949, 3.469075758668797 ], [ 38.572852832477707, 3.469161021374617 ], [ 38.572822751942589, 3.469242768378515 ], [ 38.572796843489435, 3.469321812610888 ], [ 38.572734821422792, 3.46953120667684 ], [ 38.572678577469205, 3.469736158119198 ], [ 38.572628043627326, 3.469936918916659 ], [ 38.572583175896526, 3.470133663053968 ], [ 38.572564680612572, 3.470234003449941 ], [ 38.572549895415285, 3.470347152742163 ], [ 38.572539228302489, 3.470461628916593 ], [ 38.572516304110628, 3.470763794976931 ], [ 38.572507067003357, 3.470852321379661 ], [ 38.57249640585853, 3.470930957633292 ], [ 38.572480667619288, 3.471019012082456 ], [ 38.572461621306573, 3.47109972516538 ], [ 38.572438894914242, 3.47117466574756 ], [ 38.572412243437853, 3.471244615762104 ], [ 38.572390088033309, 3.471293198608318 ], [ 38.572364339557026, 3.4713428803633 ], [ 38.572334736004109, 3.471394172983528 ], [ 38.572300716364246, 3.471448053385393 ], [ 38.572232021063414, 3.471547173931954 ], [ 38.57205159963339, 3.47179248202063 ], [ 38.572003714728062, 3.471863234985623 ], [ 38.571963542973798, 3.471928278434016 ], [ 38.571909881976985, 3.47202715598794 ], [ 38.571856094990935, 3.472140820271604 ], [ 38.571807554111096, 3.472254556544342 ], [ 38.571689561985295, 3.472545259676601 ], [ 38.571653837336164, 3.472627098678141 ], [ 38.571619825713036, 3.472699454492866 ], [ 38.571579255962881, 3.472778030779131 ], [ 38.571538007192515, 3.472849401684986 ], [ 38.571495313387501, 3.472914885098012 ], [ 38.571450741539884, 3.472975137962127 ], [ 38.571416588885555, 3.473015952486742 ], [ 38.571376085105349, 3.4730597807582 ], [ 38.571242022512074, 3.473192526475697 ], [ 38.571198331668484, 3.473237493652317 ], [ 38.571161656963092, 3.473278301179755 ], [ 38.571130241362184, 3.473316969886251 ], [ 38.571080797424379, 3.473386610948266 ], [ 38.571030533480446, 3.473467851014628 ], [ 38.57098592864962, 3.473547478214372 ], [ 38.570884269763923, 3.47373775895963 ], [ 38.570831106770946, 3.473829718107794 ], [ 38.570771326647112, 3.473924993976967 ], [ 38.570703815373875, 3.474028092181194 ], [ 38.570376506180523, 3.474505353477499 ], [ 38.570299603728991, 3.474621556564555 ], [ 38.570232839472979, 3.474727025564477 ], [ 38.570114483253292, 3.474921547960969 ], [ 38.570002456157084, 3.475111071781213 ], [ 38.56989624317486, 3.47529646795075 ], [ 38.56979550230011, 3.47547833541848 ], [ 38.569699869526318, 3.475657340127667 ], [ 38.569609227851032, 3.475833708058842 ], [ 38.569523405271248, 3.476007778183066 ], [ 38.569442271784553, 3.476179810478053 ], [ 38.569404292095534, 3.476268078929775 ], [ 38.569333295822581, 3.476449685393207 ], [ 38.569301787253622, 3.476525770885639 ], [ 38.569265423588114, 3.476603783216951 ], [ 38.569228603903781, 3.476671193459484 ], [ 38.56920502046043, 3.476708793250896 ], [ 38.569178661961423, 3.476746976994718 ], [ 38.569116251770723, 3.476827026174774 ], [ 38.569051265522781, 3.476901537832964 ], [ 38.568884434310654, 3.477083382363266 ], [ 38.568839694452421, 3.47713563391535 ], [ 38.568801269718421, 3.477183941800414 ], [ 38.568699547781755, 3.477319012289715 ], [ 38.568611711112617, 3.477439155048784 ], [ 38.568532532611592, 3.477551524467828 ], [ 38.5684604692497, 3.47765834035739 ], [ 38.568393642991268, 3.477762472472795 ], [ 38.568332293841024, 3.477863646837248 ], [ 38.568275960790267, 3.477962622386123 ], [ 38.568224368833945, 3.478059885077786 ], [ 38.568175631939901, 3.478162066344392 ], [ 38.568077623161059, 3.478388805955854 ], [ 38.568032068327895, 3.478487174547176 ], [ 38.567954733900791, 3.478640016487898 ], [ 38.567873213387976, 3.478791736528926 ], [ 38.56778766179233, 3.478942048694572 ], [ 38.567698245116986, 3.479090658010001 ], [ 38.567605137365014, 3.479237276499944 ], [ 38.56750852954022, 3.479381605189709 ], [ 38.567408615646166, 3.479523349104608 ], [ 38.567305600686787, 3.47966222126899 ], [ 38.567252015663975, 3.479730453456582 ], [ 38.567194130555265, 3.479799933540825 ], [ 38.567131420350556, 3.479871292468145 ], [ 38.567062874030619, 3.479945683140251 ], [ 38.566919132254888, 3.480093331588041 ], [ 38.566627604613792, 3.480379792246348 ], [ 38.566507171286055, 3.48050111793411 ], [ 38.566384867928377, 3.480631172873767 ], [ 38.566279997915025, 3.480751810606533 ], [ 38.566104050549946, 3.480968593145129 ], [ 38.565934754321212, 3.481187175523289 ], [ 38.565772502236143, 3.481407046784326 ], [ 38.565617630301197, 3.481627753966984 ], [ 38.565552867078956, 3.481725590621879 ], [ 38.565488055861358, 3.481829742734425 ], [ 38.565422503635581, 3.481941314210344 ], [ 38.565354896376768, 3.48206253985888 ], [ 38.565236364181274, 3.482287601634612 ], [ 38.56497274131651, 3.482808285149508 ], [ 38.564906181083593, 3.482934598360226 ], [ 38.564844096929484, 3.483047968678635 ], [ 38.564785429834821, 3.483150478926872 ], [ 38.564727864756456, 3.483246322746634 ], [ 38.564670665680524, 3.483336724033653 ], [ 38.564613394598823, 3.483422370729205 ], [ 38.564547570348694, 3.483513175989357 ], [ 38.564416897856603, 3.483681874617977 ], [ 38.564365039869621, 3.483751085720361 ], [ 38.56431396290224, 3.483824437466275 ], [ 38.564271528104797, 3.483892389668201 ], [ 38.564245821626642, 3.483938862699755 ], [ 38.564219758146365, 3.483991132233869 ], [ 38.564112125187762, 3.484234243449884 ], [ 38.564084583681883, 3.48429119758293 ], [ 38.564057860186097, 3.484341043325755 ], [ 38.564013338349987, 3.484412917192846 ], [ 38.563958249304733, 3.48448992762827 ], [ 38.563902305236823, 3.484561072568347 ], [ 38.563767351654192, 3.484725522566101 ], [ 38.563704418454968, 3.484807834553341 ], [ 38.563651467454214, 3.484886189871373 ], [ 38.563629101035389, 3.484923699669899 ], [ 38.563609159665212, 3.484960613517444 ], [ 38.563587244263594, 3.485007017551539 ], [ 38.563565560872902, 3.485060291995426 ], [ 38.563504924802132, 3.485233262193698 ], [ 38.563483071412342, 3.485291363223051 ], [ 38.563460998011983, 3.485342700833604 ], [ 38.563438226592062, 3.485387902971823 ], [ 38.563402935931386, 3.485447128916916 ], [ 38.563359354107007, 3.48551084048431 ], [ 38.563315239267354, 3.485569754464235 ], [ 38.563209416248384, 3.485705437906547 ], [ 38.563160459318212, 3.485772463194166 ], [ 38.562996438215087, 3.486011892778572 ], [ 38.562850370458406, 3.486232434968917 ], [ 38.562717436956987, 3.486441376143897 ], [ 38.562595770675735, 3.486641675050957 ], [ 38.562483265575281, 3.486836901385259 ], [ 38.562379987657124, 3.48702705214726 ], [ 38.562285341909998, 3.48721322924277 ], [ 38.562198957327119, 3.487396164609136 ], [ 38.562169554793037, 3.487463537849325 ], [ 38.562140712273724, 3.487534835751802 ], [ 38.562112123763868, 3.487610804252925 ], [ 38.562083225253318, 3.487692938224854 ], [ 38.562033381382818, 3.487845842137399 ], [ 38.561920787433763, 3.488210276939081 ], [ 38.561860119368241, 3.488389644588735 ], [ 38.561828160798633, 3.488474933292502 ], [ 38.5617959352182, 3.488554264508334 ], [ 38.561762942617989, 3.488628867130882 ], [ 38.561728889992565, 3.488699397104219 ], [ 38.561663957789833, 3.488822478592273 ], [ 38.561588040374204, 3.488956006193069 ], [ 38.561501352750255, 3.489100304878711 ], [ 38.561365656201843, 3.489318967222144 ], [ 38.561226796601282, 3.489550834434437 ], [ 38.561170626545639, 3.489640458788091 ], [ 38.561107120343458, 3.489732304957728 ], [ 38.561076141753041, 3.489772789508892 ], [ 38.561045155159917, 3.489810350311203 ], [ 38.5609948961919, 3.489864672691483 ], [ 38.560935076032642, 3.48992147086789 ], [ 38.560872802821109, 3.489975396293389 ], [ 38.560706356577356, 3.490113468586804 ], [ 38.560658908655199, 3.490155626009323 ], [ 38.560617820859157, 3.490194911672797 ], [ 38.560450230620582, 3.490364282279237 ], [ 38.560319351096851, 3.490502443532634 ], [ 38.56020493289725, 3.490630786614346 ], [ 38.560104507974671, 3.49075228127145 ], [ 38.560057671081587, 3.490812841112971 ], [ 38.560013749246693, 3.490872533026394 ], [ 38.55997260646739, 3.490931538996318 ], [ 38.55993415374207, 3.490989991011233 ], [ 38.559898293068883, 3.491048037058706 ], [ 38.559864991447114, 3.49110573613362 ], [ 38.559834200875876, 3.491163171228981 ], [ 38.559805886354702, 3.491220406339246 ], [ 38.559780685895838, 3.491276986502867 ], [ 38.559756921469535, 3.491337380337693 ], [ 38.559734340071302, 3.491402218789645 ], [ 38.559712498693102, 3.49147276775051 ], [ 38.559676706089085, 3.491605767360612 ], [ 38.559597526781786, 3.491931756435748 ], [ 38.559573524374834, 3.492018852977508 ], [ 38.559549485958463, 3.492096350343644 ], [ 38.559462934459553, 3.492375484449742 ], [ 38.559426461820038, 3.492484428126688 ], [ 38.559404541429529, 3.492543136104671 ], [ 38.559382382029959, 3.492597118488781 ], [ 38.559359554613486, 3.492647418189746 ], [ 38.559335819175779, 3.492694556163088 ], [ 38.559308809671101, 3.492740917206174 ], [ 38.559275014032316, 3.492790791953637 ], [ 38.559156324769589, 3.492944729841573 ], [ 38.559116979022356, 3.49299900121663 ], [ 38.559083886399826, 3.493051150768116 ], [ 38.559058051921639, 3.493100480555172 ], [ 38.559038298566406, 3.493149617353233 ], [ 38.559021122270565, 3.493206792458638 ], [ 38.559008020055842, 3.493262514685068 ], [ 38.558981214631174, 3.493392607536968 ], [ 38.558966018378406, 3.493453102355489 ], [ 38.55894920808467, 3.493504392965911 ], [ 38.558929851733438, 3.493549135141047 ], [ 38.558912520411923, 3.493581434382989 ], [ 38.558892388034046, 3.493614092596694 ], [ 38.558869246595862, 3.493647451752834 ], [ 38.558842649088994, 3.49368216179623 ], [ 38.558789512070213, 3.493744683475293 ], [ 38.558653260448324, 3.493894633722014 ], [ 38.558617908771339, 3.493937049111699 ], [ 38.558587984201282, 3.493976424757411 ], [ 38.558456728704421, 3.494152715737422 ], [ 38.55839871460612, 3.494236459598401 ], [ 38.558371239090079, 3.494280625830515 ], [ 38.558347577649364, 3.494322774232449 ], [ 38.558327302276076, 3.494363670738788 ], [ 38.558310216966561, 3.49440371431548 ], [ 38.558295233703582, 3.494448148513104 ], [ 38.558282749496655, 3.494498695183569 ], [ 38.558272623342063, 3.494554204425659 ], [ 38.558247942989446, 3.494716302527241 ], [ 38.55823724481801, 3.494766048264897 ], [ 38.558224750604673, 3.494809639532766 ], [ 38.55819739512107, 3.494886989914869 ], [ 38.558166705568858, 3.494963116405213 ], [ 38.558132985953634, 3.495037262068552 ], [ 38.558096550280972, 3.495108741963186 ], [ 38.558062419640443, 3.49516418323311 ], [ 38.558017998794242, 3.495222543261853 ], [ 38.55797152090188, 3.495275812729591 ], [ 38.557858136717762, 3.495398064334435 ], [ 38.557806338725449, 3.4954599500671 ], [ 38.557783810297259, 3.495490593456137 ], [ 38.557764302929471, 3.495520338919451 ], [ 38.557747520616303, 3.495549641418366 ], [ 38.55773331635519, 3.495578760930623 ], [ 38.557717891076869, 3.495616183730902 ], [ 38.557703739826891, 3.495656298298896 ], [ 38.557690733602776, 3.495699468603322 ], [ 38.557678652400782, 3.495746411583046 ], [ 38.557658394078757, 3.495843470266285 ], [ 38.557626482599673, 3.496027414498713 ], [ 38.557609588359362, 3.496139490889311 ], [ 38.557598632244272, 3.496257147795181 ], [ 38.557593496253169, 3.496381583113659 ], [ 38.557594080386053, 3.496515130644433 ], [ 38.557598875591573, 3.496634796363427 ], [ 38.557607778892795, 3.496768217897444 ], [ 38.557650157169761, 3.497230428165497 ], [ 38.557663720607891, 3.497410847659319 ], [ 38.556453825500711, 3.502238091237464 ], [ 38.556287179944341, 3.504237646691597 ], [ 38.556350921310433, 3.506521187555469 ], [ 38.556480577979947, 3.506570896168351 ], [ 38.556611311677571, 3.506627441193188 ], [ 38.556742493390068, 3.50669055165389 ], [ 38.556873282100362, 3.506759824585882 ], [ 38.55697197715066, 3.506817841513766 ], [ 38.557071964234019, 3.506883242806404 ], [ 38.557173874363201, 3.506956438428052 ], [ 38.557278783561031, 3.507038199311505 ], [ 38.557384946790471, 3.507126893598435 ], [ 38.557498122172248, 3.507227081892082 ], [ 38.557620933761577, 3.507340924004505 ], [ 38.557777916075615, 3.50749115196136 ], [ 38.557858696786489, 3.507574521728796 ], [ 38.557997774743662, 3.507730876176133 ], [ 38.558052132897465, 3.507789821065051 ], [ 38.558109055101632, 3.507846934108931 ], [ 38.558162866234703, 3.50789530690603 ], [ 38.558194060888859, 3.50792033072881 ], [ 38.558227896596193, 3.507945000579527 ], [ 38.558305293207802, 3.507994551253943 ], [ 38.558381869796904, 3.508037693479271 ], [ 38.55856283154688, 3.508133588079513 ], [ 38.558647063296391, 3.508182716783854 ], [ 38.558718311782414, 3.508230988573707 ], [ 38.558749740440646, 3.508255365451771 ], [ 38.558778787051168, 3.50828021529145 ], [ 38.558814998816239, 3.50831547823043 ], [ 38.558852901621762, 3.508357710569407 ], [ 38.558966715055831, 3.508501123151237 ], [ 38.559007442924162, 3.508549482961572 ], [ 38.559047558774495, 3.508591636305299 ], [ 38.559086747599473, 3.508626634264374 ], [ 38.559136711645401, 3.508664668952803 ], [ 38.559194241845184, 3.508703589558114 ], [ 38.559259773208268, 3.508743949032656 ], [ 38.559356213211139, 3.508799843144849 ], [ 38.559428052700824, 3.508839040713355 ], [ 38.559504740287345, 3.508876865395267 ], [ 38.559587040986656, 3.508913697157194 ], [ 38.559676485830195, 3.508950224938814 ], [ 38.559758823525094, 3.508981367189194 ], [ 38.559851536431559, 3.509014369270513 ], [ 38.560241599446286, 3.50914626058791 ], [ 38.560505982879569, 3.509236631585744 ], [ 38.560770773315973, 3.509321355067993 ], [ 38.561035624748278, 3.509400321044674 ], [ 38.561300213169979, 3.509473432524232 ], [ 38.561539987079293, 3.509535507974118 ], [ 38.561750266381651, 3.509586460406184 ], [ 38.56194486435939, 3.509629629520826 ], [ 38.562127856096041, 3.509665886239774 ], [ 38.562305863726699, 3.509696600439083 ], [ 38.562497804637538, 3.509725321796711 ], [ 38.562708152919747, 3.509752763247399 ], [ 38.562955499951862, 3.509781358564946 ], [ 38.563114771190207, 3.509797740012144 ], [ 38.563276529477108, 3.509812058634092 ], [ 38.563440907815107, 3.509824326429816 ], [ 38.563608068207429, 3.509834555397959 ], [ 38.563778143657046, 3.509842754537807 ], [ 38.563951390168988, 3.509848937847747 ], [ 38.564128046748046, 3.509853113326961 ], [ 38.564308414400415, 3.509855287974573 ], [ 38.56449161810842, 3.509855471790526 ], [ 38.564679251904209, 3.509853684771645 ], [ 38.564871811797836, 3.509849923917642 ], [ 38.565069981803305, 3.509844175229178 ], [ 38.565485781202369, 3.509826650352034 ], [ 38.565938864348254, 3.509800601172474 ], [ 38.566201728652857, 3.509783727379871 ], [ 38.566365007946267, 3.50977168326401 ], [ 38.566515300975631, 3.5097581102914 ], [ 38.566651022708434, 3.509742864475761 ], [ 38.566737972457183, 3.509730853427178 ], [ 38.566828288271587, 3.5097161176095 ], [ 38.566922818168656, 3.509698521033527 ], [ 38.567023158180383, 3.509677767723356 ], [ 38.567221507152944, 3.509632004470476 ], [ 38.567603785802369, 3.509536481321254 ], [ 38.567761579961314, 3.509498656424064 ], [ 38.567891444563806, 3.509470365733971 ], [ 38.567926523266728, 3.509462724357855 ], [ 38.568075338253053, 3.509434935607215 ], [ 38.568247098703786, 3.509407162834131 ], [ 38.568432709434958, 3.509379582031773 ], [ 38.568636919542065, 3.509351452259604 ], [ 38.568883733507825, 3.509319461779748 ], [ 38.569115936181461, 3.509291393976381 ], [ 38.569361376121456, 3.50926172529845 ], [ 38.569572340369838, 3.509238663084944 ], [ 38.569771667385446, 3.509218695616302 ], [ 38.569963763257171, 3.509201406924336 ], [ 38.570148483982116, 3.509186838005661 ], [ 38.570327123586409, 3.509174885867834 ], [ 38.570500525086935, 3.509165496514802 ], [ 38.570669565503209, 3.509160413795901 ], [ 38.571079188788822, 3.509156191782284 ], [ 38.571189959026931, 3.509152308013964 ], [ 38.571289673039296, 3.509146250442542 ], [ 38.571419368652627, 3.509133869386554 ], [ 38.571562389529909, 3.509115185859409 ], [ 38.571709349482923, 3.5090921727005 ], [ 38.572113283594973, 3.509023924189593 ], [ 38.572236984081883, 3.509005834629251 ], [ 38.572348286321798, 3.508992285690437 ], [ 38.572513120643727, 3.508977153838242 ], [ 38.57288143407245, 3.50895011282191 ], [ 38.573041197291282, 3.508934549011519 ], [ 38.573141071300917, 3.508921972999658 ], [ 38.573244831386681, 3.508906673218057 ], [ 38.573353420567585, 3.508888511677778 ], [ 38.573468591878836, 3.508867196402256 ], [ 38.57370159355019, 3.508819191310266 ], [ 38.574160200737467, 3.508716873674616 ], [ 38.574352109583607, 3.508675893017189 ], [ 38.574553524624008, 3.508637033169018 ], [ 38.574734978268879, 3.508607373549068 ], [ 38.575019895998231, 3.508567577704506 ], [ 38.575300849651391, 3.508532304475272 ], [ 38.57557798023133, 3.5085015368626 ], [ 38.575851403740344, 3.508475260867761 ], [ 38.576121243180793, 3.508453465491407 ], [ 38.576387563554135, 3.508436145734084 ], [ 38.576650443861908, 3.508423297595795 ], [ 38.576909947105378, 3.508414917077089 ], [ 38.577092776803802, 3.508413583023792 ], [ 38.577516283377996, 3.508418538209308 ], [ 38.577622377524087, 3.508417646188478 ], [ 38.577718343463417, 3.508414916334695 ], [ 38.577929917733712, 3.508402917170697 ], [ 38.578164714466467, 3.508382696691343 ], [ 38.578403171268263, 3.508357118668671 ], [ 38.578892441116025, 3.508299442171874 ], [ 38.579407131475477, 3.508238821904453 ], [ 38.579835657096105, 3.508183446265916 ], [ 38.580225406931255, 3.508127174739859 ], [ 38.580586222178624, 3.508068495447206 ], [ 38.580777440015787, 3.508033238299082 ], [ 38.581205111592276, 3.507948604173652 ], [ 38.581394618395812, 3.507914530925551 ], [ 38.581663515798994, 3.507873164230667 ], [ 38.581964274848637, 3.507833698343374 ], [ 38.582248057560719, 3.507800864902082 ], [ 38.582972914155597, 3.507722075002086 ], [ 38.583360680963224, 3.507679973261212 ], [ 38.583399399742817, 3.50767576958663 ], [ 38.583875657336556, 3.507628977167252 ], [ 38.584327713445681, 3.507587777289985 ], [ 38.585378264617624, 3.507495485250337 ], [ 38.585883730801967, 3.507448444825449 ], [ 38.586335047891616, 3.507402598347872 ], [ 38.586745427152685, 3.507356406937491 ], [ 38.587065577594032, 3.507316686054353 ], [ 38.587787193108625, 3.507222733459527 ], [ 38.58811200064423, 3.507183196556262 ], [ 38.588331797069038, 3.507158866443798 ], [ 38.58857242991526, 3.507134333329439 ], [ 38.589734141321614, 3.507027267456575 ], [ 38.590015683992142, 3.506999114615553 ], [ 38.590267722066166, 3.506971494755902 ], [ 38.590555178848909, 3.50693526560303 ], [ 38.590873932255711, 3.506889014282024 ], [ 38.591187345551269, 3.506839278265146 ], [ 38.591992672723215, 3.506706374938432 ], [ 38.592226812427057, 3.506669995847422 ], [ 38.592437563662919, 3.506639414279988 ], [ 38.592673990417836, 3.506608327732391 ], [ 38.592895579877819, 3.506583013702751 ], [ 38.593106481126306, 3.506563001227658 ], [ 38.593308829206478, 3.506548091322134 ], [ 38.593432893710336, 3.506541445778956 ], [ 38.593571487509401, 3.50653615410602 ], [ 38.594148969178818, 3.50652132184944 ], [ 38.594386689977448, 3.506509599637782 ], [ 38.594521348692602, 3.50649967536634 ], [ 38.59466189652462, 3.506487203308336 ], [ 38.594809798502943, 3.506472056473229 ], [ 38.59496794768593, 3.50645393988376 ], [ 38.595259858557576, 3.50641666081704 ], [ 38.5959575735858, 3.506321406356294 ], [ 38.596143463325099, 3.506297993196211 ], [ 38.596311441705765, 3.506278651702815 ], [ 38.596531857143873, 3.506255731468742 ], [ 38.596777427090537, 3.506232324253262 ], [ 38.597603185730016, 3.506160269682763 ], [ 38.597914925010237, 3.506131552862591 ], [ 38.598225821270539, 3.506099685313683 ], [ 38.598505657901704, 3.506066949867938 ], [ 38.59866598412588, 3.506045767539788 ], [ 38.598844503713785, 3.506020063583122 ], [ 38.599613972172129, 3.505901933021129 ], [ 38.599799712906098, 3.505876190061282 ], [ 38.599968469300869, 3.505855247704818 ], [ 38.600301678008769, 3.50581935648102 ], [ 38.600644539915763, 3.505787793876641 ], [ 38.600998242045861, 3.50576045189994 ], [ 38.601364500433718, 3.505737197560661 ], [ 38.601743793088865, 3.505717965863941 ], [ 38.602140901107738, 3.505702487828465 ], [ 38.604114963043727, 3.507903455004943 ], [ 38.606448027665863, 3.510569526915566 ], [ 38.609447682988048, 3.51456863575268 ], [ 38.611114157825114, 3.516901448907671 ], [ 38.613780517648223, 3.520067409609967 ], [ 38.615446994401928, 3.523399999937207 ], [ 38.61828000190377, 3.526899219892094 ], [ 38.619946476592567, 3.529065403378772 ], [ 38.621779598958121, 3.53156484710537 ], [ 38.622946132690686, 3.533897660759369 ], [ 38.624568213661391, 3.536256796737257 ], [ 38.624779255211308, 3.536563733193247 ], [ 38.62677902595015, 3.53906317578267 ], [ 38.627278968132941, 3.540229583194945 ], [ 38.628612149239665, 3.54256239671434 ], [ 38.629445387316778, 3.543895432518722 ], [ 38.631778452412505, 3.547061393606734 ], [ 38.633444921274183, 3.542895651621272 ], [ 38.634111507840224, 3.539729687766487 ], [ 38.635611329032535, 3.535230685590307 ], [ 38.636611210955316, 3.532731240239885 ], [ 38.637777740401923, 3.530398424438664 ], [ 38.638610975110282, 3.52806560895423 ], [ 38.64027744536196, 3.525399533321735 ], [ 38.641277327594686, 3.52323334739349 ], [ 38.643443742243711, 3.52306671570019 ], [ 38.643490121181436, 3.523066715657353 ], [ 38.645110214936501, 3.523066714160966 ], [ 38.646135634557567, 3.522946087571453 ], [ 38.6479432189074, 3.522733452160039 ], [ 38.650308029814383, 3.522840739763033 ], [ 38.653442579931671, 3.52256681738855 ], [ 38.656299780835951, 3.522725531120433 ], [ 38.656442232722902, 3.522733444309266 ], [ 38.658108705715151, 3.523066702152932 ], [ 38.66094171013421, 3.523233329226847 ], [ 38.662941477403649, 3.523066697687468 ], [ 38.665441186929847, 3.523066695377547 ], [ 38.667274307286576, 3.523399952066076 ], [ 38.669774017962659, 3.523566580446838 ], [ 38.670440604756095, 3.521733653229683 ], [ 38.670607251056204, 3.520567245241104 ], [ 38.670773896136858, 3.518067800733237 ], [ 38.670940541523798, 3.515901615612599 ], [ 38.671107187064116, 3.513902060187313 ], [ 38.671607127037369, 3.511569245083188 ], [ 38.671940419643789, 3.50923643014005 ], [ 38.67210706488364, 3.506903614357773 ], [ 38.67210706123862, 3.502904503867458 ], [ 38.672136574740492, 3.50060434842508 ], [ 38.6721386696343, 3.500441090447366 ], [ 38.672434119595756, 3.500430573079509 ], [ 38.672749242955945, 3.500421271589149 ], [ 38.673361309313279, 3.500407399218697 ], [ 38.674983263065798, 3.500378087246999 ], [ 38.67546618681402, 3.500365674869673 ], [ 38.675899912566031, 3.500350972734303 ], [ 38.676950418757713, 3.500309136363347 ], [ 38.677328005372509, 3.500291775507892 ], [ 38.67767068428148, 3.500273989721057 ], [ 38.678724352521719, 3.500215729758032 ], [ 38.679067348433563, 3.500194283285342 ], [ 38.679376016651631, 3.500172671858342 ], [ 38.67968557488485, 3.500148107684203 ], [ 38.679976619742391, 3.500121772679224 ], [ 38.680253712315974, 3.500093250874829 ], [ 38.680519316655079, 3.500062287290813 ], [ 38.680761564520239, 3.500029062922459 ], [ 38.681324507817955, 3.499943224779358 ], [ 38.681467543690729, 3.499923789317586 ], [ 38.68159717729624, 3.499908321527252 ], [ 38.681784191058348, 3.499889611962791 ], [ 38.681979931999315, 3.499873646154573 ], [ 38.682186416159624, 3.499860256115163 ], [ 38.682407613619404, 3.499849180863489 ], [ 38.682821037960892, 3.499835113692125 ], [ 38.683810640937125, 3.499812092760878 ], [ 38.684268174173248, 3.499801854220146 ], [ 38.685334684711599, 3.499788122420219 ], [ 38.685605743183125, 3.499781829711846 ], [ 38.685850878129031, 3.499773599193769 ], [ 38.686037705896574, 3.499765246739716 ], [ 38.686231816809233, 3.499754649471809 ], [ 38.686649353220368, 3.499726292524314 ], [ 38.687123811771919, 3.499687270440754 ], [ 38.688118750793251, 3.499596576318217 ], [ 38.688549242458301, 3.499559808081451 ], [ 38.688784296191315, 3.499541741417631 ], [ 38.689003828613338, 3.499526616515324 ], [ 38.689212217812646, 3.499514132396432 ], [ 38.689411667833681, 3.499504160069907 ], [ 38.68974182649329, 3.499491613844496 ], [ 38.690107200867203, 3.499482037331507 ], [ 38.690484220478965, 3.499475416553962 ], [ 38.691523058456347, 3.499461445800029 ], [ 38.691840625866732, 3.499454763082407 ], [ 38.692125567616429, 3.499446420537386 ], [ 38.693030818880935, 3.499417948151828 ], [ 38.693474512830164, 3.499400906208326 ], [ 38.693699224360557, 3.499390098930347 ], [ 38.693909551599255, 3.499378174761531 ], [ 38.694109327623565, 3.499364917716982 ], [ 38.694300536473357, 3.499350191806369 ], [ 38.69445735262876, 3.499335834895682 ], [ 38.694631998140331, 3.499317149340575 ], [ 38.695188968332047, 3.499249665626469 ], [ 38.695382258217194, 3.499227568347241 ], [ 38.695561727826757, 3.499209571728491 ], [ 38.695724852110473, 3.499196226725169 ], [ 38.695986513382536, 3.499180278854908 ], [ 38.69645625785266, 3.49915773436012 ], [ 38.697589645702095, 3.499103704960748 ], [ 38.698520522474446, 3.499065736367521 ], [ 38.69936721855607, 3.499039020884898 ], [ 38.699765944603122, 3.499029711318445 ], [ 38.700151780392076, 3.499023012539484 ], [ 38.700351786431739, 3.499021950446999 ], [ 38.700573179906606, 3.49902422704804 ], [ 38.700801565525126, 3.499029188411964 ], [ 38.701430257241952, 3.499046261367635 ], [ 38.701622284124369, 3.499049551908624 ], [ 38.701794532605149, 3.499050629657703 ], [ 38.701992416601392, 3.499048945620628 ], [ 38.702177028326346, 3.49904384888892 ], [ 38.702352016853688, 3.499035235468157 ], [ 38.702519225220605, 3.499023010364794 ], [ 38.702739370647393, 3.499000420103323 ], [ 38.703168580269583, 3.498946873309353 ], [ 38.703346867853071, 3.498926782871607 ], [ 38.703530492546946, 3.498909414195085 ], [ 38.703722205405839, 3.498893991343946 ], [ 38.703923820466436, 3.498880366329315 ], [ 38.704138781798086, 3.49886830516802 ], [ 38.704562966350771, 3.498850047346908 ], [ 38.705377549782312, 3.498823403887593 ], [ 38.705711220511461, 3.498810696672781 ], [ 38.706057875498672, 3.498793463834835 ], [ 38.706368728759479, 3.498772816323131 ], [ 38.706564202693812, 3.498756898511117 ], [ 38.706768347800768, 3.498738209929134 ], [ 38.706983308123512, 3.498716554592211 ], [ 38.707213327747382, 3.498691507532748 ], [ 38.707636134243167, 3.49864175541868 ], [ 38.708630274213654, 3.498518913059319 ], [ 38.709120604067898, 3.49846314939977 ], [ 38.709354178764514, 3.498439342230556 ], [ 38.70957451419693, 3.498419042772168 ], [ 38.709784934431923, 3.498401945047813 ], [ 38.709987260506146, 3.498387903068347 ], [ 38.710466168155079, 3.498360299000011 ], [ 38.710940181710193, 3.498338266457423 ], [ 38.711409299171386, 3.498321807440499 ], [ 38.711873516538546, 3.498310919949414 ], [ 38.712208720307792, 3.49830892081323 ], [ 38.712962322535382, 3.498314533638674 ], [ 38.71313812308572, 3.498313642553734 ], [ 38.713297833309205, 3.498310918640983 ], [ 38.713620089811094, 3.498302670053627 ], [ 38.713854612541056, 3.498294672525327 ], [ 38.714066589813704, 3.498284706186817 ], [ 38.714260208713526, 3.498272427063956 ], [ 38.714393051386111, 3.498260685950576 ], [ 38.714712480807428, 3.498226727574711 ], [ 38.714798458537409, 3.498219480118329 ], [ 38.71487612910196, 3.498214689458615 ], [ 38.715174729114011, 3.498193412012375 ], [ 38.71524377050563, 3.498190137230298 ], [ 38.715305331748063, 3.49818906326601 ], [ 38.715373177119893, 3.498190628069187 ], [ 38.715435862390336, 3.498195362604857 ], [ 38.71549454158292, 3.498203354864227 ], [ 38.71554979270929, 3.49821468883974 ], [ 38.715611178964416, 3.498231353351629 ], [ 38.715673609243979, 3.498251791538296 ], [ 38.715736793542163, 3.498275906408331 ], [ 38.715800372851604, 3.498303562973738 ], [ 38.715864048166083, 3.498334639245266 ], [ 38.715927262474104, 3.498368868246427 ], [ 38.715989514765319, 3.498405981000595 ], [ 38.716050228027719, 3.498445634537916 ], [ 38.716106355199955, 3.498487932852175 ], [ 38.716165143434964, 3.498540185308878 ], [ 38.7162201035949, 3.498594857561134 ], [ 38.71635692148898, 3.498738140125167 ], [ 38.716397478344028, 3.49877752870376 ], [ 38.716435178136273, 3.498811297767854 ], [ 38.71654877951584, 3.498904594647671 ], [ 38.716669804044187, 3.498996652627278 ], [ 38.716798780732425, 3.4990878786709 ], [ 38.716936574598591, 3.499178883725568 ], [ 38.717082876636283, 3.49926955280117 ], [ 38.717240997914267, 3.49936201971151 ], [ 38.717413677489461, 3.499457907314599 ], [ 38.717609277534983, 3.499561870202789 ], [ 38.717753998525936, 3.499636339671643 ], [ 38.717874956023479, 3.499695989435684 ], [ 38.717986179317094, 3.499747731888001 ], [ 38.718090466464595, 3.499792815918735 ], [ 38.718172895158212, 3.499824331135272 ], [ 38.718366061120761, 3.499891244208889 ], [ 38.718456168973837, 3.499927534008195 ], [ 38.718526941433268, 3.499960333125248 ], [ 38.718597719894902, 3.499995606029695 ], [ 38.718668373356387, 3.5000332857275 ], [ 38.718738751814307, 3.500073292225576 ], [ 38.71880872226609, 3.500115550530663 ], [ 38.718878096707726, 3.50015994965237 ], [ 38.718946701135714, 3.50020637760038 ], [ 38.719014346546047, 3.500254706386031 ], [ 38.719081856956649, 3.500306323889264 ], [ 38.719150064385659, 3.500362632988812 ], [ 38.71921942584251, 3.500424007652072 ], [ 38.719290709343497, 3.5004911288198 ], [ 38.719362695862664, 3.500562667607445 ], [ 38.719439455485762, 3.500642505677567 ], [ 38.719630267530043, 3.5008513155624 ], [ 38.719667460321233, 3.500895115765122 ], [ 38.719706688159938, 3.50094605535257 ], [ 38.719843752106804, 3.501141801409232 ], [ 38.719902292359762, 3.501219289698096 ], [ 38.719935709070697, 3.501258753276877 ], [ 38.719968495764626, 3.501293580254649 ], [ 38.720001299455376, 3.501324454571932 ], [ 38.720034466150089, 3.501351697200948 ], [ 38.72007394997275, 3.501379345789223 ], [ 38.720117432874439, 3.501405092537233 ], [ 38.720165369864702, 3.501429209421129 ], [ 38.720218700962768, 3.501452173399198 ], [ 38.72032165707585, 3.501489037137442 ], [ 38.720509503922642, 3.501546797002302 ], [ 38.720579886365158, 3.50156982595902 ], [ 38.720648358771236, 3.501595195716406 ], [ 38.720708129002077, 3.501621133433045 ], [ 38.720793443763057, 3.501662587793142 ], [ 38.72088097157183, 3.501707428860164 ], [ 38.720971263439736, 3.501755939609407 ], [ 38.721065231385545, 3.501808606998147 ], [ 38.721265602540548, 3.501927026639955 ], [ 38.721516525750751, 3.502083024006935 ], [ 38.721772096059617, 3.502244259919579 ], [ 38.721928238307498, 3.502347559901151 ], [ 38.722000993823414, 3.502398532454972 ], [ 38.722068292227704, 3.502447961146505 ], [ 38.72213117454217, 3.502496612908873 ], [ 38.722190188778129, 3.502544914704839 ], [ 38.722268367421755, 3.502615806542409 ], [ 38.722437960999514, 3.502782980024048 ], [ 38.722478962861743, 3.502820358775007 ], [ 38.722517396667598, 3.502852841948958 ], [ 38.72264387231175, 3.502951216381064 ], [ 38.722703441554302, 3.50299440661561 ], [ 38.722761207757173, 3.503034071154783 ], [ 38.722817615929642, 3.503070506972592 ], [ 38.72287268507219, 3.503103716068846 ], [ 38.722926560187751, 3.503133786435862 ], [ 38.722979337278318, 3.503160769069173 ], [ 38.723036208450324, 3.503186415813464 ], [ 38.72309548966836, 3.503209124807948 ], [ 38.723157302934844, 3.503228940048738 ], [ 38.723221814253272, 3.503245917530785 ], [ 38.72328912662568, 3.503260090251252 ], [ 38.723359593059378, 3.503271539202773 ], [ 38.72343353856084, 3.503280319380416 ], [ 38.723511472140459, 3.503286490778479 ], [ 38.723641796776697, 3.503291025268999 ], [ 38.723788356735454, 3.503289573258838 ], [ 38.723937912750372, 3.503283369654191 ], [ 38.724336037770776, 3.503261000209545 ], [ 38.724453480139339, 3.50325734741534 ], [ 38.724557634242572, 3.503256994349793 ], [ 38.72481626346881, 3.503259984854932 ], [ 38.724981078794727, 3.503256993960139 ], [ 38.725083599859346, 3.503250531421092 ], [ 38.725196958138248, 3.503238911315099 ], [ 38.725311008427937, 3.503223954495036 ], [ 38.725615674540968, 3.503179885000783 ], [ 38.725707162378463, 3.503168752873037 ], [ 38.725789475033636, 3.503160766483382 ], [ 38.725905515369845, 3.503152666072562 ], [ 38.726033420947523, 3.5031466844687 ], [ 38.7261737117772, 3.503142594690976 ], [ 38.726584059056954, 3.5031341670374 ], [ 38.72671320666057, 3.503129128351462 ], [ 38.726828840989732, 3.503122273833904 ], [ 38.727052570491971, 3.503104578148349 ], [ 38.727283502135933, 3.503082722813456 ], [ 38.727522723943387, 3.503056608836816 ], [ 38.72777196894922, 3.503026046233138 ], [ 38.727881700151457, 3.503010824439985 ], [ 38.727996108445573, 3.502992840879663 ], [ 38.728116403855928, 3.502971909567289 ], [ 38.728244979430421, 3.502947612536444 ], [ 38.728480203136911, 3.502899370464641 ], [ 38.729024978031639, 3.502781721070991 ], [ 38.729287045276656, 3.502729604307438 ], [ 38.729407253684684, 3.502708091045112 ], [ 38.729521071966282, 3.502689532534791 ], [ 38.729630094153585, 3.502673671797153 ], [ 38.729735215264405, 3.502660379842443 ], [ 38.729904400664537, 3.502642208247876 ], [ 38.730092005437619, 3.502625010552769 ], [ 38.730639848463348, 3.502583397623814 ], [ 38.73096808307303, 3.502562597108803 ], [ 38.730975600224482, 3.502562121142829 ], [ 38.731343844646219, 3.502545869200234 ], [ 38.731770466250566, 3.502533570864301 ], [ 38.732675098503464, 3.502516216522806 ], [ 38.733068113430939, 3.502506181023305 ], [ 38.733282682757157, 3.502498674470777 ], [ 38.733482881792085, 3.502489902040215 ], [ 38.733672711616208, 3.502479687743133 ], [ 38.733854183270154, 3.502467921586944 ], [ 38.734150912242846, 3.502446518152775 ], [ 38.734383961933737, 3.50242970738265 ], [ 38.734753972378314, 3.502399701620124 ], [ 38.735089093116606, 3.502367788053641 ], [ 38.735168597713894, 3.502358768755434 ], [ 38.735393984241973, 3.502333201744571 ], [ 38.735605665489736, 3.502303818074365 ], [ 38.736090197205179, 3.502228122131967 ], [ 38.736209519599655, 3.502211599441702 ], [ 38.73631786477555, 3.502198482469036 ], [ 38.73642851100022, 3.502187873278643 ], [ 38.736552119488493, 3.502179294902009 ], [ 38.73696236775595, 3.502160828111071 ], [ 38.737113818806044, 3.502151908737996 ], [ 38.737262330793037, 3.502138773729829 ], [ 38.737395725470975, 3.502121500091167 ], [ 38.737517638913346, 3.502100214807764 ], [ 38.737780534173055, 3.502046528178449 ], [ 38.737896160488575, 3.502025271898348 ], [ 38.738009333758121, 3.502008031275468 ], [ 38.738127756135825, 3.501993082450864 ], [ 38.738252551644159, 3.501980281435862 ], [ 38.738385866326283, 3.501969405247626 ], [ 38.738648708619969, 3.501954214310907 ], [ 38.739152862782255, 3.501934502540526 ], [ 38.739358800931534, 3.501924465213457 ], [ 38.739572222227508, 3.501909602294064 ], [ 38.739763170065856, 3.501890551755154 ], [ 38.739970855234638, 3.501863194914441 ], [ 38.740201876866479, 3.501826912819159 ], [ 38.740420146239146, 3.501788806892256 ], [ 38.740922023289528, 3.50169709631011 ], [ 38.741159322044247, 3.50165667156493 ], [ 38.741364939167802, 3.50162566403986 ], [ 38.741483576549705, 3.501610667219204 ], [ 38.741553187947275, 3.501601867911157 ], [ 38.741781520536215, 3.501578148738965 ], [ 38.741850035913806, 3.501571821219581 ], [ 38.74182070836963, 3.501624388730102 ], [ 38.741758561225389, 3.501745680365951 ], [ 38.741724915609879, 3.501815727378581 ], [ 38.741685348886087, 3.50189810033768 ], [ 38.741583694036834, 3.502121023278002 ], [ 38.741499125512362, 3.502321866099793 ], [ 38.741461809846058, 3.502417411925034 ], [ 38.741427632240594, 3.502510182985752 ], [ 38.741396438693201, 3.502600597246296 ], [ 38.74136813220219, 3.502688933682633 ], [ 38.741342397762345, 3.502776283201594 ], [ 38.741319480377712, 3.502861933863792 ], [ 38.741299337047728, 3.502946037656312 ], [ 38.741281941771895, 3.503028712569136 ], [ 38.74126726754978, 3.503110086591213 ], [ 38.74125530638144, 3.503190216717659 ], [ 38.741246046266454, 3.503269175942309 ], [ 38.741239481204921, 3.5033470222601 ], [ 38.741236382235321, 3.503448894510427 ], [ 38.741241464554683, 3.503686333105903 ], [ 38.741239481611771, 3.50379284495666 ], [ 38.741233508570659, 3.503879906482103 ], [ 38.741224352473075, 3.50397561026807 ], [ 38.741191710054096, 3.504238666697465 ], [ 38.741174585810434, 3.504350528102545 ], [ 38.741150647440165, 3.504474467476349 ], [ 38.741124243015896, 3.504593725254634 ], [ 38.74105548589511, 3.504886845134627 ], [ 38.741023194384418, 3.505041786852658 ], [ 38.741009207174947, 3.505121597008734 ], [ 38.740998237021955, 3.50519667856817 ], [ 38.740990093922917, 3.50526834941811 ], [ 38.740984699877032, 3.505337300499233 ], [ 38.740981701881189, 3.505408222408818 ], [ 38.740980724933671, 3.505487311614919 ], [ 38.740984941266312, 3.505758285330645 ], [ 38.740984700356819, 3.505862734357323 ], [ 38.740977861433279, 3.50609772317498 ], [ 38.740965511416015, 3.506351825355688 ], [ 38.740947418306277, 3.506631677329639 ], [ 38.740921006088591, 3.506977289661696 ], [ 38.740891005860647, 3.507390893155946 ], [ 38.740874654701592, 3.507578221077496 ], [ 38.740864112577391, 3.507675245751671 ], [ 38.740852530426153, 3.507765665994283 ], [ 38.740839691245014, 3.507851170660316 ], [ 38.740825464032135, 3.507932623675738 ], [ 38.740811246807617, 3.508001113804891 ], [ 38.740793828520907, 3.508072176715917 ], [ 38.740773025168771, 3.508146567344108 ], [ 38.740748424744417, 3.508225773562142 ], [ 38.740698830874642, 3.508369862229212 ], [ 38.740577366724409, 3.5087008249083 ], [ 38.740524865808773, 3.508858910375701 ], [ 38.740504013452835, 3.508930207269811 ], [ 38.740486259156405, 3.508998078455445 ], [ 38.7404713649154, 3.509063432854632 ], [ 38.740459214727935, 3.509126790422852 ], [ 38.740446954555729, 3.509209186355592 ], [ 38.740424421270752, 3.509395192396854 ], [ 38.740411443083531, 3.509477079373968 ], [ 38.740399794898849, 3.509532445628332 ], [ 38.740384230640629, 3.509593720378679 ], [ 38.74032731966809, 3.509786937832204 ], [ 38.740309027359423, 3.509853350143712 ], [ 38.740294531122736, 3.509914582896708 ], [ 38.740284051962341, 3.509970668088235 ], [ 38.740267507741336, 3.510094284483904 ], [ 38.740256639637749, 3.510221027605741 ], [ 38.740251524652408, 3.510350007530053 ], [ 38.740252204785129, 3.510480179346746 ], [ 38.740259105051123, 3.510618659443963 ], [ 38.740272065435491, 3.510752799908411 ], [ 38.740291020936326, 3.510881941796793 ], [ 38.740315901551845, 3.511005613149587 ], [ 38.740344747240364, 3.511121593159548 ], [ 38.740375019945951, 3.511224693274671 ], [ 38.74040773269212, 3.511318348198972 ], [ 38.740443292488216, 3.511403667836639 ], [ 38.740477295238719, 3.511473561801054 ], [ 38.740515576075609, 3.511543364769156 ], [ 38.740558009995965, 3.511612842761499 ], [ 38.740604426996271, 3.511681720801661 ], [ 38.740654676073156, 3.511749765909775 ], [ 38.740708468220475, 3.511816577120698 ], [ 38.740765516432091, 3.511881797465241 ], [ 38.740825467700475, 3.511945023978401 ], [ 38.740878908824072, 3.511993672749917 ], [ 38.741009097548805, 3.512098467627291 ], [ 38.741039038178386, 3.512125814250481 ], [ 38.741064325712934, 3.512152011976569 ], [ 38.741098388438949, 3.512193801355287 ], [ 38.741129851117016, 3.512240408322417 ], [ 38.741159049754025, 3.512292319836039 ], [ 38.741186562362813, 3.512350556807818 ], [ 38.741208092845952, 3.512403339253687 ], [ 38.741229980343029, 3.512463637053534 ], [ 38.741296676878569, 3.512669955268279 ], [ 38.741323198484146, 3.51274652566608 ], [ 38.741352529143974, 3.512820351297032 ], [ 38.741382804813973, 3.512884433764093 ], [ 38.74143057786091, 3.512974405990974 ], [ 38.741481084963858, 3.513065215143424 ], [ 38.741534368123673, 3.513156933215315 ], [ 38.741590476341578, 3.513249648198959 ], [ 38.741649447618173, 3.513343424088744 ], [ 38.741711386955785, 3.513438427870418 ], [ 38.741844598823512, 3.513632778051954 ], [ 38.742065386577302, 3.513955756103269 ], [ 38.742139394168319, 3.514061335965234 ], [ 38.74222671003897, 3.514178785795348 ], [ 38.742308620785323, 3.5142797930429 ], [ 38.742353839745519, 3.514331262579759 ], [ 38.742398749696228, 3.514379217418803 ], [ 38.742443606642901, 3.514423932536285 ], [ 38.742488589589414, 3.514465584916673 ], [ 38.742533902539805, 3.514504357544165 ], [ 38.742579615495814, 3.514540304413972 ], [ 38.742625834459474, 3.514573509518874 ], [ 38.742672643432556, 3.514604032853649 ], [ 38.742736447755966, 3.514642294507915 ], [ 38.742797126012057, 3.514676058551498 ], [ 38.742855376215424, 3.514705712950276 ], [ 38.742911502372273, 3.514731410690933 ], [ 38.742966067492311, 3.514751370925953 ], [ 38.743029291783962, 3.514767789457101 ], [ 38.743090944039565, 3.514779555389516 ], [ 38.743236614002349, 3.514802875251618 ], [ 38.743306196420761, 3.5148175419275 ], [ 38.743367723680045, 3.514836012284039 ], [ 38.743421067778002, 3.514858788278272 ], [ 38.743481558029544, 3.514891762389817 ], [ 38.743542076286239, 3.51492964407973 ], [ 38.743601852532031, 3.514971952390168 ], [ 38.743659926746744, 3.51501801038003 ], [ 38.743692091423455, 3.515047765794326 ], [ 38.743725282127009, 3.515084124640352 ], [ 38.743821437180955, 3.515206911003871 ], [ 38.743854248879437, 3.515246129604652 ], [ 38.74388473652423, 3.515278071832566 ], [ 38.743914709153728, 3.515304609525213 ], [ 38.743952171935412, 3.515332081130794 ], [ 38.743996315851803, 3.515359519732946 ], [ 38.744156693167604, 3.515444117317676 ], [ 38.744217263423209, 3.515479754200463 ], [ 38.744257560261808, 3.515506928828913 ], [ 38.74429861011803, 3.515536884217759 ], [ 38.744385127929014, 3.515606750136234 ], [ 38.744464185589443, 3.515676807045214 ], [ 38.744641890328111, 3.515841101767867 ], [ 38.744726452102789, 3.515914542381033 ], [ 38.744799966640194, 3.51597239034388 ], [ 38.744870145101764, 3.516021109094065 ], [ 38.744943079613932, 3.516064246321146 ], [ 38.745120650286104, 3.516158915024837 ], [ 38.74516547721587, 3.516185837670736 ], [ 38.745204547028898, 3.516212175372243 ], [ 38.745238698742376, 3.516238282098028 ], [ 38.745274848500415, 3.516269021424137 ], [ 38.745422540610768, 3.516408958266889 ], [ 38.745458135358149, 3.516440338538424 ], [ 38.745491178049747, 3.516466930223708 ], [ 38.745543903148061, 3.516503823005805 ], [ 38.74560578443154, 3.51654087276597 ], [ 38.745666790693186, 3.51657347890873 ], [ 38.745813126715788, 3.516647552410519 ], [ 38.745883910180993, 3.516686844969808 ], [ 38.745947156495404, 3.51672765740563 ], [ 38.746000743615681, 3.516769452765762 ], [ 38.746028071190416, 3.516794559583849 ], [ 38.746056690795079, 3.516823760049081 ], [ 38.746180034414529, 3.516964549841189 ], [ 38.746210745064147, 3.516996824040445 ], [ 38.746239602671899, 3.517024207661466 ], [ 38.746271277335758, 3.517050694356945 ], [ 38.746308439111374, 3.517078313950129 ], [ 38.746432165685057, 3.51716068476007 ], [ 38.746473879554124, 3.517189973205566 ], [ 38.746510789325875, 3.517218852690777 ], [ 38.746542156985143, 3.517247118233798 ], [ 38.746592424048352, 3.517299804661572 ], [ 38.746640900080472, 3.517357993618259 ], [ 38.746687558080829, 3.517421652106896 ], [ 38.746732367048949, 3.517490739130852 ], [ 38.746775299983966, 3.517565216693591 ], [ 38.746816320885365, 3.517645016800897 ], [ 38.746855392752252, 3.517730075458205 ], [ 38.746892483583814, 3.517820318672166 ], [ 38.746907991937498, 3.51786452186073 ], [ 38.746922187269618, 3.517914150584552 ], [ 38.746935834597927, 3.517971741624964 ], [ 38.746973214513417, 3.518147160522027 ], [ 38.746987962861503, 3.518202065792098 ], [ 38.74700395122845, 3.518250218641024 ], [ 38.747034640918528, 3.518326993017864 ], [ 38.747072067749727, 3.518409387905529 ], [ 38.747116950738352, 3.518499302140582 ], [ 38.747583927948703, 3.520442447797453 ], [ 38.747978052352472, 3.522018773033971 ], [ 38.74797805398007, 3.52379213871414 ], [ 38.748659880714357, 3.525934791048714 ], [ 38.748650584585121, 3.525998396594316 ], [ 38.749802310095582, 3.527365924071739 ], [ 38.750666105793044, 3.528733450817946 ], [ 38.75131395219698, 3.530172954584615 ], [ 38.752465679569447, 3.532476158709026 ], [ 38.753329474732233, 3.534347512193557 ], [ 38.754049303922784, 3.536146890996504 ], [ 38.754697151262825, 3.537514418955421 ], [ 38.755201032028481, 3.539241823146236 ], [ 38.75570491359575, 3.540753300882441 ], [ 38.756136811311627, 3.541832928771317 ], [ 38.756568709094317, 3.542984530481121 ], [ 38.757072590128345, 3.544999834961431 ], [ 38.757216557697554, 3.546799214322431 ], [ 38.757432508652741, 3.549606246101751 ], [ 38.758008373943049, 3.552485253375259 ], [ 38.757936394356236, 3.55558018572623 ], [ 38.757936396558605, 3.557956271735284 ], [ 38.75793639669125, 3.558099317454737 ], [ 38.776292007759295, 3.552197335017416 ], [ 38.786153650262669, 3.549462269654519 ], [ 38.806092883086421, 3.54348831106206 ], [ 38.818617889312776, 3.539745589831762 ], [ 38.834814016545785, 3.534923237961992 ], [ 38.851729973492738, 3.530388786754616 ], [ 38.859288165631682, 3.527941623969719 ], [ 38.887145504767048, 3.51880075052948 ], [ 38.90168602702952, 3.513618524407125 ], [ 38.90442137322124, 3.512610869476688 ] ] ] ] } }
]
}
